,NeuralAgentOpMe_TitF2tatAgent_rng,TitF2tatAgent
0,1.94,1.315
1,2.75,1.725
2,2.565,1.665
3,3.08,1.73
4,2.835,1.71
5,2.79,1.69
6,2.83,1.655
7,2.945,1.745
8,2.91,1.685
9,2.64,1.64
10,2.93,1.73
11,2.75,1.65
12,2.66,1.585
13,2.725,1.675
14,2.86,1.735
15,2.715,1.665
16,3.02,1.795
17,2.72,1.695
18,2.945,1.77
19,2.825,1.7
20,3.11,1.835
21,2.66,1.585
22,2.93,1.73
23,3.035,1.76
24,2.79,1.665
25,2.87,1.62
26,2.81,1.635
27,2.955,1.755
28,3.065,1.79
29,2.605,1.58
30,2.845,1.62
31,3.0,1.775
32,2.87,1.795
33,2.695,1.62
34,2.795,1.77
35,2.845,1.695
36,2.94,1.74
37,2.7,1.675
38,2.905,1.755
39,3.06,1.735
40,3.08,1.755
41,2.76,1.685
42,2.79,1.715
43,2.715,1.665
44,2.855,1.78
45,2.92,1.645
46,3.08,1.805
47,2.975,1.75
48,3.035,1.81
49,2.875,1.725
50,2.725,1.625
51,2.8,1.675
52,2.905,1.78
53,2.95,1.8
54,3.1,1.825
55,3.02,1.695
56,3.025,1.75
57,2.945,1.695
58,2.625,1.675
59,2.92,1.745
60,2.93,1.78
61,3.025,1.775
62,2.91,1.735
63,2.92,1.845
64,2.935,1.685
65,2.88,1.73
66,2.93,1.755
67,3.145,1.795
68,3.065,1.715
69,3.06,1.81
70,3.06,1.76
71,2.715,1.615
72,3.205,1.805
73,3.025,1.75
74,3.03,1.705
75,2.72,1.72
76,2.995,1.795
77,2.96,1.835
78,2.915,1.765
79,3.075,1.85
80,3.095,1.77
81,2.88,1.68
82,2.985,1.81
83,2.79,1.715
84,2.965,1.815
85,2.92,1.82
86,2.855,1.83
87,2.9,1.75
88,2.905,1.83
89,2.615,1.69
90,2.95,1.75
91,2.895,1.795
92,3.165,1.79
93,3.055,1.905
94,2.995,1.745
95,3.1,1.85
96,3.115,1.74
97,2.89,1.74
98,3.045,1.795
99,3.13,1.83
100,2.785,1.61
101,2.98,1.805
102,3.095,1.87
103,2.91,1.785
104,2.935,1.71
105,3.085,1.81
106,3.005,1.755
107,2.87,1.82
108,3.08,1.855
109,3.035,1.785
110,3.13,1.78
111,2.94,1.74
112,2.935,1.81
113,3.15,1.8
114,2.975,1.725
115,3.14,1.89
116,2.94,1.79
117,2.985,1.76
118,3.085,1.935
119,3.02,1.92
120,2.945,1.845
121,2.87,1.795
122,3.025,1.8
123,2.97,1.72
124,2.92,1.795
125,2.895,1.72
126,2.805,1.68
127,3.035,1.86
128,3.235,1.76
129,2.935,1.81
130,2.91,1.91
131,3.05,1.825
132,3.125,1.75
133,2.945,1.795
134,2.955,1.78
135,3.04,1.765
136,2.67,1.77
137,3.22,1.945
138,3.11,1.835
139,3.175,1.875
140,2.87,1.87
141,3.035,1.685
142,3.115,1.89
143,3.18,1.805
144,3.095,1.82
145,2.92,1.77
146,3.1,1.85
147,3.045,1.795
148,3.22,1.87
149,2.9,1.825
150,3.035,1.81
151,3.035,1.76
152,2.865,1.765
153,3.09,1.815
154,3.17,1.92
155,3.06,1.835
156,3.125,1.775
157,3.155,1.805
158,2.965,1.765
159,3.135,1.91
160,3.115,1.84
161,3.14,1.89
162,3.115,1.765
163,3.085,1.76
164,2.945,1.77
165,3.045,1.745
166,3.03,1.855
167,2.985,1.86
168,3.145,1.87
169,2.71,1.66
170,3.01,1.71
171,2.825,1.75
172,2.975,1.775
173,3.2,1.975
174,2.96,1.86
175,2.935,1.735
176,3.11,1.785
177,3.15,1.925
178,3.085,1.885
179,2.885,1.76
180,3.03,1.88
181,2.97,1.92
182,3.255,1.98
183,3.035,1.835
184,3.115,1.915
185,3.09,1.815
186,3.195,1.87
187,2.99,1.865
188,3.15,1.9
189,3.215,1.765
190,3.07,1.795
191,3.005,1.93
192,3.105,1.855
193,3.11,1.81
194,3.2,1.9
195,3.21,1.86
196,3.27,1.995
197,3.205,1.855
198,3.15,1.9
199,2.93,1.905
200,2.95,1.825
201,3.025,1.8
202,3.11,1.81
203,3.135,1.81
204,2.93,1.73
205,3.07,1.82
206,3.065,1.89
207,3.09,1.865
208,3.07,1.82
209,2.955,1.78
210,2.925,1.75
211,3.095,1.87
212,2.975,1.65
213,3.09,1.79
214,3.095,1.87
215,3.225,1.9
216,3.0,1.775
217,3.065,1.79
218,3.125,1.875
219,3.03,1.855
220,3.105,1.855
221,3.11,1.835
222,3.015,1.765
223,3.215,1.89
224,2.9,1.825
225,2.81,1.66
226,3.11,1.935
227,3.055,1.98
228,3.185,1.885
229,2.82,1.695
230,2.87,1.795
231,3.145,1.92
232,2.985,1.785
233,2.97,1.82
234,2.94,1.74
235,2.945,1.795
236,3.12,1.82
237,2.925,1.775
238,2.85,1.8
239,3.215,1.865
240,3.055,1.955
241,3.135,1.86
242,3.12,1.92
243,3.185,1.835
244,3.02,1.82
245,2.685,1.71
246,2.88,1.855
247,3.06,1.76
248,3.155,1.905
249,2.9,1.8
250,2.905,1.78
251,3.315,1.915
252,2.995,1.77
253,2.965,1.715
254,2.935,1.785
255,3.065,1.79
256,3.075,1.85
257,3.07,1.87
258,3.015,1.79
259,2.995,1.845
260,2.945,1.745
261,3.135,1.835
262,2.86,1.76
263,3.06,1.685
264,3.1,1.875
265,2.995,1.77
266,2.965,1.765
267,3.105,1.88
268,3.065,1.765
269,3.01,1.86
270,3.07,1.945
271,2.77,1.795
272,3.0,1.775
273,2.97,1.745
274,3.13,1.83
275,2.9,1.7
276,2.96,1.885
277,2.9,1.875
278,3.19,1.865
279,3.18,1.855
280,3.105,1.855
281,2.92,1.77
282,3.2,1.875
283,3.065,1.915
284,3.025,1.85
285,3.08,1.88
286,3.03,1.88
287,3.125,1.775
288,3.055,1.855
289,3.2,1.775
290,3.15,1.9
291,3.24,1.915
292,3.09,1.89
293,2.985,1.81
294,3.175,1.85
295,2.945,1.82
296,3.2,1.875
297,3.035,1.86
298,3.03,1.955
299,2.875,1.825
300,3.07,1.77
301,3.255,1.905
302,3.07,1.845
303,3.135,1.96
304,3.005,1.83
305,3.02,1.845
306,3.175,1.9
307,3.04,1.79
308,3.055,1.905
309,3.015,1.815
310,3.08,1.88
311,3.205,1.88
312,3.105,1.78
313,3.195,1.92
314,3.08,1.83
315,3.11,1.885
316,3.115,1.89
317,3.165,1.815
318,3.07,1.895
319,3.15,1.85
320,3.2,1.95
321,3.125,2.0
322,3.15,1.95
323,3.325,1.85
324,3.01,1.86
325,3.075,1.9
326,3.135,1.91
327,3.04,1.915
328,3.35,1.875
329,3.01,1.735
330,2.995,1.82
331,3.25,1.85
332,3.03,1.98
333,3.015,1.865
334,3.265,1.79
335,3.235,1.935
336,3.14,1.74
337,3.215,1.915
338,3.125,1.85
339,2.935,1.835
340,3.08,1.93
341,2.92,1.845
342,3.125,1.9
343,2.79,1.74
344,3.13,1.855
345,3.105,1.88
346,3.09,1.865
347,3.115,1.865
348,3.025,1.9
349,3.035,1.91
350,3.115,1.915
351,3.075,1.8
352,3.085,1.81
353,3.28,1.855
354,3.04,1.79
355,3.155,1.83
356,3.275,1.9
357,3.0,1.775
358,3.005,1.78
359,3.12,1.845
360,2.905,1.705
361,3.165,1.74
362,3.105,1.83
363,2.91,1.885
364,2.955,1.83
365,3.085,1.885
366,2.855,1.755
367,3.16,2.01
368,3.155,1.855
369,3.045,1.82
370,2.885,1.735
371,3.025,1.825
372,3.11,1.835
373,3.18,1.805
374,3.085,1.81
375,3.085,1.81
376,2.91,1.76
377,3.085,1.785
378,3.115,1.84
379,3.1,1.9
380,3.215,1.94
381,3.09,1.915
382,3.025,1.825
383,3.125,1.875
384,3.24,1.915
385,3.045,1.82
386,2.985,1.785
387,3.295,1.92
388,3.145,1.945
389,3.145,1.87
390,2.955,1.78
391,3.135,1.785
392,3.24,1.915
393,3.05,1.85
394,3.28,1.93
395,3.11,1.835
396,2.995,1.845
397,3.115,1.865
398,3.01,1.785
399,3.065,1.89
400,3.2,1.9
401,3.22,1.92
402,2.98,1.805
403,2.84,1.84
404,3.14,1.84
405,3.245,1.945
406,3.175,1.85
407,2.975,1.825
408,3.135,1.835
409,3.26,2.01
410,2.95,1.775
411,3.255,1.88
412,3.19,1.89
413,3.28,1.955
414,3.225,1.8
415,3.2,1.875
416,3.13,1.83
417,3.085,1.91
418,3.245,1.87
419,3.13,1.88
420,3.23,1.98
421,3.3,1.925
422,3.2,1.925
423,2.975,1.8
424,3.125,1.9
425,3.12,1.87
426,3.015,1.94
427,3.075,1.95
428,3.1,1.875
429,3.16,1.91
430,3.145,1.87
431,3.09,1.865
432,3.145,1.82
433,3.06,1.86
434,3.21,1.81
435,3.04,1.89
436,3.09,1.865
437,3.35,1.925
438,2.965,1.74
439,3.225,1.925
440,3.055,1.805
441,2.99,1.79
442,3.17,1.845
443,3.125,1.925
444,3.06,1.86
445,3.025,1.725
446,3.14,1.765
447,2.975,1.825
448,3.075,1.85
449,3.16,1.885
450,2.995,1.77
451,3.24,1.915
452,2.99,1.865
453,3.2,2.05
454,3.215,1.94
455,3.09,1.915
456,3.03,1.93
457,3.0,1.875
458,3.115,1.815
459,3.135,1.76
460,3.11,1.76
461,3.025,1.85
462,3.1,1.925
463,3.095,1.77
464,3.17,1.895
465,3.11,1.81
466,3.125,1.9
467,3.155,1.905
468,3.095,1.795
469,3.12,1.845
470,3.23,1.905
471,3.12,1.87
472,3.23,2.03
473,3.05,1.85
474,3.125,1.825
475,3.29,1.915
476,3.05,1.75
477,2.915,1.79
478,2.94,1.765
479,2.895,1.845
480,3.09,1.865
481,3.13,1.88
482,3.155,1.93
483,3.11,1.81
484,3.33,1.93
485,3.14,1.94
486,2.995,1.845
487,2.965,1.865
488,3.035,1.76
489,3.09,1.89
490,3.24,1.965
491,3.175,1.8
492,3.065,1.865
493,3.12,1.845
494,3.16,1.885
495,2.955,1.83
496,3.195,1.87
497,3.12,1.97
498,3.07,1.92
499,3.275,1.9
500,3.095,1.92
501,3.0,1.875
502,3.155,1.93
503,3.215,1.865
504,3.25,1.975
505,3.16,1.985
506,3.12,1.87
507,3.03,1.905
508,3.16,1.86
509,3.05,1.95
510,3.315,1.99
511,3.145,1.97
512,3.17,1.845
513,3.18,2.005
514,3.02,1.795
515,3.325,1.975
516,3.195,1.92
517,3.135,1.885
518,3.02,1.82
519,3.08,1.905
520,3.095,1.87
521,3.115,1.89
522,3.085,1.86
523,3.055,1.955
524,3.335,1.86
525,3.315,2.015
526,3.24,1.94
527,3.17,1.82
528,3.25,1.875
529,3.025,1.8
530,3.195,1.87
531,3.185,1.985
532,3.06,1.935
533,3.05,1.925
534,2.99,1.815
535,3.175,1.85
536,3.28,2.005
537,3.27,1.895
538,3.35,1.975
539,3.3,1.95
540,3.15,1.875
541,3.155,1.98
542,3.04,1.89
543,3.195,1.97
544,3.17,1.92
545,3.155,1.93
546,3.095,1.995
547,3.2,1.875
548,3.365,1.94
549,3.21,1.86
550,3.21,1.86
551,3.265,1.84
552,3.21,1.935
553,3.275,1.975
554,3.2,1.9
555,3.205,1.93
556,2.895,1.895
557,3.255,1.98
558,3.27,1.97
559,3.17,2.02
560,3.18,1.93
561,3.08,1.88
562,3.33,2.005
563,3.12,1.895
564,3.105,1.83
565,3.3,2.025
566,2.89,1.74
567,3.17,1.87
568,3.225,1.925
569,3.27,1.87
570,3.22,1.97
571,3.35,1.9
572,3.1,1.95
573,3.0,1.85
574,3.24,1.94
575,3.4,1.9
576,3.22,1.82
577,3.26,1.91
578,3.26,1.935
579,3.14,1.915
580,3.195,1.895
581,3.3,1.9
582,3.3,1.925
583,3.285,2.06
584,3.28,1.955
585,3.05,1.85
586,3.08,1.93
587,3.195,2.02
588,3.2,1.95
589,3.095,1.845
590,3.17,1.845
591,3.1,1.8
592,3.16,1.96
593,3.145,1.845
594,3.285,1.96
595,3.305,1.955
596,3.18,2.055
597,3.335,2.035
598,3.245,1.92
599,3.265,1.99
600,3.25,1.95
601,3.38,1.955
602,3.13,1.905
603,3.24,1.94
604,3.345,2.02
605,3.235,1.96
606,3.24,2.015
607,3.205,2.055
608,3.215,2.115
609,3.31,1.935
610,3.17,1.845
611,3.185,2.01
612,3.31,1.985
613,3.25,1.9
614,3.265,1.89
615,3.395,1.995
616,3.24,1.89
617,3.2,1.875
618,3.075,1.875
619,3.175,1.95
620,3.195,1.895
621,3.225,1.85
622,3.275,1.925
623,3.35,2.05
624,3.22,1.945
625,3.285,2.035
626,3.215,2.015
627,3.17,1.995
628,3.195,1.995
629,3.285,2.035
630,3.235,1.935
631,3.235,1.96
632,3.2,2.0
633,3.04,1.89
634,3.42,1.97
635,3.155,1.905
636,3.34,1.965
637,3.34,1.965
638,3.23,1.93
639,3.11,2.035
640,3.28,2.03
641,3.355,1.93
642,3.315,2.065
643,3.28,1.93
644,3.355,2.03
645,3.34,1.965
646,3.37,1.945
647,3.26,1.885
648,3.395,2.045
649,3.3,1.975
650,3.32,1.97
651,3.305,1.955
652,3.35,1.975
653,3.25,1.975
654,3.42,2.12
655,3.235,2.11
656,3.395,2.045
657,3.34,2.065
658,3.255,2.08
659,3.23,2.055
660,3.34,1.915
661,3.325,2.05
662,3.395,2.02
663,3.245,1.97
664,3.23,1.93
665,3.395,2.07
666,3.355,2.08
667,3.39,2.09
668,3.33,2.08
669,3.13,1.93
670,3.245,1.995
671,3.445,1.97
672,3.32,2.12
673,3.33,2.18
674,3.44,2.065
675,3.42,1.97
676,3.395,2.045
677,3.33,2.005
678,3.41,2.16
679,3.325,2.125
680,3.195,1.945
681,3.295,2.02
682,3.41,2.085
683,3.395,1.97
684,3.4,2.0
685,3.29,2.215
686,3.4,2.125
687,3.43,1.98
688,3.29,1.94
689,3.335,2.06
690,3.28,2.055
691,3.355,2.18
692,3.38,2.105
693,3.26,2.01
694,3.385,2.01
695,3.185,1.985
696,3.35,2.05
697,3.205,1.93
698,3.355,2.13
699,3.35,2.05
700,3.35,2.05
701,3.32,1.97
702,3.445,2.045
703,3.39,2.14
704,3.36,2.06
705,3.4,2.125
706,3.375,2.1
707,3.375,2.175
708,3.38,2.105
709,3.32,2.145
710,3.3,2.1
711,3.21,1.96
712,3.405,2.105
713,3.32,2.145
714,3.37,2.12
715,3.285,2.11
716,3.39,2.19
717,3.41,2.135
718,3.37,1.97
719,3.295,1.995
720,3.38,2.105
721,3.45,2.15
722,3.32,2.02
723,3.395,2.02
724,3.245,2.045
725,3.19,2.115
726,3.34,2.14
727,3.435,2.085
728,3.405,2.105
729,3.325,2.05
730,3.395,2.095
731,3.445,2.12
732,3.29,2.065
733,3.42,2.12
734,3.415,2.115
735,3.4,2.05
736,3.36,2.16
737,3.34,2.115
738,3.475,2.075
739,3.385,2.185
740,3.275,2.15
741,3.395,2.07
742,3.39,2.24
743,3.385,1.985
744,3.375,2.175
745,3.425,2.1
746,3.425,2.125
747,3.255,2.08
748,3.365,2.24
749,3.385,2.135
750,3.26,2.06
751,3.45,2.025
752,3.41,2.085
753,3.405,2.105
754,3.445,2.17
755,3.23,2.13
756,3.39,2.14
757,3.435,2.085
758,3.345,2.145
759,3.43,2.155
760,3.375,2.175
761,3.385,2.06
762,3.41,2.035
763,3.375,2.075
764,3.32,2.17
765,3.335,2.21
766,3.38,2.205
767,3.405,2.13
768,3.44,2.09
769,3.375,2.25
770,3.46,2.11
771,3.35,2.125
772,3.455,2.18
773,3.45,2.175
774,3.475,2.175
775,3.33,2.205
776,3.45,2.175
777,3.37,2.195
778,3.395,2.17
779,3.355,2.255
780,3.435,2.135
781,3.36,2.26
782,3.41,2.16
783,3.395,2.195
784,3.395,2.245
785,3.435,2.135
786,3.365,2.14
787,3.37,2.245
788,3.395,2.245
789,3.46,2.16
790,3.435,2.185
791,3.405,2.18
792,3.48,2.13
793,3.455,2.23
794,3.49,2.19
795,3.51,2.135
796,3.495,2.12
797,3.43,2.23
798,3.45,2.2
799,3.45,2.2
800,3.435,2.11
801,3.38,2.305
802,3.455,2.205
803,3.455,2.18
804,3.495,2.12
805,3.415,2.215
806,3.415,2.165
807,3.415,2.215
808,3.43,2.23
809,3.435,2.16
810,3.405,2.305
811,3.355,2.305
812,3.44,2.24
813,3.44,2.165
814,3.44,2.14
815,3.355,2.28
816,3.485,2.185
817,3.405,2.205
818,3.49,2.165
819,3.42,2.245
820,3.46,2.21
821,3.46,2.21
822,3.445,2.22
823,3.45,2.225
824,3.53,2.08
825,3.47,2.195
826,3.475,2.225
827,3.415,2.29
828,3.4,2.225
829,3.43,2.205
830,3.405,2.23
831,3.42,2.32
832,3.365,2.34
833,3.385,2.285
834,3.425,2.3
835,3.395,2.295
836,3.42,2.32
837,3.42,2.295
838,3.43,2.255
839,3.45,2.25
840,3.39,2.34
841,3.43,2.305
842,3.45,2.275
843,3.405,2.305
844,3.405,2.255
845,3.43,2.33
846,3.4,2.4
847,3.38,2.33
848,3.4,2.325
849,3.425,2.275
850,3.415,2.315
851,3.44,2.315
852,3.4,2.35
853,3.39,2.29
854,3.405,2.355
855,3.455,2.28
856,3.43,2.305
857,3.43,2.255
858,3.4,2.35
859,3.335,2.36
860,3.37,2.345
861,3.375,2.375
862,3.385,2.385
863,3.4,2.375
864,3.365,2.34
865,3.39,2.34
866,3.445,2.32
867,3.43,2.33
868,3.41,2.31
869,3.42,2.32
870,3.38,2.305
871,3.425,2.35
872,3.41,2.31
873,3.355,2.38
874,3.45,2.325
875,3.345,2.345
876,3.42,2.345
877,3.43,2.33
878,3.345,2.445
879,3.4,2.35
880,3.405,2.38
881,3.385,2.36
882,3.385,2.36
883,3.415,2.365
884,3.405,2.355
885,3.355,2.43
886,3.43,2.33
887,3.41,2.36
888,3.3,2.475
889,3.445,2.32
890,3.35,2.475
891,3.38,2.38
892,3.365,2.39
893,3.4,2.4
894,3.385,2.41
895,3.37,2.445
896,3.405,2.38
897,3.425,2.35
898,3.415,2.34
899,3.4,2.35
900,3.365,2.44
901,3.345,2.445
902,3.375,2.4
903,3.385,2.36
904,3.435,2.335
905,3.39,2.39
906,3.405,2.38
907,3.38,2.405
908,3.405,2.355
909,3.37,2.42
910,3.36,2.41
911,3.34,2.49
912,3.35,2.45
913,3.405,2.38
914,3.365,2.415
915,3.34,2.49
916,3.325,2.475
917,3.365,2.44
918,3.305,2.53
919,3.365,2.39
920,3.35,2.45
921,3.395,2.395
922,3.385,2.41
923,3.37,2.445
924,3.425,2.35
925,3.37,2.445
926,3.39,2.415
927,3.4,2.375
928,3.34,2.465
929,3.33,2.505
930,3.37,2.42
931,3.31,2.535
932,3.34,2.49
933,3.37,2.395
934,3.32,2.52
935,3.315,2.515
936,3.38,2.43
937,3.355,2.43
938,3.34,2.44
939,3.295,2.545
940,3.285,2.56
941,3.305,2.53
942,3.33,2.505
943,3.385,2.41
944,3.365,2.44
945,3.37,2.42
946,3.3,2.525
947,3.325,2.5
948,3.34,2.465
949,3.36,2.46
950,3.36,2.435
951,3.36,2.46
952,3.355,2.455
953,3.31,2.535
954,3.32,2.52
955,3.31,2.51
956,3.325,2.5
957,3.34,2.49
958,3.39,2.415
959,3.29,2.565
960,3.335,2.485
961,3.32,2.47
962,3.275,2.575
963,3.33,2.505
964,3.315,2.515
965,3.33,2.48
966,3.35,2.475
967,3.345,2.445
968,3.365,2.44
969,3.345,2.47
970,3.35,2.475
971,3.28,2.58
972,3.3,2.55
973,3.27,2.595
974,3.34,2.49
975,3.37,2.42
976,3.395,2.395
977,3.27,2.595
978,3.26,2.61
979,3.325,2.5
980,3.285,2.535
981,3.32,2.52
982,3.33,2.505
983,3.32,2.52
984,3.325,2.5
985,3.34,2.49
986,3.31,2.535
987,3.305,2.505
988,3.34,2.49
989,3.28,2.58
990,3.28,2.58
991,3.305,2.53
992,3.42,2.37
993,3.28,2.58
994,3.385,2.41
995,3.31,2.535
996,3.265,2.59
997,3.33,2.505
998,3.34,2.49
999,3.335,2.485
1000,3.31,2.535
1001,3.29,2.565
1002,3.36,2.46
1003,3.38,2.43
1004,3.24,2.64
1005,3.35,2.475
1006,3.29,2.565
1007,3.28,2.58
1008,3.31,2.535
1009,3.3,2.55
1010,3.37,2.445
1011,3.31,2.535
1012,3.28,2.58
1013,3.305,2.53
1014,3.335,2.485
1015,3.345,2.47
1016,3.285,2.56
1017,3.3,2.55
1018,3.26,2.61
1019,3.305,2.53
1020,3.28,2.58
1021,3.25,2.625
1022,3.235,2.635
1023,3.305,2.53
1024,3.37,2.445
1025,3.32,2.52
1026,3.32,2.52
1027,3.31,2.535
1028,3.27,2.595
1029,3.35,2.475
1030,3.295,2.545
1031,3.22,2.67
1032,3.28,2.58
1033,3.21,2.685
1034,3.28,2.58
1035,3.235,2.635
1036,3.34,2.465
1037,3.27,2.595
1038,3.28,2.58
1039,3.245,2.62
1040,3.245,2.62
1041,3.275,2.55
1042,3.305,2.53
1043,3.32,2.52
1044,3.36,2.46
1045,3.28,2.58
1046,3.285,2.56
1047,3.32,2.52
1048,3.27,2.595
1049,3.31,2.535
1050,3.32,2.52
1051,3.28,2.58
1052,3.31,2.535
1053,3.24,2.64
1054,3.17,2.745
1055,3.26,2.61
1056,3.24,2.64
1057,3.235,2.635
1058,3.325,2.5
1059,3.3,2.55
1060,3.24,2.64
1061,3.275,2.575
1062,3.29,2.565
1063,3.21,2.66
1064,3.27,2.595
1065,3.24,2.64
1066,3.3,2.55
1067,3.23,2.655
1068,3.23,2.655
1069,3.27,2.595
1070,3.26,2.61
1071,3.2,2.7
1072,3.275,2.575
1073,3.25,2.625
1074,3.28,2.58
1075,3.26,2.61
1076,3.24,2.64
1077,3.29,2.565
1078,3.265,2.59
1079,3.33,2.505
1080,3.27,2.595
1081,3.225,2.6
1082,3.28,2.58
1083,3.24,2.64
1084,3.17,2.745
1085,3.22,2.67
1086,3.3,2.55
1087,3.24,2.64
1088,3.285,2.56
1089,3.24,2.64
1090,3.26,2.61
1091,3.245,2.62
1092,3.235,2.635
1093,3.25,2.625
1094,3.325,2.5
1095,3.25,2.625
1096,3.24,2.64
1097,3.27,2.595
1098,3.24,2.64
1099,3.295,2.545
1100,3.24,2.64
1101,3.195,2.645
1102,3.27,2.595
1103,3.305,2.53
1104,3.2,2.7
1105,3.205,2.68
1106,3.245,2.62
1107,3.225,2.65
1108,3.29,2.565
1109,3.31,2.535
1110,3.25,2.625
1111,3.26,2.61
1112,3.25,2.625
1113,3.205,2.655
1114,3.24,2.64
1115,3.295,2.545
1116,3.28,2.58
1117,3.24,2.64
1118,3.22,2.67
1119,3.265,2.59
1120,3.23,2.63
1121,3.255,2.605
1122,3.195,2.695
1123,3.23,2.655
1124,3.26,2.61
1125,3.31,2.535
1126,3.235,2.635
1127,3.2,2.7
1128,3.21,2.685
1129,3.22,2.67
1130,3.25,2.625
1131,3.21,2.685
1132,3.27,2.595
1133,3.29,2.565
1134,3.305,2.53
1135,3.22,2.67
1136,3.255,2.605
1137,3.29,2.565
1138,3.21,2.685
1139,3.22,2.67
1140,3.225,2.65
1141,3.25,2.625
1142,3.275,2.575
1143,3.24,2.64
1144,3.24,2.64
1145,3.29,2.565
1146,3.24,2.64
1147,3.22,2.67
1148,3.28,2.58
1149,3.24,2.64
1150,3.235,2.635
1151,3.26,2.61
1152,3.205,2.63
1153,3.27,2.595
1154,3.31,2.535
1155,3.225,2.65
1156,3.22,2.67
1157,3.23,2.655
1158,3.26,2.61
1159,3.27,2.595
1160,3.23,2.655
1161,3.28,2.58
1162,3.24,2.64
1163,3.25,2.625
1164,3.24,2.64
1165,3.28,2.58
1166,3.23,2.655
1167,3.3,2.55
1168,3.25,2.625
1169,3.29,2.565
1170,3.22,2.67
1171,3.23,2.655
1172,3.23,2.655
1173,3.275,2.575
1174,3.24,2.64
1175,3.255,2.605
1176,3.24,2.64
1177,3.2,2.7
1178,3.19,2.715
1179,3.25,2.625
1180,3.23,2.655
1181,3.315,2.515
1182,3.225,2.65
1183,3.3,2.55
1184,3.33,2.505
1185,3.275,2.575
1186,3.19,2.715
1187,3.21,2.685
1188,3.225,2.65
1189,3.21,2.685
1190,3.2,2.7
1191,3.24,2.64
1192,3.21,2.685
1193,3.21,2.685
1194,3.21,2.685
1195,3.22,2.67
1196,3.21,2.685
1197,3.21,2.685
1198,3.2,2.7
1199,3.21,2.685
1200,3.18,2.73
1201,3.2,2.7
1202,3.27,2.57
1203,3.14,2.79
1204,3.28,2.58
1205,3.23,2.655
1206,3.24,2.64
1207,3.26,2.61
1208,3.15,2.775
1209,3.195,2.695
1210,3.24,2.64
1211,3.2,2.7
1212,3.2,2.7
1213,3.215,2.665
1214,3.215,2.665
1215,3.175,2.65
1216,3.22,2.67
1217,3.19,2.715
1218,3.28,2.58
1219,3.175,2.725
1220,3.26,2.61
1221,3.16,2.76
1222,3.19,2.715
1223,3.185,2.71
1224,3.2,2.7
1225,3.2,2.7
1226,3.235,2.635
1227,3.17,2.745
1228,3.17,2.745
1229,3.285,2.535
1230,3.2,2.7
1231,3.24,2.64
1232,3.225,2.65
1233,3.24,2.64
1234,3.18,2.73
1235,3.155,2.73
1236,3.28,2.58
1237,3.26,2.61
1238,3.215,2.64
1239,3.185,2.71
1240,3.23,2.655
1241,3.215,2.665
1242,3.13,2.805
1243,3.225,2.65
1244,3.21,2.685
1245,3.175,2.725
1246,3.25,2.625
1247,3.265,2.59
1248,3.15,2.775
1249,3.26,2.61
1250,3.23,2.655
1251,3.185,2.71
1252,3.21,2.685
1253,3.22,2.67
1254,3.125,2.8
1255,3.26,2.61
1256,3.19,2.715
1257,3.23,2.655
1258,3.22,2.67
1259,3.17,2.745
1260,3.165,2.74
1261,3.235,2.635
1262,3.125,2.8
1263,3.28,2.58
1264,3.125,2.8
1265,3.22,2.67
1266,3.21,2.685
1267,3.22,2.67
1268,3.2,2.7
1269,3.19,2.715
1270,3.205,2.68
1271,3.17,2.745
1272,3.175,2.725
1273,3.18,2.73
1274,3.14,2.79
1275,3.18,2.73
1276,3.19,2.715
1277,3.11,2.835
1278,3.17,2.745
1279,3.26,2.61
1280,3.21,2.685
1281,3.135,2.785
1282,3.145,2.745
1283,3.225,2.65
1284,3.155,2.755
1285,3.12,2.82
1286,3.2,2.7
1287,3.14,2.79
1288,3.205,2.68
1289,3.17,2.745
1290,3.19,2.715
1291,3.215,2.665
1292,3.135,2.785
1293,3.26,2.61
1294,3.2,2.7
1295,3.24,2.64
1296,3.21,2.685
1297,3.19,2.715
1298,3.23,2.655
1299,3.195,2.695
1300,3.21,2.685
1301,3.24,2.64
1302,3.155,2.755
1303,3.17,2.745
1304,3.16,2.76
1305,3.16,2.76
1306,3.22,2.67
1307,3.165,2.715
1308,3.235,2.635
1309,3.15,2.775
1310,3.19,2.715
1311,3.16,2.76
1312,3.15,2.775
1313,3.25,2.625
1314,3.225,2.65
1315,3.13,2.805
1316,3.17,2.745
1317,3.16,2.76
1318,3.21,2.685
1319,3.13,2.805
1320,3.23,2.655
1321,3.185,2.71
1322,3.145,2.77
1323,3.23,2.655
1324,3.08,2.88
1325,3.17,2.745
1326,3.16,2.76
1327,3.15,2.775
1328,3.25,2.625
1329,3.13,2.805
1330,3.18,2.73
1331,3.215,2.665
1332,3.165,2.715
1333,3.18,2.73
1334,3.155,2.755
1335,3.2,2.7
1336,3.175,2.725
1337,3.215,2.64
1338,3.19,2.715
1339,3.17,2.745
1340,3.18,2.73
1341,3.16,2.76
1342,3.13,2.805
1343,3.14,2.79
1344,3.175,2.725
1345,3.095,2.845
1346,3.16,2.76
1347,3.18,2.73
1348,3.15,2.775
1349,3.125,2.8
1350,3.14,2.79
1351,3.185,2.71
1352,3.22,2.67
1353,3.22,2.67
1354,3.095,2.845
1355,3.175,2.725
1356,3.125,2.75
1357,3.185,2.66
1358,3.19,2.715
1359,3.19,2.715
1360,3.195,2.695
1361,3.125,2.775
1362,3.17,2.745
1363,3.155,2.755
1364,3.21,2.685
1365,3.17,2.745
1366,3.145,2.77
1367,3.145,2.77
1368,3.145,2.77
1369,3.195,2.695
1370,3.195,2.67
1371,3.135,2.785
1372,3.1,2.85
1373,3.115,2.69
1374,3.185,2.71
1375,3.19,2.715
1376,3.16,2.735
1377,3.16,2.76
1378,3.19,2.715
1379,3.185,2.71
1380,3.095,2.82
1381,3.175,2.725
1382,3.165,2.74
1383,3.165,2.715
1384,3.11,2.835
1385,3.13,2.805
1386,3.17,2.745
1387,3.15,2.775
1388,3.14,2.79
1389,3.13,2.78
1390,3.125,2.8
1391,3.15,2.775
1392,3.19,2.715
1393,3.11,2.835
1394,3.175,2.725
1395,3.1,2.85
1396,3.18,2.73
1397,3.19,2.715
1398,3.135,2.785
1399,3.13,2.805
1400,3.195,2.695
1401,3.12,2.82
1402,3.16,2.76
1403,3.245,2.62
1404,3.11,2.835
1405,3.16,2.76
1406,3.18,2.705
1407,3.14,2.79
1408,3.155,2.755
1409,3.125,2.775
1410,3.145,2.77
1411,3.145,2.745
1412,3.15,2.775
1413,3.125,2.8
1414,3.13,2.805
1415,3.185,2.71
1416,3.17,2.745
1417,3.165,2.74
1418,3.18,2.73
1419,3.145,2.77
1420,3.14,2.79
1421,3.13,2.805
1422,3.145,2.72
1423,3.18,2.73
1424,3.13,2.805
1425,3.2,2.7
1426,3.125,2.8
1427,3.19,2.715
1428,3.185,2.71
1429,3.2,2.7
1430,3.075,2.85
1431,3.165,2.74
1432,3.19,2.715
1433,3.125,2.8
1434,3.195,2.695
1435,3.21,2.66
1436,3.165,2.715
1437,3.21,2.685
1438,3.205,2.68
1439,3.125,2.8
1440,3.22,2.67
1441,3.195,2.67
1442,3.24,2.64
1443,3.19,2.715
1444,3.185,2.71
1445,3.17,2.695
1446,3.15,2.775
1447,3.19,2.715
1448,3.155,2.755
1449,3.145,2.77
1450,3.165,2.715
1451,3.25,2.625
1452,3.14,2.79
1453,3.195,2.695
1454,3.185,2.71
1455,3.155,2.755
1456,3.205,2.68
1457,3.095,2.82
1458,3.235,2.635
1459,3.11,2.785
1460,3.105,2.83
1461,3.155,2.755
1462,3.155,2.755
1463,3.18,2.73
1464,3.15,2.775
1465,3.13,2.805
1466,3.195,2.67
1467,3.19,2.715
1468,3.17,2.745
1469,3.085,2.835
1470,3.065,2.69
1471,3.115,2.815
1472,3.17,2.745
1473,3.12,2.82
1474,3.145,2.77
1475,3.19,2.715
1476,3.075,2.875
1477,3.16,2.76
1478,3.1,2.85
1479,3.15,2.775
1480,3.19,2.715
1481,3.15,2.75
1482,3.07,2.895
1483,3.135,2.785
1484,3.06,2.91
1485,3.2,2.7
1486,3.13,2.805
1487,3.15,2.775
1488,3.16,2.76
1489,3.19,2.715
1490,3.19,2.715
1491,3.12,2.82
1492,3.18,2.68
1493,3.08,2.88
1494,3.16,2.76
1495,3.165,2.74
1496,3.13,2.805
1497,3.16,2.76
1498,3.145,2.77
1499,3.15,2.775
1500,3.12,2.82
1501,3.11,2.835
1502,3.21,2.685
1503,3.165,2.74
1504,3.185,2.71
1505,3.14,2.79
1506,3.165,2.715
1507,3.15,2.775
1508,3.13,2.805
1509,3.105,2.83
1510,3.17,2.745
1511,3.045,2.87
1512,3.155,2.73
1513,3.095,2.845
1514,3.135,2.76
1515,3.1,2.8
1516,3.185,2.71
1517,3.105,2.805
1518,3.145,2.745
1519,3.11,2.835
1520,3.15,2.775
1521,3.095,2.845
1522,3.14,2.79
1523,3.095,2.82
1524,3.2,2.7
1525,3.085,2.86
1526,3.105,2.83
1527,3.17,2.745
1528,3.065,2.89
1529,3.125,2.775
1530,3.15,2.775
1531,2.975,2.8
1532,3.085,2.86
1533,3.145,2.77
1534,3.15,2.775
1535,3.165,2.715
1536,3.155,2.755
1537,3.08,2.88
1538,3.2,2.675
1539,3.125,2.775
1540,3.155,2.755
1541,3.095,2.845
1542,3.165,2.74
1543,3.095,2.645
1544,3.25,2.625
1545,3.1,2.85
1546,3.14,2.79
1547,3.16,2.76
1548,3.13,2.805
1549,3.125,2.8
1550,3.185,2.71
1551,3.11,2.835
1552,3.155,2.755
1553,3.095,2.845
1554,3.165,2.74
1555,2.995,2.895
1556,3.1,2.85
1557,3.095,2.645
1558,3.11,2.81
1559,3.09,2.865
1560,3.13,2.805
1561,3.155,2.755
1562,3.15,2.775
1563,3.085,2.86
1564,3.165,2.74
1565,3.15,2.75
1566,3.13,2.805
1567,3.1,2.85
1568,3.14,2.79
1569,3.135,2.785
1570,3.075,2.675
1571,3.075,2.75
1572,3.11,2.835
1573,3.055,2.705
1574,3.08,2.88
1575,3.09,2.865
1576,3.16,2.76
1577,3.115,2.815
1578,3.19,2.715
1579,3.105,2.83
1580,3.135,2.785
1581,3.155,2.755
1582,3.11,2.835
1583,3.12,2.82
1584,3.155,2.755
1585,3.14,2.79
1586,3.11,2.835
1587,3.21,2.66
1588,3.08,2.88
1589,3.15,2.775
1590,3.22,2.67
1591,3.145,2.77
1592,3.13,2.805
1593,3.07,2.895
1594,3.15,2.775
1595,3.1,2.85
1596,3.18,2.73
1597,3.11,2.835
1598,3.08,2.88
1599,3.215,2.64
1600,3.115,2.815
1601,3.155,2.755
1602,3.12,2.82
1603,3.13,2.78
1604,3.115,2.815
1605,3.175,2.725
1606,3.13,2.73
1607,3.07,2.895
1608,3.095,2.82
1609,3.11,2.835
1610,3.115,2.815
1611,3.105,2.83
1612,3.125,2.775
1613,3.105,2.83
1614,3.105,2.83
1615,2.985,2.81
1616,3.18,2.705
1617,3.095,2.795
1618,3.08,2.88
1619,3.03,2.955
1620,3.075,2.775
1621,3.075,2.725
1622,3.12,2.82
1623,3.07,2.895
1624,3.155,2.755
1625,3.12,2.82
1626,3.075,2.875
1627,3.1,2.85
1628,3.125,2.8
1629,3.145,2.745
1630,3.17,2.745
1631,3.16,2.76
1632,3.135,2.785
1633,3.12,2.82
1634,3.075,2.85
1635,3.07,2.87
1636,3.05,2.925
1637,3.13,2.805
1638,3.165,2.715
1639,3.105,2.83
1640,3.125,2.8
1641,3.13,2.805
1642,3.16,2.685
1643,3.13,2.78
1644,3.11,2.835
1645,3.155,2.73
1646,3.145,2.77
1647,3.09,2.865
1648,3.085,2.835
1649,3.16,2.76
1650,3.175,2.725
1651,3.105,2.805
1652,3.215,2.64
1653,3.165,2.74
1654,3.18,2.705
1655,3.115,2.79
1656,2.965,2.84
1657,3.105,2.78
1658,3.095,2.845
1659,3.2,2.7
1660,3.165,2.74
1661,3.115,2.815
1662,3.015,2.765
1663,3.125,2.8
1664,3.065,2.89
1665,3.15,2.775
1666,3.16,2.735
1667,3.12,2.82
1668,3.15,2.75
1669,3.1,2.825
1670,3.115,2.815
1671,3.075,2.875
1672,3.145,2.72
1673,3.14,2.79
1674,3.15,2.725
1675,3.09,2.865
1676,3.125,2.8
1677,3.07,2.895
1678,3.085,2.86
1679,3.055,2.905
1680,3.11,2.835
1681,3.165,2.74
1682,3.135,2.785
1683,3.16,2.76
1684,3.135,2.785
1685,3.155,2.755
1686,3.055,2.905
1687,3.19,2.715
1688,3.075,2.875
1689,3.055,2.705
1690,3.075,2.875
1691,3.15,2.775
1692,3.045,2.92
1693,3.08,2.88
1694,3.165,2.74
1695,3.14,2.79
1696,3.105,2.805
1697,3.13,2.805
1698,3.005,2.78
1699,3.1,2.825
1700,3.12,2.82
1701,3.105,2.63
1702,3.19,2.69
1703,3.075,2.8
1704,3.105,2.83
1705,3.105,2.83
1706,3.125,2.8
1707,3.115,2.815
1708,3.18,2.73
1709,2.935,2.885
1710,3.085,2.86
1711,3.15,2.775
1712,3.09,2.865
1713,3.045,2.895
1714,3.115,2.79
1715,3.03,2.955
1716,3.125,2.8
1717,3.22,2.67
1718,3.14,2.79
1719,3.06,2.91
1720,3.095,2.645
1721,3.1,2.85
1722,3.075,2.8
1723,3.105,2.83
1724,2.945,2.87
1725,3.115,2.765
1726,3.055,2.905
1727,3.165,2.74
1728,3.09,2.865
1729,3.09,2.79
1730,3.08,2.88
1731,3.12,2.82
1732,3.165,2.665
1733,3.13,2.805
1734,3.135,2.785
1735,3.07,2.895
1736,3.085,2.835
1737,3.12,2.82
1738,3.105,2.83
1739,3.045,2.72
1740,3.055,2.83
1741,3.06,2.91
1742,3.105,2.83
1743,3.115,2.815
1744,3.045,2.92
1745,3.095,2.845
1746,3.145,2.745
1747,3.08,2.88
1748,3.145,2.745
1749,3.11,2.81
1750,3.115,2.79
1751,3.045,2.72
1752,3.145,2.77
1753,3.15,2.775
1754,3.11,2.81
1755,3.05,2.85
1756,3.11,2.835
1757,3.065,2.89
1758,3.135,2.785
1759,3.065,2.89
1760,3.06,2.91
1761,3.13,2.805
1762,3.125,2.8
1763,3.23,2.655
1764,3.13,2.805
1765,3.04,2.94
1766,3.005,2.78
1767,3.08,2.88
1768,3.075,2.875
1769,3.115,2.815
1770,3.16,2.685
1771,3.095,2.845
1772,3.17,2.745
1773,3.15,2.775
1774,3.03,2.955
1775,2.945,2.87
1776,3.025,2.95
1777,3.07,2.895
1778,3.13,2.805
1779,3.1,2.85
1780,3.145,2.77
1781,3.075,2.675
1782,3.105,2.805
1783,3.06,2.885
1784,3.1,2.85
1785,3.13,2.805
1786,3.07,2.895
1787,3.155,2.68
1788,3.055,2.855
1789,2.975,2.825
1790,3.14,2.79
1791,3.105,2.83
1792,3.12,2.82
1793,3.13,2.755
1794,3.05,2.875
1795,3.135,2.785
1796,3.1,2.85
1797,3.055,2.83
1798,3.15,2.775
1799,3.065,2.865
1800,3.085,2.86
1801,3.055,2.705
1802,3.085,2.835
1803,3.125,2.75
1804,3.085,2.86
1805,3.065,2.84
1806,3.115,2.815
1807,3.065,2.865
1808,2.995,2.795
1809,3.025,2.925
1810,3.015,2.94
1811,3.07,2.895
1812,3.075,2.875
1813,3.085,2.785
1814,2.955,2.855
1815,3.18,2.73
1816,3.18,2.73
1817,3.11,2.835
1818,3.075,2.875
1819,3.125,2.775
1820,3.015,2.965
1821,3.1,2.825
1822,2.995,2.795
1823,3.135,2.76
1824,3.11,2.81
1825,3.055,2.88
1826,3.095,2.845
1827,3.245,2.595
1828,3.095,2.82
1829,3.03,2.955
1830,3.07,2.895
1831,3.045,2.72
1832,3.045,2.895
1833,3.05,2.875
1834,3.165,2.74
1835,2.955,2.855
1836,3.135,2.785
1837,3.045,2.895
1838,3.065,2.89
1839,3.125,2.775
1840,3.245,2.62
1841,3.17,2.745
1842,3.09,2.84
1843,3.11,2.835
1844,3.13,2.805
1845,3.135,2.785
1846,3.09,2.865
1847,3.005,2.78
1848,3.16,2.76
1849,3.105,2.83
1850,3.115,2.815
1851,3.155,2.755
1852,3.065,2.84
1853,3.08,2.88
1854,3.085,2.81
1855,3.095,2.845
1856,3.075,2.85
1857,3.12,2.795
1858,3.05,2.875
1859,3.13,2.805
1860,3.105,2.83
1861,3.1,2.85
1862,3.245,2.62
1863,3.115,2.79
1864,3.105,2.83
1865,3.065,2.89
1866,3.095,2.82
1867,3.1,2.85
1868,3.065,2.69
1869,3.01,2.985
1870,3.06,2.81
1871,3.065,2.69
1872,3.055,2.905
1873,3.06,2.91
1874,3.14,2.74
1875,2.955,2.855
1876,3.005,2.955
1877,3.095,2.795
1878,3.01,2.96
1879,3.06,2.91
1880,3.125,2.8
1881,3.145,2.745
1882,3.035,2.91
1883,3.06,2.91
1884,3.055,2.905
1885,3.105,2.78
1886,3.045,2.87
1887,3.015,2.915
1888,3.11,2.785
1889,3.145,2.77
1890,3.19,2.69
1891,3.145,2.57
1892,3.13,2.78
1893,3.005,2.78
1894,3.12,2.77
1895,3.105,2.83
1896,3.115,2.815
1897,3.06,2.885
1898,3.16,2.76
1899,3.145,2.57
1900,3.025,2.75
1901,3.08,2.805
1902,3.145,2.77
1903,3.075,2.675
1904,3.29,2.54
1905,2.985,2.81
1906,3.095,2.845
1907,3.125,2.775
1908,3.045,2.72
1909,3.19,2.615
1910,3.025,2.75
1911,3.03,2.93
1912,3.045,2.92
1913,3.075,2.85
1914,3.02,2.895
1915,3.245,2.62
1916,3.005,2.78
1917,3.05,2.8
1918,3.235,2.635
1919,3.025,2.75
1920,3.07,2.87
1921,3.175,2.675
1922,3.22,2.595
1923,3.195,2.695
1924,3.06,2.885
1925,3.245,2.595
1926,3.165,2.74
1927,3.24,2.565
1928,3.25,2.625
1929,3.24,2.64
1930,3.025,2.725
1931,3.135,2.585
1932,2.975,2.825
1933,3.275,2.525
1934,3.1,2.8
1935,3.295,2.52
1936,3.055,2.705
1937,3.145,2.745
1938,3.245,2.595
1939,3.14,2.79
1940,3.26,2.56
1941,3.24,2.64
1942,3.185,2.71
1943,3.105,2.63
1944,3.125,2.6
1945,3.125,2.775
1946,3.195,2.645
1947,3.23,2.655
1948,3.255,2.605
1949,3.195,2.495
1950,2.935,2.885
1951,3.3,2.475
1952,3.185,2.71
1953,3.025,2.75
1954,3.31,2.535
1955,3.065,2.69
1956,3.155,2.73
1957,3.305,2.53
1958,3.13,2.73
1959,3.235,2.635
1960,3.145,2.57
1961,3.27,2.595
1962,2.935,2.885
1963,3.3,2.55
1964,3.285,2.56
1965,3.225,2.45
1966,3.33,2.455
1967,3.205,2.48
1968,3.28,2.505
1969,3.22,2.445
1970,3.145,2.57
1971,3.065,2.69
1972,3.115,2.615
1973,3.165,2.54
1974,3.325,2.5
1975,3.165,2.715
1976,3.1,2.75
1977,3.3,2.5
1978,3.31,2.485
1979,3.21,2.685
1980,3.08,2.88
1981,3.13,2.78
1982,3.225,2.45
1983,3.305,2.505
1984,3.32,2.52
1985,3.305,2.505
1986,3.035,2.935
1987,3.165,2.69
1988,3.19,2.715
1989,3.325,2.5
1990,3.295,2.545
1991,3.215,2.465
1992,3.285,2.56
1993,3.33,2.505
1994,3.245,2.62
1995,3.3,2.5
1996,3.015,2.765
1997,3.325,2.5
1998,3.255,2.405
1999,3.055,2.755
2000,3.135,2.785
2001,3.295,2.545
2002,3.185,2.51
2003,3.195,2.495
2004,3.125,2.6
2005,3.215,2.465
2006,3.215,2.59
2007,3.305,2.505
2008,3.075,2.675
2009,3.19,2.64
2010,3.22,2.445
2011,3.065,2.69
2012,3.255,2.405
2013,3.305,2.455
2014,3.07,2.845
2015,3.225,2.45
2016,3.305,2.53
2017,3.335,2.485
2018,3.225,2.575
2019,3.315,2.515
2020,3.37,2.445
2021,3.235,2.435
2022,3.3,2.5
2023,3.305,2.505
2024,2.945,2.87
2025,3.295,2.545
2026,3.225,2.65
2027,3.23,2.655
2028,3.285,2.56
2029,3.195,2.495
2030,3.225,2.45
2031,3.31,2.535
2032,3.33,2.405
2033,3.32,2.52
2034,3.17,2.62
2035,3.315,2.44
2036,3.31,2.51
2037,2.955,2.855
2038,3.305,2.505
2039,3.205,2.48
2040,3.295,2.52
2041,3.295,2.495
2042,3.265,2.39
2043,3.37,2.445
2044,3.31,2.485
2045,3.245,2.42
2046,3.215,2.465
2047,3.235,2.435
2048,3.325,2.5
2049,3.16,2.635
2050,3.3,2.525
2051,3.215,2.465
2052,3.31,2.51
2053,3.34,2.49
2054,3.235,2.435
2055,3.36,2.46
2056,3.225,2.45
2057,3.27,2.52
2058,3.35,2.475
2059,3.35,2.475
2060,3.325,2.475
2061,3.205,2.48
2062,3.245,2.42
2063,3.365,2.44
2064,3.235,2.435
2065,3.345,2.47
2066,3.19,2.465
2067,3.215,2.465
2068,3.32,2.52
2069,3.28,2.505
2070,3.235,2.435
2071,3.235,2.435
2072,3.225,2.45
2073,2.925,2.9
2074,3.32,2.495
2075,3.275,2.575
2076,3.335,2.485
2077,2.965,2.84
2078,3.33,2.455
2079,3.255,2.405
2080,3.145,2.57
2081,3.215,2.465
2082,3.3,2.55
2083,3.115,2.815
2084,3.085,2.66
2085,3.34,2.465
2086,3.085,2.66
2087,3.235,2.41
2088,3.315,2.44
2089,3.22,2.52
2090,3.225,2.45
2091,3.155,2.68
2092,3.295,2.495
2093,3.31,2.485
2094,3.275,2.525
2095,3.195,2.495
2096,3.305,2.53
2097,3.075,2.875
2098,3.255,2.605
2099,3.335,2.46
2100,3.215,2.465
2101,3.29,2.54
2102,3.335,2.485
2103,3.24,2.615
2104,3.245,2.42
2105,3.265,2.565
2106,3.325,2.5
2107,3.24,2.49
2108,3.245,2.42
2109,3.32,2.495
2110,3.145,2.57
2111,3.37,2.445
2112,3.305,2.53
2113,3.29,2.515
2114,3.305,2.53
2115,3.225,2.45
2116,2.925,2.9
2117,3.37,2.445
2118,3.305,2.53
2119,3.33,2.505
2120,3.11,2.76
2121,3.195,2.495
2122,3.25,2.4
2123,3.275,2.575
2124,2.995,2.795
2125,3.035,2.935
2126,3.24,2.59
2127,3.305,2.53
2128,3.14,2.79
2129,3.31,2.535
2130,3.225,2.45
2131,3.265,2.54
2132,3.215,2.465
2133,3.245,2.62
2134,3.305,2.53
2135,3.31,2.535
2136,3.205,2.48
2137,3.295,2.545
2138,3.275,2.525
2139,3.33,2.505
2140,3.215,2.465
2141,3.315,2.515
2142,3.31,2.535
2143,3.285,2.51
2144,3.335,2.46
2145,3.115,2.79
2146,3.28,2.555
2147,3.205,2.48
2148,3.085,2.86
2149,3.28,2.505
2150,3.18,2.73
2151,3.3,2.55
2152,3.26,2.51
2153,3.305,2.53
2154,2.975,2.825
2155,3.055,2.88
2156,3.225,2.45
2157,3.345,2.47
2158,3.135,2.785
2159,3.325,2.5
2160,3.27,2.47
2161,3.28,2.58
2162,3.175,2.525
2163,3.29,2.54
2164,3.195,2.495
2165,3.285,2.485
2166,3.19,2.715
2167,3.29,2.465
2168,3.315,2.515
2169,2.995,2.795
2170,3.34,2.465
2171,3.34,2.49
2172,3.335,2.485
2173,3.16,2.76
2174,3.245,2.42
2175,3.225,2.45
2176,3.025,2.8
2177,3.225,2.45
2178,3.265,2.49
2179,3.025,2.75
2180,3.165,2.715
2181,3.125,2.775
2182,3.31,2.51
2183,3.31,2.535
2184,3.145,2.57
2185,3.275,2.375
2186,3.325,2.5
2187,3.02,2.895
2188,3.315,2.465
2189,3.275,2.525
2190,3.26,2.46
2191,3.275,2.375
2192,3.235,2.435
2193,3.245,2.42
2194,3.325,2.5
2195,3.195,2.495
2196,3.325,2.5
2197,3.14,2.565
2198,3.215,2.465
2199,3.325,2.5
2200,3.195,2.67
2201,3.13,2.805
2202,3.205,2.48
2203,3.335,2.485
2204,3.07,2.895
2205,3.3,2.55
2206,3.255,2.405
2207,3.235,2.435
2208,3.345,2.47
2209,3.055,2.855
2210,3.28,2.505
2211,3.155,2.755
2212,3.33,2.505
2213,3.3,2.55
2214,3.315,2.49
2215,3.235,2.435
2216,3.335,2.46
2217,3.315,2.49
2218,3.19,2.715
2219,3.065,2.815
2220,3.165,2.74
2221,3.3,2.55
2222,3.025,2.95
2223,3.3,2.55
2224,3.235,2.435
2225,3.325,2.5
2226,3.195,2.645
2227,3.345,2.47
2228,3.32,2.52
2229,3.3,2.55
2230,3.285,2.535
2231,3.31,2.535
2232,3.06,2.91
2233,3.32,2.52
2234,3.325,2.5
2235,3.31,2.535
2236,3.32,2.52
2237,3.365,2.44
2238,3.32,2.52
2239,3.29,2.565
2240,3.245,2.42
2241,3.235,2.435
2242,3.325,2.425
2243,3.22,2.445
2244,3.33,2.505
2245,3.275,2.575
2246,3.235,2.435
2247,3.24,2.515
2248,3.325,2.5
2249,3.245,2.42
2250,3.33,2.48
2251,3.315,2.44
2252,3.12,2.82
2253,3.285,2.485
2254,3.195,2.495
2255,3.275,2.575
2256,3.08,2.88
2257,3.27,2.595
2258,2.995,2.795
2259,3.305,2.505
2260,3.33,2.48
2261,3.36,2.46
2262,3.315,2.515
2263,3.205,2.48
2264,3.315,2.515
2265,3.255,2.405
2266,3.34,2.49
2267,3.325,2.5
2268,3.325,2.5
2269,3.225,2.45
2270,3.255,2.405
2271,3.325,2.475
2272,3.33,2.505
2273,3.31,2.46
2274,3.325,2.5
2275,3.34,2.44
2276,3.165,2.54
2277,3.35,2.475
2278,3.215,2.465
2279,3.225,2.45
2280,3.375,2.425
2281,3.31,2.535
2282,3.27,2.495
2283,3.005,2.93
2284,3.335,2.485
2285,3.275,2.375
2286,3.32,2.445
2287,3.355,2.43
2288,3.245,2.42
2289,3.33,2.455
2290,3.3,2.45
2291,3.345,2.47
2292,3.245,2.42
2293,3.22,2.67
2294,3.32,2.52
2295,3.17,2.695
2296,3.29,2.465
2297,3.31,2.46
2298,3.32,2.52
2299,3.305,2.53
2300,3.31,2.485
2301,3.36,2.46
2302,3.31,2.535
2303,3.325,2.475
2304,3.175,2.525
2305,3.35,2.45
2306,3.34,2.49
2307,3.335,2.485
2308,3.33,2.455
2309,3.37,2.42
2310,3.305,2.53
2311,3.335,2.485
2312,3.255,2.405
2313,3.295,2.345
2314,3.245,2.42
2315,3.345,2.47
2316,3.35,2.475
2317,3.32,2.445
2318,3.225,2.45
2319,3.215,2.465
2320,3.335,2.485
2321,3.33,2.505
2322,3.345,2.47
2323,3.31,2.435
2324,3.345,2.47
2325,3.245,2.42
2326,3.335,2.485
2327,3.21,2.685
2328,3.34,2.49
2329,3.33,2.505
2330,3.245,2.42
2331,3.245,2.42
2332,3.345,2.445
2333,3.225,2.45
2334,3.34,2.49
2335,3.245,2.42
2336,3.325,2.5
2337,3.235,2.435
2338,3.305,2.53
2339,3.22,2.67
2340,3.32,2.52
2341,3.245,2.42
2342,3.295,2.345
2343,3.31,2.535
2344,3.245,2.42
2345,3.35,2.45
2346,3.185,2.51
2347,3.345,2.47
2348,3.315,2.515
2349,3.34,2.465
2350,3.01,2.985
2351,2.955,2.855
2352,3.31,2.535
2353,3.295,2.445
2354,3.34,2.49
2355,3.34,2.44
2356,3.34,2.49
2357,3.335,2.41
2358,3.325,2.5
2359,3.33,2.505
2360,3.215,2.465
2361,3.31,2.485
2362,3.345,2.47
2363,3.31,2.535
2364,3.33,2.455
2365,3.215,2.665
2366,3.105,2.83
2367,3.235,2.435
2368,3.35,2.475
2369,3.275,2.375
2370,3.315,2.515
2371,3.105,2.63
2372,3.335,2.485
2373,3.325,2.45
2374,3.155,2.755
2375,3.235,2.435
2376,3.245,2.42
2377,3.39,2.39
2378,3.215,2.465
2379,3.255,2.58
2380,3.31,2.535
2381,3.225,2.45
2382,3.325,2.425
2383,3.255,2.405
2384,3.165,2.74
2385,3.315,2.515
2386,3.205,2.48
2387,3.315,2.515
2388,3.31,2.535
2389,3.28,2.58
2390,3.335,2.485
2391,3.3,2.55
2392,3.28,2.58
2393,3.32,2.52
2394,3.34,2.49
2395,3.12,2.82
2396,3.34,2.49
2397,3.225,2.65
2398,3.315,2.515
2399,3.015,2.765
2400,3.225,2.45
2401,3.265,2.39
2402,3.325,2.5
2403,3.245,2.42
2404,3.225,2.45
2405,3.33,2.505
2406,3.28,2.455
2407,3.31,2.31
2408,3.365,2.415
2409,3.315,2.515
2410,3.32,2.495
2411,3.255,2.405
2412,3.33,2.48
2413,3.225,2.45
2414,3.34,2.49
2415,3.335,2.485
2416,3.35,2.475
2417,3.29,2.34
2418,3.32,2.47
2419,3.335,2.485
2420,3.225,2.45
2421,3.31,2.535
2422,3.235,2.435
2423,3.225,2.65
2424,3.215,2.465
2425,3.375,2.4
2426,3.325,2.5
2427,3.315,2.515
2428,3.32,2.445
2429,3.31,2.485
2430,3.125,2.8
2431,3.225,2.45
2432,3.245,2.42
2433,3.33,2.505
2434,3.245,2.42
2435,3.235,2.435
2436,3.345,2.42
2437,3.305,2.53
2438,3.335,2.46
2439,3.33,2.505
2440,3.245,2.395
2441,3.25,2.4
2442,3.235,2.435
2443,3.35,2.475
2444,3.32,2.47
2445,3.38,2.43
2446,3.35,2.475
2447,3.35,2.475
2448,3.25,2.4
2449,3.325,2.5
2450,3.235,2.435
2451,3.295,2.545
2452,3.135,2.585
2453,3.37,2.445
2454,3.265,2.39
2455,3.245,2.42
2456,3.235,2.435
2457,3.33,2.505
2458,3.255,2.405
2459,3.245,2.42
2460,3.215,2.465
2461,3.34,2.44
2462,3.31,2.435
2463,3.215,2.465
2464,3.28,2.48
2465,3.35,2.425
2466,3.33,2.505
2467,3.235,2.435
2468,3.335,2.46
2469,3.265,2.39
2470,3.07,2.87
2471,3.28,2.43
2472,3.315,2.465
2473,3.12,2.82
2474,3.225,2.45
2475,3.35,2.475
2476,3.325,2.5
2477,3.32,2.52
2478,3.145,2.62
2479,3.285,2.41
2480,3.335,2.485
2481,3.245,2.42
2482,3.345,2.47
2483,3.365,2.415
2484,3.235,2.435
2485,3.2,2.7
2486,3.285,2.36
2487,3.315,2.49
2488,3.245,2.42
2489,3.19,2.715
2490,3.36,2.435
2491,3.355,2.43
2492,3.305,2.53
2493,3.375,2.425
2494,3.225,2.45
2495,3.255,2.405
2496,3.335,2.485
2497,3.265,2.39
2498,3.36,2.46
2499,3.345,2.47
2500,3.34,2.49
2501,3.31,2.535
2502,3.225,2.45
2503,3.27,2.37
2504,3.34,2.49
2505,3.245,2.42
2506,3.335,2.485
2507,3.33,2.505
2508,3.245,2.42
2509,3.255,2.405
2510,3.32,2.52
2511,3.325,2.5
2512,3.355,2.43
2513,3.24,2.64
2514,3.235,2.435
2515,3.32,2.52
2516,3.405,2.38
2517,3.34,2.465
2518,2.935,2.885
2519,3.34,2.49
2520,3.27,2.37
2521,3.315,2.44
2522,3.355,2.455
2523,3.355,2.455
2524,3.32,2.52
2525,3.33,2.455
2526,3.3,2.55
2527,3.32,2.52
2528,3.33,2.505
2529,3.265,2.39
2530,3.315,2.49
2531,3.375,2.4
2532,3.27,2.37
2533,3.065,2.69
2534,3.34,2.49
2535,3.235,2.435
2536,3.255,2.405
2537,3.015,2.765
2538,3.345,2.42
2539,3.34,2.49
2540,3.325,2.5
2541,3.09,2.865
2542,3.34,2.49
2543,3.32,2.47
2544,3.24,2.415
2545,3.31,2.46
2546,3.335,2.485
2547,3.33,2.455
2548,3.275,2.375
2549,3.35,2.475
2550,3.235,2.435
2551,3.32,2.47
2552,3.32,2.52
2553,3.32,2.52
2554,3.25,2.4
2555,3.295,2.47
2556,3.0,3.0
2557,3.32,2.52
2558,3.33,2.505
2559,3.245,2.42
2560,3.36,2.46
2561,3.35,2.475
2562,3.23,2.43
2563,3.335,2.485
2564,3.24,2.415
2565,3.245,2.42
2566,3.36,2.46
2567,3.35,2.375
2568,3.32,2.495
2569,3.345,2.445
2570,3.33,2.48
2571,3.355,2.455
2572,3.35,2.425
2573,3.325,2.475
2574,3.22,2.67
2575,3.245,2.42
2576,3.055,2.705
2577,3.31,2.46
2578,3.35,2.475
2579,3.29,2.465
2580,3.255,2.405
2581,3.315,2.49
2582,3.325,2.5
2583,3.34,2.49
2584,3.255,2.405
2585,3.335,2.46
2586,3.08,2.83
2587,3.245,2.42
2588,3.345,2.445
2589,3.33,2.455
2590,3.24,2.415
2591,3.32,2.47
2592,3.32,2.52
2593,3.345,2.445
2594,3.35,2.475
2595,3.255,2.405
2596,3.335,2.46
2597,3.24,2.415
2598,3.34,2.49
2599,3.37,2.445
2600,3.24,2.415
2601,3.04,2.715
2602,3.245,2.42
2603,3.32,2.52
2604,3.32,2.52
2605,3.075,2.675
2606,3.245,2.42
2607,3.255,2.405
2608,3.03,2.955
2609,3.34,2.49
2610,3.245,2.42
2611,3.32,2.445
2612,3.35,2.475
2613,3.17,2.745
2614,3.015,2.915
2615,3.36,2.46
2616,3.3,2.45
2617,3.34,2.49
2618,3.34,2.49
2619,3.365,2.415
2620,3.245,2.42
2621,3.245,2.42
2622,3.265,2.59
2623,3.01,2.985
2624,3.325,2.5
2625,3.225,2.45
2626,3.0,3.0
2627,3.255,2.405
2628,3.325,2.5
2629,3.32,2.52
2630,3.265,2.39
2631,3.32,2.52
2632,3.335,2.485
2633,3.235,2.635
2634,3.155,2.73
2635,3.265,2.39
2636,3.245,2.42
2637,3.365,2.44
2638,3.0,3.0
2639,3.32,2.47
2640,3.255,2.405
2641,3.0,3.0
2642,3.325,2.475
2643,3.28,2.355
2644,3.245,2.42
2645,3.35,2.475
2646,3.34,2.465
2647,3.06,2.91
2648,3.0,3.0
2649,3.345,2.47
2650,3.31,2.485
2651,3.335,2.485
2652,3.33,2.505
2653,3.265,2.39
2654,3.33,2.505
2655,3.345,2.47
2656,3.36,2.46
2657,3.245,2.42
2658,3.245,2.42
2659,3.265,2.59
2660,3.26,2.385
2661,3.16,2.635
2662,3.015,2.965
2663,3.335,2.485
2664,3.25,2.4
2665,3.225,2.45
2666,3.245,2.42
2667,3.315,2.465
2668,3.33,2.505
2669,3.35,2.425
2670,3.255,2.405
2671,3.35,2.475
2672,3.34,2.49
2673,3.075,2.875
2674,3.36,2.46
2675,3.355,2.455
2676,3.34,2.415
2677,3.0,3.0
2678,3.335,2.485
2679,3.23,2.43
2680,3.335,2.485
2681,3.35,2.45
2682,3.265,2.39
2683,3.35,2.475
2684,3.34,2.49
2685,3.33,2.505
2686,3.235,2.435
2687,3.235,2.435
2688,3.0,3.0
2689,3.35,2.475
2690,3.34,2.49
2691,3.235,2.435
2692,3.34,2.49
2693,3.245,2.595
2694,2.955,2.855
2695,3.235,2.435
2696,3.345,2.47
2697,3.325,2.475
2698,3.04,2.84
2699,3.34,2.49
2700,3.13,2.58
2701,3.335,2.485
2702,3.365,2.44
2703,3.345,2.47
2704,3.34,2.465
2705,3.3,2.45
2706,3.32,2.52
2707,3.045,2.87
2708,3.11,2.835
2709,3.245,2.42
2710,3.335,2.46
2711,3.0,3.0
2712,3.055,2.905
2713,3.075,2.675
2714,3.35,2.475
2715,3.05,2.9
2716,3.37,2.445
2717,3.355,2.455
2718,3.0,3.0
2719,3.345,2.47
2720,3.34,2.49
2721,3.0,3.0
2722,3.26,2.385
2723,3.31,2.46
2724,3.31,2.535
2725,3.34,2.465
2726,3.345,2.445
2727,3.36,2.46
2728,3.315,2.465
2729,3.245,2.42
2730,3.265,2.39
2731,2.965,2.84
2732,3.34,2.465
2733,3.025,2.75
2734,3.32,2.47
2735,3.3,2.475
2736,3.34,2.465
2737,3.345,2.47
2738,3.31,2.46
2739,3.275,2.375
2740,3.33,2.505
2741,3.235,2.435
2742,3.08,2.83
2743,3.3,2.525
2744,3.24,2.415
2745,3.265,2.39
2746,3.3,2.55
2747,3.265,2.39
2748,3.34,2.49
2749,3.24,2.415
2750,3.12,2.745
2751,3.345,2.47
2752,3.335,2.485
2753,3.35,2.475
2754,3.33,2.48
2755,3.34,2.49
2756,3.3,2.45
2757,3.33,2.455
2758,2.995,2.795
2759,3.32,2.495
2760,3.0,3.0
2761,3.12,2.745
2762,3.0,3.0
2763,3.355,2.455
2764,3.06,2.835
2765,3.355,2.455
2766,3.255,2.405
2767,3.29,2.465
2768,3.385,2.41
2769,3.33,2.505
2770,3.255,2.405
2771,3.245,2.42
2772,3.34,2.49
2773,3.09,2.815
2774,3.33,2.505
2775,3.31,2.46
2776,3.365,2.44
2777,3.335,2.485
2778,3.095,2.795
2779,3.195,2.695
2780,3.195,2.495
2781,3.255,2.405
2782,3.335,2.485
2783,3.36,2.46
2784,3.21,2.685
2785,3.31,2.485
2786,3.345,2.47
2787,3.325,2.45
2788,3.25,2.4
2789,3.175,2.725
2790,3.245,2.42
2791,3.065,2.69
2792,3.335,2.435
2793,3.32,2.52
2794,3.34,2.49
2795,3.275,2.375
2796,3.245,2.42
2797,3.1,2.85
2798,3.33,2.505
2799,3.3,2.475
2800,3.245,2.42
2801,3.175,2.525
2802,3.33,2.505
2803,3.35,2.475
2804,3.215,2.665
2805,3.305,2.33
2806,3.25,2.4
2807,3.31,2.535
2808,3.35,2.475
2809,3.34,2.49
2810,3.375,2.425
2811,3.255,2.405
2812,3.295,2.545
2813,3.375,2.425
2814,3.33,2.505
2815,3.25,2.4
2816,3.275,2.375
2817,3.365,2.415
2818,3.35,2.475
2819,3.34,2.39
2820,3.37,2.445
2821,3.245,2.42
2822,3.02,2.87
2823,3.225,2.625
2824,3.345,2.47
2825,3.35,2.475
2826,3.0,3.0
2827,3.32,2.52
2828,3.345,2.47
2829,3.33,2.505
2830,3.35,2.475
2831,3.25,2.4
2832,3.365,2.44
2833,3.335,2.485
2834,3.275,2.375
2835,3.245,2.42
2836,3.245,2.42
2837,2.995,2.795
2838,3.17,2.52
2839,3.36,2.46
2840,3.365,2.44
2841,3.255,2.405
2842,3.355,2.455
2843,3.33,2.505
2844,3.31,2.46
2845,3.05,2.925
2846,3.23,2.43
2847,3.345,2.47
2848,3.28,2.355
2849,3.32,2.52
2850,3.24,2.415
2851,3.21,2.685
2852,2.95,2.85
2853,3.245,2.42
2854,3.245,2.42
2855,3.31,2.41
2856,3.27,2.37
2857,3.14,2.74
2858,3.0,3.0
2859,3.28,2.58
2860,3.34,2.49
2861,3.185,2.51
2862,3.0,3.0
2863,3.245,2.42
2864,3.285,2.56
2865,3.36,2.46
2866,3.305,2.33
2867,3.36,2.46
2868,3.355,2.43
2869,3.315,2.315
2870,3.085,2.66
2871,3.355,2.455
2872,3.18,2.73
2873,3.235,2.635
2874,3.35,2.4
2875,3.27,2.37
2876,3.355,2.455
2877,3.365,2.44
2878,3.385,2.41
2879,3.42,2.27
2880,3.41,2.385
2881,3.27,2.37
2882,3.37,2.445
2883,3.115,2.615
2884,3.11,2.61
2885,3.345,2.47
2886,3.42,2.32
2887,3.275,2.375
2888,3.32,2.295
2889,3.275,2.375
2890,3.275,2.375
2891,3.345,2.27
2892,3.43,2.355
2893,3.34,2.49
2894,3.36,2.385
2895,3.27,2.37
2896,3.325,2.3
2897,3.48,2.28
2898,3.0,3.0
2899,3.41,2.31
2900,3.1,2.85
2901,3.38,2.205
2902,3.335,2.285
2903,3.375,2.225
2904,3.26,2.385
2905,3.34,2.49
2906,3.35,2.475
2907,3.125,2.6
2908,3.27,2.37
2909,3.39,2.315
2910,3.415,2.315
2911,2.965,2.84
2912,3.32,2.295
2913,3.395,2.395
2914,3.38,2.38
2915,3.415,2.365
2916,3.225,2.45
2917,3.295,2.345
2918,3.4,2.4
2919,2.975,2.825
2920,3.095,2.77
2921,3.265,2.39
2922,3.345,2.42
2923,3.415,2.365
2924,3.415,2.365
2925,3.295,2.345
2926,3.18,2.505
2927,3.27,2.37
2928,3.25,2.4
2929,3.36,2.46
2930,3.27,2.37
2931,3.38,2.43
2932,3.26,2.36
2933,3.38,2.43
2934,3.41,2.385
2935,3.415,2.365
2936,3.46,2.31
2937,3.505,2.205
2938,3.115,2.615
2939,3.44,2.34
2940,3.0,3.0
2941,3.27,2.37
2942,3.31,2.31
2943,3.28,2.355
2944,3.285,2.36
2945,3.395,2.395
2946,3.295,2.345
2947,3.065,2.74
2948,3.36,2.46
2949,3.34,2.415
2950,3.38,2.405
2951,3.465,2.29
2952,3.415,2.34
2953,3.27,2.37
2954,3.35,2.475
2955,3.325,2.3
2956,3.35,2.25
2957,3.33,2.28
2958,3.36,2.235
2959,3.25,2.4
2960,3.38,2.43
2961,3.36,2.46
2962,3.005,2.78
2963,3.255,2.405
2964,3.315,2.315
2965,3.345,2.27
2966,3.35,2.475
2967,3.48,2.28
2968,3.365,2.415
2969,3.0,3.0
2970,3.4,2.4
2971,3.315,2.315
2972,3.205,2.48
2973,3.485,2.26
2974,3.27,2.37
2975,3.355,2.255
2976,3.12,2.82
2977,3.34,2.49
2978,3.445,2.32
2979,3.35,2.45
2980,3.425,2.35
2981,3.155,2.555
2982,3.34,2.265
2983,3.39,2.39
2984,3.265,2.39
2985,3.325,2.35
2986,3.445,2.245
2987,3.36,2.235
2988,3.27,2.37
2989,3.365,2.44
2990,3.425,2.35
2991,3.265,2.39
2992,3.325,2.3
2993,3.365,2.24
2994,3.37,2.445
2995,3.285,2.56
2996,3.295,2.345
2997,3.37,2.395
2998,3.345,2.445
2999,3.0,3.0
3000,3.385,2.41
3001,3.26,2.385
3002,3.0,3.0
3003,3.325,2.3
3004,3.365,2.24
3005,3.415,2.365
3006,3.075,2.85
3007,3.265,2.39
3008,3.25,2.4
3009,3.31,2.31
3010,3.0,3.0
3011,3.255,2.405
3012,3.35,2.475
3013,3.3,2.325
3014,3.255,2.405
3015,3.4,2.325
3016,3.24,2.415
3017,3.345,2.27
3018,3.14,2.565
3019,3.19,2.665
3020,3.48,2.28
3021,3.305,2.33
3022,3.15,2.55
3023,3.25,2.4
3024,3.085,2.81
3025,3.42,2.37
3026,3.34,2.415
3027,3.265,2.39
3028,3.335,2.285
3029,3.33,2.405
3030,3.41,2.385
3031,3.365,2.24
3032,3.16,2.76
3033,3.44,2.34
3034,3.28,2.355
3035,3.21,2.46
3036,3.315,2.315
3037,3.445,2.32
3038,3.265,2.39
3039,3.34,2.265
3040,3.325,2.3
3041,3.33,2.28
3042,3.35,2.25
3043,3.38,2.43
3044,3.45,2.275
3045,3.395,2.37
3046,3.35,2.25
3047,3.19,2.49
3048,3.0,3.0
3049,2.995,2.845
3050,3.25,2.4
3051,3.265,2.39
3052,3.34,2.265
3053,3.41,2.36
3054,3.075,2.675
3055,3.62,2.07
3056,3.55,2.175
3057,3.45,2.325
3058,3.25,2.4
3059,3.305,2.33
3060,3.425,2.35
3061,3.425,2.35
3062,3.0,3.0
3063,3.32,2.295
3064,3.325,2.3
3065,3.0,3.0
3066,3.32,2.295
3067,3.44,2.34
3068,3.45,2.325
3069,3.3,2.325
3070,3.43,2.355
3071,3.0,3.0
3072,3.005,2.98
3073,3.35,2.425
3074,3.36,2.385
3075,3.005,2.78
3076,3.495,2.245
3077,3.255,2.405
3078,3.3,2.325
3079,3.365,2.44
3080,3.36,2.46
3081,3.37,2.345
3082,3.0,3.0
3083,3.4,2.4
3084,3.275,2.35
3085,3.4,2.375
3086,3.375,2.425
3087,3.31,2.31
3088,3.0,3.0
3089,3.0,3.0
3090,3.0,3.0
3091,3.385,2.41
3092,3.28,2.58
3093,3.365,2.24
3094,3.0,3.0
3095,3.365,2.39
3096,3.36,2.41
3097,3.315,2.315
3098,3.38,2.43
3099,3.18,2.73
3100,3.21,2.685
3101,3.04,2.715
3102,3.355,2.455
3103,3.385,2.41
3104,3.12,2.82
3105,3.36,2.41
3106,3.3,2.325
3107,3.415,2.365
3108,3.0,3.0
3109,3.42,2.37
3110,3.065,2.69
3111,3.08,2.655
3112,3.37,2.445
3113,3.4,2.4
3114,3.285,2.36
3115,3.38,2.43
3116,3.425,2.325
3117,3.0,3.0
3118,3.34,2.265
3119,3.345,2.27
3120,3.275,2.375
3121,3.37,2.37
3122,3.31,2.31
3123,3.19,2.49
3124,3.385,2.41
3125,3.1,2.625
3126,3.43,2.355
3127,3.32,2.295
3128,3.43,2.355
3129,3.275,2.375
3130,3.45,2.325
3131,3.31,2.31
3132,3.375,2.425
3133,3.39,2.415
3134,3.18,2.505
3135,3.415,2.365
3136,3.4,2.4
3137,3.085,2.86
3138,3.3,2.325
3139,3.42,2.37
3140,3.205,2.48
3141,3.345,2.27
3142,3.175,2.725
3143,3.0,3.0
3144,3.225,2.45
3145,3.31,2.31
3146,3.365,2.44
3147,3.51,2.235
3148,3.415,2.165
3149,3.445,2.32
3150,3.33,2.28
3151,3.465,2.29
3152,3.355,2.255
3153,3.0,3.0
3154,3.34,2.265
3155,3.11,2.61
3156,3.0,3.0
3157,3.35,2.25
3158,3.325,2.3
3159,3.37,2.22
3160,3.0,3.0
3161,3.0,3.0
3162,3.0,3.0
3163,3.49,2.265
3164,3.405,2.18
3165,3.375,2.225
3166,3.4,2.325
3167,3.4,2.4
3168,3.3,2.325
3169,3.395,2.195
3170,3.41,2.385
3171,3.42,2.37
3172,3.0,3.0
3173,3.4,2.175
3174,3.295,2.345
3175,3.33,2.28
3176,3.32,2.295
3177,3.47,2.295
3178,3.6,2.075
3179,3.445,2.32
3180,3.305,2.33
3181,3.28,2.355
3182,3.41,2.385
3183,3.44,2.34
3184,3.37,2.445
3185,3.15,2.55
3186,3.365,2.24
3187,3.305,2.33
3188,3.325,2.3
3189,3.43,2.355
3190,3.355,2.255
3191,3.395,2.395
3192,3.38,2.205
3193,3.4,2.4
3194,3.335,2.285
3195,3.275,2.375
3196,3.37,2.22
3197,3.34,2.265
3198,3.48,2.28
3199,3.41,2.385
3200,3.43,2.33
3201,3.47,2.295
3202,3.355,2.255
3203,3.325,2.3
3204,3.29,2.34
3205,3.435,2.335
3206,3.535,2.185
3207,3.35,2.25
3208,3.41,2.385
3209,3.36,2.235
3210,3.435,2.135
3211,3.43,2.355
3212,3.315,2.315
3213,3.51,2.235
3214,3.45,2.325
3215,3.395,2.37
3216,3.49,2.24
3217,3.395,2.195
3218,3.36,2.235
3219,3.435,2.135
3220,3.33,2.28
3221,3.41,2.16
3222,3.51,2.235
3223,3.195,2.645
3224,3.425,2.35
3225,3.5,2.25
3226,3.32,2.295
3227,3.285,2.56
3228,3.0,3.0
3229,3.0,3.0
3230,2.94,2.865
3231,3.0,3.0
3232,3.365,2.44
3233,3.44,2.34
3234,3.0,3.0
3235,3.37,2.22
3236,3.0,3.0
3237,3.47,2.295
3238,3.0,3.0
3239,3.34,2.265
3240,3.29,2.34
3241,3.28,2.355
3242,3.41,2.385
3243,3.49,2.265
3244,3.38,2.205
3245,2.955,2.855
3246,3.0,3.0
3247,3.34,2.265
3248,3.425,2.325
3249,3.43,2.355
3250,3.39,2.19
3251,3.275,2.375
3252,3.0,3.0
3253,3.37,2.22
3254,3.425,2.15
3255,3.48,2.28
3256,3.0,3.0
3257,3.0,3.0
3258,3.395,2.195
3259,3.445,2.32
3260,3.385,2.41
3261,3.325,2.3
3262,3.32,2.295
3263,3.38,2.205
3264,3.405,2.18
3265,3.41,2.16
3266,3.36,2.235
3267,3.5,2.25
3268,3.45,2.25
3269,3.295,2.345
3270,3.0,3.0
3271,3.325,2.3
3272,3.325,2.3
3273,3.395,2.395
3274,3.295,2.345
3275,3.0,3.0
3276,3.305,2.33
3277,3.33,2.28
3278,3.49,2.265
3279,3.0,3.0
3280,3.375,2.225
3281,3.0,3.0
3282,3.36,2.235
3283,3.375,2.35
3284,3.175,2.725
3285,3.52,2.22
3286,3.0,3.0
3287,3.0,3.0
3288,3.45,2.325
3289,3.345,2.245
3290,3.4,2.35
3291,3.43,2.355
3292,3.305,2.33
3293,3.06,2.91
3294,3.285,2.335
3295,3.3,2.325
3296,3.0,3.0
3297,3.41,2.335
3298,3.345,2.32
3299,3.28,2.355
3300,3.295,2.345
3301,3.4,2.4
3302,3.325,2.3
3303,3.02,2.745
3304,3.0,3.0
3305,3.405,2.38
3306,3.44,2.34
3307,3.31,2.31
3308,3.0,3.0
3309,3.43,2.355
3310,3.38,2.43
3311,3.425,2.15
3312,3.35,2.25
3313,3.0,3.0
3314,3.48,2.28
3315,3.305,2.305
3316,3.33,2.28
3317,3.28,2.505
3318,3.33,2.28
3319,3.34,2.265
3320,3.4,2.175
3321,3.0,3.0
3322,3.345,2.27
3323,3.06,2.685
3324,3.335,2.285
3325,3.405,2.18
3326,3.355,2.305
3327,3.4,2.4
3328,3.0,3.0
3329,3.0,3.0
3330,3.27,2.57
3331,3.435,2.335
3332,3.0,3.0
3333,3.0,3.0
3334,3.325,2.3
3335,3.34,2.265
3336,3.0,3.0
3337,3.0,3.0
3338,3.43,2.355
3339,3.325,2.3
3340,3.3,2.325
3341,3.42,2.32
3342,3.425,2.15
3343,3.48,2.28
3344,3.41,2.285
3345,3.33,2.28
3346,3.37,2.395
3347,3.06,2.685
3348,3.31,2.31
3349,3.1,2.625
3350,3.43,2.305
3351,3.475,2.275
3352,3.3,2.325
3353,3.34,2.265
3354,3.26,2.385
3355,3.345,2.32
3356,3.345,2.27
3357,3.42,2.37
3358,3.305,2.33
3359,3.4,2.4
3360,3.43,2.355
3361,3.0,3.0
3362,3.005,2.98
3363,3.435,2.31
3364,3.29,2.565
3365,3.39,2.415
3366,3.0,3.0
3367,3.275,2.375
3368,3.345,2.47
3369,3.28,2.355
3370,3.35,2.25
3371,3.0,3.0
3372,3.335,2.26
3373,3.0,3.0
3374,3.43,2.33
3375,3.48,2.28
3376,3.34,2.265
3377,3.31,2.31
3378,3.37,2.22
3379,3.34,2.265
3380,3.305,2.33
3381,2.99,2.79
3382,3.34,2.265
3383,3.375,2.4
3384,3.32,2.295
3385,3.345,2.27
3386,3.41,2.31
3387,3.34,2.265
3388,3.43,2.355
3389,3.34,2.265
3390,3.315,2.315
3391,3.12,2.745
3392,3.4,2.4
3393,3.0,3.0
3394,3.29,2.34
3395,3.33,2.28
3396,3.32,2.295
3397,3.01,2.76
3398,3.425,2.35
3399,3.45,2.325
3400,3.43,2.355
3401,3.0,3.0
3402,3.28,2.355
3403,3.305,2.33
3404,3.41,2.36
3405,3.37,2.445
3406,3.32,2.295
3407,3.3,2.3
3408,3.0,3.0
3409,3.43,2.355
3410,3.385,2.41
3411,3.405,2.33
3412,2.99,2.79
3413,3.29,2.34
3414,3.05,2.7
3415,3.0,3.0
3416,3.325,2.3
3417,3.0,3.0
3418,3.3,2.325
3419,3.32,2.295
3420,3.41,2.385
3421,3.4,2.4
3422,3.33,2.28
3423,3.24,2.415
3424,3.35,2.25
3425,3.315,2.315
3426,3.315,2.315
3427,3.28,2.355
3428,3.0,3.0
3429,3.01,2.985
3430,3.32,2.295
3431,3.38,2.43
3432,3.01,2.985
3433,3.32,2.295
3434,3.32,2.295
3435,3.38,2.43
3436,3.375,2.425
3437,3.25,2.625
3438,3.3,2.325
3439,3.4,2.3
3440,3.42,2.37
3441,3.02,2.745
3442,3.0,3.0
3443,3.0,3.0
3444,3.32,2.295
3445,3.3,2.325
3446,3.245,2.42
3447,3.38,2.43
3448,3.0,3.0
3449,3.39,2.415
3450,3.38,2.43
3451,3.31,2.31
3452,3.37,2.445
3453,3.385,2.21
3454,3.35,2.25
3455,3.43,2.355
3456,3.42,2.295
3457,3.27,2.37
3458,3.31,2.31
3459,3.0,3.0
3460,3.42,2.37
3461,3.0,3.0
3462,3.375,2.425
3463,3.0,3.0
3464,3.39,2.415
3465,3.32,2.295
3466,3.42,2.37
3467,3.43,2.33
3468,3.34,2.265
3469,3.42,2.295
3470,3.365,2.24
3471,3.35,2.25
3472,3.41,2.385
3473,3.29,2.34
3474,3.0,3.0
3475,3.0,3.0
3476,3.32,2.295
3477,3.09,2.865
3478,3.07,2.895
3479,3.0,3.0
3480,3.14,2.565
3481,3.28,2.33
3482,3.435,2.335
3483,3.3,2.325
3484,3.13,2.805
3485,3.0,3.0
3486,3.0,3.0
3487,3.36,2.46
3488,3.33,2.28
3489,3.025,2.75
3490,3.28,2.555
3491,3.01,2.985
3492,2.965,2.815
3493,3.0,3.0
3494,3.395,2.395
3495,3.4,2.325
3496,3.38,2.43
3497,3.32,2.295
3498,3.38,2.43
3499,3.28,2.355
3500,3.0,3.0
3501,3.4,2.4
3502,3.3,2.325
3503,3.32,2.295
3504,3.0,2.775
3505,3.01,2.985
3506,3.31,2.31
3507,3.38,2.43
3508,3.315,2.29
3509,3.47,2.295
3510,3.3,2.325
3511,3.39,2.19
3512,3.0,3.0
3513,3.3,2.325
3514,3.335,2.285
3515,3.195,2.695
3516,3.415,2.365
3517,3.0,3.0
3518,3.32,2.295
3519,3.0,3.0
3520,3.29,2.34
3521,3.28,2.355
3522,3.395,2.395
3523,3.105,2.63
3524,3.0,3.0
3525,3.0,3.0
3526,2.96,2.835
3527,3.16,2.76
3528,3.0,3.0
3529,3.375,2.425
3530,3.3,2.325
3531,3.13,2.805
3532,3.0,3.0
3533,3.0,3.0
3534,3.335,2.285
3535,3.03,2.73
3536,3.41,2.385
3537,3.0,3.0
3538,3.125,2.8
3539,3.31,2.31
3540,3.15,2.55
3541,3.455,2.305
3542,3.325,2.3
3543,3.17,2.495
3544,3.0,3.0
3545,3.355,2.255
3546,3.49,2.19
3547,3.39,2.415
3548,3.14,2.565
3549,3.365,2.44
3550,3.33,2.28
3551,3.46,2.31
3552,3.425,2.15
3553,3.3,2.325
3554,3.25,2.4
3555,3.42,2.37
3556,3.47,2.245
3557,3.47,2.295
3558,3.38,2.205
3559,3.0,3.0
3560,3.0,3.0
3561,3.335,2.285
3562,3.38,2.405
3563,3.515,2.215
3564,3.35,2.25
3565,3.44,2.115
3566,3.0,3.0
3567,3.355,2.255
3568,3.44,2.34
3569,3.385,2.21
3570,3.34,2.265
3571,3.0,3.0
3572,3.405,2.18
3573,3.335,2.285
3574,3.395,2.195
3575,3.335,2.285
3576,3.365,2.24
3577,3.15,2.775
3578,3.435,2.135
3579,3.0,3.0
3580,3.26,2.385
3581,3.38,2.43
3582,3.5,2.2
3583,3.0,3.0
3584,3.295,2.345
3585,3.295,2.345
3586,3.0,3.0
3587,3.35,2.25
3588,3.4,2.175
3589,3.53,2.205
3590,3.0,3.0
3591,3.26,2.61
3592,3.49,2.24
3593,3.0,3.0
3594,3.26,2.385
3595,3.37,2.445
3596,3.515,2.215
3597,3.46,2.06
3598,3.41,2.16
3599,3.44,2.115
3600,3.0,3.0
3601,3.0,3.0
3602,3.575,2.125
3603,3.43,2.13
3604,3.0,3.0
3605,3.0,3.0
3606,3.49,2.165
3607,3.26,2.61
3608,3.0,3.0
3609,3.4,2.4
3610,3.355,2.255
3611,3.575,2.125
3612,3.45,2.325
3613,3.0,3.0
3614,3.25,2.4
3615,3.47,2.295
3616,3.485,2.21
3617,3.405,2.18
3618,3.595,2.095
3619,3.34,2.265
3620,3.42,2.145
3621,3.0,3.0
3622,3.66,2.01
3623,3.49,2.24
3624,3.38,2.205
3625,3.48,2.055
3626,3.51,2.235
3627,3.0,3.0
3628,3.48,2.055
3629,3.52,2.195
3630,3.43,2.13
3631,3.335,2.285
3632,3.0,3.0
3633,3.48,2.28
3634,3.45,2.1
3635,3.0,3.0
3636,3.49,2.04
3637,3.39,2.19
3638,3.505,2.03
3639,3.36,2.235
3640,3.35,2.25
3641,3.43,2.13
3642,3.45,2.25
3643,3.46,2.26
3644,3.0,3.0
3645,3.43,2.13
3646,3.0,3.0
3647,3.445,2.12
3648,3.0,3.0
3649,3.0,3.0
3650,3.4,2.175
3651,3.74,1.89
3652,3.415,2.165
3653,3.39,2.19
3654,3.41,2.16
3655,3.335,2.485
3656,3.41,2.385
3657,3.39,2.19
3658,3.0,3.0
3659,3.49,2.265
3660,3.565,1.915
3661,3.0,3.0
3662,3.365,2.24
3663,3.39,2.19
3664,3.565,1.99
3665,3.31,2.31
3666,3.525,2.2
3667,3.36,2.235
3668,3.48,2.23
3669,3.32,2.295
3670,3.4,2.4
3671,3.46,2.085
3672,3.375,2.225
3673,3.37,2.22
3674,3.0,3.0
3675,3.465,2.09
3676,3.38,2.205
3677,3.44,2.315
3678,3.42,2.37
3679,3.465,2.09
3680,3.455,2.28
3681,3.0,3.0
3682,3.0,3.0
3683,3.27,2.37
3684,3.555,2.155
3685,3.38,2.205
3686,3.0,3.0
3687,3.37,2.22
3688,3.0,3.0
3689,3.42,2.32
3690,3.49,2.265
3691,3.0,3.0
3692,3.0,3.0
3693,3.385,2.21
3694,3.395,2.195
3695,3.35,2.25
3696,3.41,2.16
3697,3.48,2.28
3698,3.35,2.25
3699,3.0,3.0
3700,3.34,2.265
3701,3.0,3.0
3702,3.0,3.0
3703,3.355,2.255
3704,3.43,2.13
3705,3.0,3.0
3706,3.4,2.175
3707,3.395,2.195
3708,3.32,2.295
3709,3.32,2.295
3710,3.42,2.32
3711,3.0,3.0
3712,3.46,2.31
3713,3.0,3.0
3714,3.31,2.31
3715,3.0,3.0
3716,3.085,2.66
3717,3.395,2.195
3718,3.35,2.25
3719,3.345,2.27
3720,3.35,2.25
3721,3.415,2.365
3722,3.46,2.31
3723,3.405,2.38
3724,3.38,2.205
3725,3.33,2.28
3726,3.49,2.265
3727,3.31,2.535
3728,3.32,2.295
3729,3.455,2.305
3730,3.415,2.165
3731,3.34,2.49
3732,3.365,2.24
3733,3.465,2.29
3734,3.33,2.28
3735,3.335,2.285
3736,3.325,2.3
3737,3.4,2.175
3738,3.32,2.295
3739,3.465,2.29
3740,3.0,3.0
3741,3.34,2.265
3742,3.43,2.355
3743,3.395,2.37
3744,3.35,2.25
3745,3.4,2.4
3746,3.0,3.0
3747,3.04,2.94
3748,3.44,2.34
3749,3.34,2.265
3750,3.46,2.285
3751,3.45,2.325
3752,3.43,2.355
3753,3.0,3.0
3754,3.36,2.235
3755,3.4,2.175
3756,3.385,2.185
3757,3.34,2.265
3758,3.0,3.0
3759,3.41,2.385
3760,3.285,2.335
3761,3.0,3.0
3762,3.46,2.31
3763,3.31,2.31
3764,3.11,2.835
3765,3.415,2.365
3766,3.0,3.0
3767,3.445,2.32
3768,3.365,2.44
3769,3.31,2.31
3770,3.29,2.34
3771,3.41,2.385
3772,3.385,2.21
3773,3.41,2.385
3774,3.33,2.28
3775,3.4,2.175
3776,3.325,2.3
3777,3.32,2.295
3778,3.0,3.0
3779,3.215,2.665
3780,3.295,2.52
3781,3.46,2.31
3782,3.32,2.295
3783,3.0,3.0
3784,3.35,2.25
3785,3.325,2.3
3786,3.35,2.25
3787,3.36,2.235
3788,3.36,2.235
3789,3.34,2.265
3790,3.38,2.43
3791,3.35,2.25
3792,3.0,3.0
3793,3.33,2.28
3794,3.0,3.0
3795,3.29,2.34
3796,3.295,2.345
3797,3.375,2.225
3798,3.41,2.385
3799,3.21,2.46
3800,3.0,3.0
3801,3.0,3.0
3802,3.27,2.545
3803,3.05,2.925
3804,3.42,2.295
3805,3.01,2.985
3806,3.295,2.345
3807,3.31,2.31
3808,3.01,2.985
3809,3.395,2.395
3810,3.42,2.345
3811,3.33,2.28
3812,3.335,2.285
3813,3.295,2.345
3814,3.0,3.0
3815,3.41,2.385
3816,3.0,3.0
3817,3.19,2.49
3818,3.44,2.34
3819,3.415,2.365
3820,3.08,2.655
3821,3.435,2.335
3822,3.32,2.295
3823,3.36,2.46
3824,3.375,2.225
3825,3.3,2.325
3826,3.005,2.98
3827,3.065,2.89
3828,3.12,2.82
3829,3.0,3.0
3830,3.36,2.46
3831,3.42,2.37
3832,3.44,2.265
3833,3.0,3.0
3834,3.35,2.25
3835,3.0,3.0
3836,3.0,3.0
3837,3.38,2.405
3838,3.39,2.415
3839,3.34,2.265
3840,3.005,2.78
3841,3.0,3.0
3842,3.43,2.305
3843,3.0,3.0
3844,3.375,2.425
3845,3.43,2.355
3846,3.155,2.755
3847,3.18,2.73
3848,3.36,2.235
3849,3.0,3.0
3850,3.365,2.44
3851,3.28,2.58
3852,3.31,2.31
3853,3.42,2.145
3854,3.0,3.0
3855,3.32,2.295
3856,3.1,2.625
3857,3.375,2.425
3858,3.0,3.0
3859,3.495,2.22
3860,3.265,2.39
3861,3.085,2.86
3862,3.0,3.0
3863,3.0,3.0
3864,3.3,2.325
3865,3.345,2.395
3866,3.265,2.59
3867,3.5,2.225
3868,3.525,2.2
3869,3.335,2.335
3870,3.52,2.22
3871,3.0,3.0
3872,3.45,2.1
3873,3.425,2.15
3874,3.4,2.175
3875,3.55,2.175
3876,3.515,2.015
3877,3.63,2.055
3878,3.385,2.21
3879,3.47,2.07
3880,3.52,2.22
3881,3.46,2.085
3882,3.53,2.205
3883,3.0,3.0
3884,3.0,3.0
3885,3.42,2.145
3886,3.425,2.15
3887,3.0,3.0
3888,3.39,2.165
3889,3.0,3.0
3890,3.0,3.0
3891,3.56,2.085
3892,3.435,2.135
3893,3.47,2.07
3894,3.41,2.16
3895,3.37,2.22
3896,3.005,2.98
3897,3.36,2.21
3898,3.56,1.935
3899,3.32,2.295
3900,3.52,2.22
3901,3.52,2.22
3902,3.5,2.25
3903,3.33,2.28
3904,3.54,2.115
3905,3.49,2.265
3906,3.0,3.0
3907,3.36,2.235
3908,3.4,2.175
3909,3.46,2.31
3910,3.515,2.215
3911,3.575,2.125
3912,3.435,2.335
3913,3.32,2.295
3914,3.52,2.145
3915,3.535,2.185
3916,3.465,2.265
3917,3.43,2.13
3918,3.48,2.28
3919,3.545,2.145
3920,3.52,2.22
3921,3.485,2.06
3922,3.1,2.85
3923,3.46,2.31
3924,3.415,2.34
3925,3.34,2.265
3926,3.465,2.29
3927,3.48,2.28
3928,3.32,2.295
3929,3.06,2.91
3930,3.52,2.22
3931,3.41,2.16
3932,3.48,2.055
3933,3.0,3.0
3934,3.56,2.085
3935,3.44,2.115
3936,3.52,2.22
3937,3.0,3.0
3938,3.46,2.085
3939,3.555,2.105
3940,3.0,3.0
3941,3.56,2.16
3942,3.54,2.19
3943,3.495,2.045
3944,3.48,2.055
3945,3.545,2.07
3946,3.485,2.06
3947,3.58,2.13
3948,3.59,2.115
3949,3.4,2.175
3950,3.495,2.045
3951,3.48,2.055
3952,3.0,3.0
3953,3.465,2.065
3954,3.585,2.085
3955,3.49,2.04
3956,2.985,2.785
3957,3.595,2.095
3958,3.475,2.075
3959,3.46,2.085
3960,3.0,3.0
3961,3.48,2.205
3962,3.47,2.07
3963,3.43,2.13
3964,3.545,2.145
3965,3.605,2.08
3966,3.49,2.04
3967,3.595,2.095
3968,3.59,2.04
3969,3.0,3.0
3970,3.62,2.07
3971,3.455,2.105
3972,3.6,2.1
3973,3.37,2.22
3974,3.485,2.06
3975,3.42,2.145
3976,3.48,2.055
3977,3.615,2.065
3978,3.48,2.28
3979,3.0,3.0
3980,3.465,2.065
3981,3.57,2.145
3982,3.505,2.03
3983,3.37,2.22
3984,3.49,2.265
3985,3.025,2.95
3986,3.5,2.225
3987,3.41,2.16
3988,3.485,2.035
3989,3.0,3.0
3990,3.52,2.145
3991,3.01,2.985
3992,3.37,2.22
3993,3.49,2.04
3994,3.44,2.115
3995,3.33,2.28
3996,3.0,3.0
3997,3.56,2.16
3998,3.485,2.26
3999,3.0,3.0
4000,3.44,2.115
4001,3.46,2.085
4002,3.42,2.145
4003,3.355,2.23
4004,3.47,2.07
4005,3.565,2.14
4006,3.28,2.355
4007,3.095,2.845
4008,3.45,2.1
4009,3.48,2.055
4010,3.0,3.0
4011,3.445,2.095
4012,3.48,2.055
4013,3.35,2.475
4014,3.45,2.1
4015,3.2,2.7
4016,3.465,2.29
4017,3.58,2.105
4018,3.46,2.085
4019,3.5,2.025
4020,3.47,2.07
4021,3.345,2.245
4022,3.45,2.1
4023,3.4,2.175
4024,3.47,2.07
4025,3.29,2.34
4026,3.495,2.02
4027,3.375,2.2
4028,3.565,2.14
4029,3.0,3.0
4030,3.46,2.085
4031,3.455,2.23
4032,3.0,3.0
4033,3.45,2.1
4034,3.39,2.19
4035,3.0,3.0
4036,3.575,2.1
4037,3.46,2.085
4038,3.4,2.4
4039,3.45,2.1
4040,3.48,2.18
4041,3.44,2.115
4042,3.47,2.07
4043,3.4,2.4
4044,3.44,2.115
4045,3.48,2.055
4046,3.555,2.155
4047,3.0,3.0
4048,3.39,2.19
4049,3.44,2.115
4050,3.5,2.25
4051,3.47,2.07
4052,3.56,2.16
4053,3.45,2.325
4054,3.0,3.0
4055,3.46,2.085
4056,3.48,2.28
4057,3.54,2.14
4058,3.04,2.715
4059,3.565,2.09
4060,3.0,3.0
4061,3.06,2.91
4062,3.45,2.1
4063,3.455,2.305
4064,3.52,2.22
4065,3.565,2.14
4066,3.45,2.1
4067,3.545,2.095
4068,3.0,3.0
4069,3.46,2.085
4070,3.42,2.145
4071,3.53,2.205
4072,3.39,2.19
4073,3.42,2.37
4074,3.47,2.07
4075,3.54,2.19
4076,3.46,2.085
4077,3.44,2.115
4078,3.21,2.46
4079,3.0,3.0
4080,3.39,2.19
4081,3.0,3.0
4082,3.46,2.085
4083,3.0,3.0
4084,3.51,2.235
4085,3.47,2.07
4086,3.0,3.0
4087,3.465,2.29
4088,3.59,2.115
4089,3.0,3.0
4090,3.45,2.325
4091,3.575,2.1
4092,3.0,3.0
4093,3.53,2.13
4094,3.36,2.46
4095,3.45,2.1
4096,3.47,2.07
4097,3.31,2.31
4098,3.0,3.0
4099,3.535,2.135
4100,3.08,2.655
4101,3.03,2.73
4102,3.415,2.365
4103,3.0,3.0
4104,3.32,2.295
4105,3.55,2.1
4106,3.0,3.0
4107,3.49,2.265
4108,3.53,2.13
4109,3.32,2.295
4110,3.45,2.1
4111,3.22,2.445
4112,3.31,2.31
4113,3.485,2.06
4114,3.435,2.335
4115,3.47,2.07
4116,3.0,3.0
4117,3.36,2.235
4118,3.35,2.25
4119,3.43,2.13
4120,3.0,3.0
4121,3.45,2.1
4122,3.39,2.19
4123,3.46,2.26
4124,3.12,2.82
4125,3.46,2.085
4126,3.55,2.125
4127,3.47,2.07
4128,3.47,2.07
4129,3.565,2.115
4130,3.48,2.28
4131,3.0,3.0
4132,3.57,2.145
4133,3.55,2.175
4134,3.29,2.34
4135,3.475,2.25
4136,3.45,2.1
4137,3.46,2.085
4138,3.06,2.685
4139,3.35,2.475
4140,3.435,2.335
4141,3.27,2.345
4142,3.555,2.155
4143,3.57,2.145
4144,3.4,2.4
4145,3.575,2.125
4146,3.46,2.31
4147,3.46,2.085
4148,3.0,3.0
4149,3.56,2.16
4150,3.51,2.235
4151,3.475,2.25
4152,3.43,2.13
4153,3.29,2.315
4154,3.4,2.4
4155,3.53,2.205
4156,3.525,2.2
4157,3.495,2.245
4158,3.28,2.355
4159,3.47,2.07
4160,3.54,2.19
4161,3.49,2.19
4162,3.26,2.385
4163,3.47,2.045
4164,3.445,2.32
4165,3.38,2.43
4166,3.525,2.15
4167,3.4,2.175
4168,3.0,3.0
4169,3.0,3.0
4170,3.45,2.1
4171,3.46,2.085
4172,3.525,2.125
4173,3.45,2.1
4174,3.515,2.19
4175,3.38,2.205
4176,3.0,3.0
4177,3.09,2.865
4178,3.55,2.125
4179,3.43,2.13
4180,3.46,2.085
4181,3.44,2.115
4182,3.36,2.235
4183,3.0,3.0
4184,3.51,2.235
4185,3.38,2.13
4186,3.46,2.085
4187,3.46,2.31
4188,3.0,3.0
4189,3.27,2.37
4190,3.0,3.0
4191,3.0,3.0
4192,3.47,2.07
4193,3.5,2.25
4194,3.38,2.205
4195,3.0,3.0
4196,3.48,2.055
4197,3.45,2.3
4198,3.4,2.175
4199,3.1,2.625
4200,3.0,3.0
4201,3.35,2.475
4202,3.3,2.55
4203,3.44,2.34
4204,3.0,3.0
4205,3.46,2.085
4206,3.41,2.385
4207,3.52,2.12
4208,3.45,2.1
4209,3.36,2.235
4210,3.38,2.355
4211,3.45,2.325
4212,3.515,2.04
4213,3.32,2.295
4214,3.44,2.115
4215,3.45,2.1
4216,3.41,2.16
4217,3.45,2.325
4218,3.45,2.1
4219,3.43,2.13
4220,3.385,2.335
4221,3.31,2.285
4222,3.4,2.175
4223,3.41,2.16
4224,3.39,2.19
4225,3.44,2.115
4226,3.475,2.275
4227,3.46,2.085
4228,3.48,2.28
4229,3.4,2.175
4230,3.0,3.0
4231,3.0,3.0
4232,3.57,2.145
4233,3.53,2.205
4234,3.515,2.14
4235,3.31,2.31
4236,3.265,2.59
4237,3.43,2.13
4238,3.42,2.12
4239,3.0,3.0
4240,3.49,2.19
4241,3.47,2.07
4242,3.41,2.16
4243,3.43,2.13
4244,3.335,2.26
4245,3.33,2.28
4246,3.45,2.325
4247,3.36,2.235
4248,3.45,2.075
4249,3.525,2.2
4250,3.45,2.1
4251,3.43,2.13
4252,3.42,2.145
4253,3.445,2.32
4254,3.525,2.2
4255,3.41,2.135
4256,3.35,2.25
4257,3.415,2.29
4258,3.44,2.115
4259,3.0,3.0
4260,3.0,3.0
4261,3.4,2.4
4262,3.505,2.23
4263,3.38,2.355
4264,3.4,2.175
4265,3.415,2.34
4266,3.45,2.275
4267,3.49,2.24
4268,3.505,2.205
4269,3.0,3.0
4270,3.41,2.135
4271,3.42,2.37
4272,3.4,2.175
4273,3.0,3.0
4274,3.31,2.285
4275,3.42,2.37
4276,3.42,2.145
4277,3.34,2.265
4278,3.39,2.165
4279,3.31,2.285
4280,3.415,2.14
4281,3.0,3.0
4282,3.38,2.43
4283,3.33,2.28
4284,3.39,2.165
4285,3.0,3.0
4286,3.45,2.325
4287,3.33,2.28
4288,3.38,2.43
4289,3.39,2.19
4290,3.32,2.295
4291,3.52,2.195
4292,3.33,2.28
4293,3.43,2.305
4294,3.35,2.25
4295,3.0,3.0
4296,3.445,2.245
4297,3.27,2.345
4298,3.34,2.265
4299,3.39,2.415
4300,3.415,2.365
4301,3.435,2.335
4302,3.47,2.27
4303,3.32,2.295
4304,3.47,2.27
4305,3.37,2.22
4306,3.39,2.415
4307,3.29,2.315
4308,3.42,2.345
4309,3.36,2.235
4310,3.38,2.43
4311,3.28,2.33
4312,3.42,2.37
4313,3.38,2.43
4314,3.46,2.31
4315,3.07,2.67
4316,3.29,2.34
4317,3.0,3.0
4318,3.41,2.385
4319,3.0,3.0
4320,3.325,2.275
4321,2.96,2.81
4322,3.01,2.985
4323,3.0,3.0
4324,3.34,2.265
4325,3.38,2.43
4326,3.405,2.38
4327,3.32,2.295
4328,3.41,2.385
4329,3.33,2.255
4330,3.0,3.0
4331,3.4,2.325
4332,3.37,2.445
4333,3.275,2.35
4334,3.45,2.325
4335,3.3,2.325
4336,3.4,2.175
4337,3.3,2.3
4338,3.0,3.0
4339,3.29,2.34
4340,3.0,3.0
4341,3.0,3.0
4342,3.33,2.255
4343,3.29,2.34
4344,3.295,2.27
4345,3.41,2.385
4346,3.39,2.34
4347,3.38,2.205
4348,3.0,3.0
4349,3.32,2.295
4350,3.0,3.0
4351,3.415,2.29
4352,3.01,2.985
4353,3.29,2.315
4354,3.475,2.275
4355,3.345,2.195
4356,3.0,3.0
4357,3.32,2.295
4358,3.39,2.415
4359,3.37,2.22
4360,3.4,2.4
4361,3.44,2.29
4362,3.32,2.295
4363,3.39,2.415
4364,3.41,2.36
4365,3.0,3.0
4366,3.4,2.375
4367,3.3,2.325
4368,3.4,2.4
4369,3.31,2.31
4370,3.39,2.365
4371,3.0,3.0
4372,3.395,2.395
4373,3.31,2.285
4374,3.44,2.315
4375,3.42,2.345
4376,3.29,2.315
4377,3.385,2.41
4378,3.34,2.265
4379,3.39,2.415
4380,3.39,2.415
4381,3.275,2.5
4382,3.395,2.395
4383,3.3,2.325
4384,3.0,3.0
4385,3.275,2.35
4386,3.39,2.415
4387,3.34,2.265
4388,3.315,2.29
4389,3.0,3.0
4390,3.405,2.305
4391,3.3,2.3
4392,3.39,2.415
4393,3.4,2.4
4394,3.32,2.295
4395,3.43,2.305
4396,3.3,2.3
4397,3.38,2.355
4398,3.38,2.43
4399,3.41,2.36
4400,3.41,2.385
4401,3.29,2.315
4402,3.29,2.315
4403,3.29,2.315
4404,3.3,2.325
4405,3.385,2.41
4406,3.415,2.365
4407,3.395,2.395
4408,3.335,2.31
4409,3.425,2.35
4410,3.39,2.415
4411,3.0,3.0
4412,3.3,2.325
4413,3.3,2.3
4414,3.385,2.385
4415,3.435,2.335
4416,3.395,2.395
4417,3.405,2.38
4418,3.415,2.365
4419,3.0,3.0
4420,3.28,2.33
4421,3.0,3.0
4422,3.395,2.395
4423,3.405,2.38
4424,3.29,2.315
4425,3.0,3.0
4426,3.39,2.415
4427,3.3,2.325
4428,3.31,2.31
4429,3.39,2.415
4430,3.01,2.985
4431,3.415,2.365
4432,3.39,2.415
4433,3.4,2.4
4434,3.3,2.325
4435,3.385,2.41
4436,3.28,2.33
4437,3.39,2.415
4438,3.295,2.32
4439,3.415,2.365
4440,3.4,2.4
4441,3.0,3.0
4442,3.0,3.0
4443,3.29,2.315
4444,3.4,2.4
4445,3.34,2.265
4446,3.42,2.345
4447,3.34,2.24
4448,3.4,2.4
4449,3.4,2.4
4450,3.395,2.395
4451,3.31,2.285
4452,3.385,2.41
4453,3.39,2.415
4454,3.29,2.315
4455,3.0,3.0
4456,3.435,2.335
4457,3.0,3.0
4458,3.3,2.325
4459,3.39,2.415
4460,3.32,2.295
4461,3.415,2.365
4462,3.31,2.285
4463,3.31,2.31
4464,3.405,2.38
4465,3.31,2.285
4466,3.395,2.37
4467,3.0,3.0
4468,3.385,2.385
4469,3.32,2.295
4470,3.425,2.35
4471,3.24,2.415
4472,3.29,2.315
4473,3.33,2.28
4474,3.0,3.0
4475,3.32,2.295
4476,3.3,2.3
4477,3.29,2.315
4478,3.29,2.315
4479,3.29,2.315
4480,3.395,2.395
4481,3.32,2.295
4482,3.32,2.27
4483,3.38,2.38
4484,3.3,2.3
4485,3.44,2.315
4486,3.0,3.0
4487,3.4,2.4
4488,3.415,2.365
4489,3.28,2.33
4490,3.28,2.33
4491,3.29,2.315
4492,3.28,2.33
4493,3.41,2.385
4494,3.01,2.985
4495,3.28,2.33
4496,3.39,2.415
4497,3.39,2.415
4498,3.3,2.3
4499,3.43,2.33
4500,3.4,2.4
4501,3.395,2.395
4502,3.29,2.315
4503,3.29,2.315
4504,3.29,2.315
4505,3.31,2.31
4506,3.315,2.29
4507,3.0,3.0
4508,3.29,2.315
4509,3.35,2.225
4510,3.27,2.345
4511,3.3,2.3
4512,3.4,2.4
4513,3.0,3.0
4514,3.39,2.415
4515,3.275,2.3
4516,3.32,2.27
4517,3.32,2.295
4518,3.3,2.3
4519,3.39,2.415
4520,3.3,2.3
4521,3.29,2.315
4522,3.31,2.285
4523,3.29,2.315
4524,3.395,2.395
4525,3.4,2.325
4526,3.33,2.255
4527,3.28,2.33
4528,3.28,2.305
4529,3.29,2.315
4530,3.29,2.315
4531,3.395,2.37
4532,3.0,3.0
4533,3.0,3.0
4534,3.38,2.33
4535,3.275,2.3
4536,3.385,2.36
4537,3.395,2.395
4538,3.0,3.0
4539,3.4,2.4
4540,3.29,2.315
4541,3.19,2.465
4542,3.3,2.3
4543,3.3,2.3
4544,3.285,2.285
4545,3.29,2.265
4546,3.4,2.4
4547,3.395,2.395
4548,3.4,2.4
4549,3.285,2.285
4550,3.41,2.36
4551,3.39,2.415
4552,3.425,2.35
4553,3.4,2.4
4554,3.0,3.0
4555,3.38,2.33
4556,3.28,2.33
4557,3.43,2.355
4558,3.01,2.985
4559,3.285,2.285
4560,3.0,3.0
4561,3.31,2.285
4562,3.29,2.315
4563,3.355,2.355
4564,3.0,3.0
4565,3.39,2.415
4566,3.34,2.265
4567,3.29,2.315
4568,3.29,2.315
4569,3.37,2.395
4570,3.3,2.3
4571,3.425,2.275
4572,3.01,2.985
4573,3.34,2.24
4574,3.0,3.0
4575,3.27,2.27
4576,3.41,2.335
4577,3.39,2.415
4578,3.29,2.315
4579,3.395,2.395
4580,3.0,3.0
4581,3.295,2.27
4582,3.39,2.415
4583,3.4,2.4
4584,3.0,3.0
4585,3.4,2.375
4586,3.0,3.0
4587,3.31,2.285
4588,3.0,3.0
4589,3.41,2.385
4590,3.405,2.38
4591,3.31,2.285
4592,3.41,2.385
4593,3.27,2.27
4594,3.3,2.325
4595,3.385,2.41
4596,3.0,3.0
4597,3.385,2.385
4598,3.4,2.4
4599,3.29,2.315
4600,3.295,2.27
4601,3.28,2.33
4602,3.29,2.315
4603,3.44,2.34
4604,3.405,2.38
4605,3.0,3.0
4606,3.3,2.3
4607,3.41,2.385
4608,3.4,2.4
4609,3.29,2.315
4610,3.3,2.3
4611,3.28,2.33
4612,3.37,2.32
4613,3.405,2.355
4614,3.41,2.385
4615,3.0,3.0
4616,3.285,2.285
4617,3.29,2.315
4618,3.275,2.3
4619,3.28,2.28
4620,3.405,2.38
4621,3.415,2.365
4622,3.36,2.185
4623,3.44,2.315
4624,3.4,2.4
4625,3.295,2.32
4626,3.4,2.4
4627,3.275,2.3
4628,3.285,2.285
4629,3.345,2.32
4630,3.405,2.38
4631,3.395,2.32
4632,3.39,2.415
4633,3.29,2.29
4634,3.27,2.295
4635,3.405,2.38
4636,3.28,2.33
4637,3.3,2.3
4638,3.395,2.32
4639,3.32,2.27
4640,3.415,2.365
4641,3.43,2.305
4642,3.08,2.855
4643,3.29,2.315
4644,3.0,3.0
4645,3.415,2.365
4646,3.3,2.3
4647,3.01,2.985
4648,3.425,2.35
4649,3.4,2.35
4650,3.3,2.3
4651,3.275,2.3
4652,3.38,2.355
4653,3.3,2.3
4654,3.29,2.315
4655,3.34,2.315
4656,3.405,2.38
4657,3.275,2.3
4658,3.33,2.28
4659,3.395,2.395
4660,3.405,2.38
4661,3.285,2.285
4662,3.275,2.3
4663,3.4,2.4
4664,3.31,2.285
4665,3.415,2.365
4666,3.305,2.255
4667,3.4,2.4
4668,3.29,2.315
4669,3.01,2.735
4670,3.29,2.315
4671,3.3,2.3
4672,3.285,2.285
4673,3.29,2.315
4674,3.31,2.285
4675,3.28,2.28
4676,3.285,2.285
4677,3.29,2.315
4678,3.3,2.3
4679,3.39,2.415
4680,3.32,2.27
4681,3.0,3.0
4682,3.275,2.325
4683,3.34,2.265
4684,3.28,2.28
4685,3.3,2.3
4686,3.29,2.315
4687,3.27,2.27
4688,3.3,2.3
4689,3.385,2.385
4690,3.46,2.26
4691,3.395,2.395
4692,3.0,3.0
4693,3.27,2.27
4694,3.0,3.0
4695,3.29,2.315
4696,3.42,2.345
4697,3.3,2.3
4698,3.285,2.285
4699,3.41,2.36
4700,3.375,2.35
4701,3.29,2.315
4702,3.295,2.27
4703,3.29,2.315
4704,3.29,2.315
4705,3.445,2.32
4706,3.4,2.4
4707,3.425,2.35
4708,3.0,3.0
4709,3.4,2.4
4710,3.405,2.38
4711,3.4,2.4
4712,3.0,3.0
4713,3.31,2.285
4714,3.3,2.3
4715,3.29,2.315
4716,3.31,2.285
4717,3.285,2.285
4718,3.285,2.285
4719,3.295,2.27
4720,3.0,3.0
4721,3.0,3.0
4722,3.305,2.255
4723,3.31,2.285
4724,3.28,2.33
4725,3.3,2.3
4726,3.4,2.4
4727,3.39,2.415
4728,3.4,2.35
4729,3.0,3.0
4730,3.385,2.36
4731,3.395,2.395
4732,3.385,2.385
4733,3.42,2.32
4734,3.27,2.295
4735,3.31,2.285
4736,3.39,2.415
4737,3.31,2.285
4738,3.29,2.315
4739,3.385,2.41
4740,3.275,2.3
4741,3.3,2.3
4742,3.0,3.0
4743,3.37,2.345
4744,3.39,2.415
4745,3.27,2.295
4746,3.415,2.365
4747,3.29,2.315
4748,3.29,2.315
4749,3.28,2.305
4750,3.395,2.345
4751,3.4,2.35
4752,3.295,2.27
4753,3.0,3.0
4754,3.0,3.0
4755,3.4,2.4
4756,3.32,2.27
4757,3.41,2.36
4758,3.375,2.3
4759,3.0,3.0
4760,3.3,2.3
4761,3.4,2.4
4762,3.415,2.365
4763,3.37,2.37
4764,3.395,2.395
4765,3.0,3.0
4766,3.3,2.3
4767,3.29,2.315
4768,3.3,2.3
4769,3.41,2.385
4770,3.4,2.4
4771,3.275,2.3
4772,3.38,2.38
4773,3.395,2.395
4774,3.29,2.315
4775,3.4,2.4
4776,3.28,2.28
4777,3.285,2.285
4778,3.285,2.285
4779,3.0,3.0
4780,3.265,2.265
4781,3.4,2.4
4782,3.26,2.31
4783,3.3,2.3
4784,3.285,2.285
4785,3.395,2.395
4786,3.33,2.255
4787,3.4,2.4
4788,3.29,2.265
4789,3.39,2.415
4790,3.275,2.325
4791,3.395,2.37
4792,3.405,2.38
4793,3.39,2.415
4794,3.39,2.415
4795,3.38,2.305
4796,3.4,2.4
4797,3.395,2.395
4798,3.41,2.335
4799,3.29,2.315
4800,3.41,2.385
4801,3.41,2.385
4802,3.33,2.255
4803,3.39,2.415
4804,3.3,2.3
4805,3.27,2.27
4806,3.415,2.365
4807,3.41,2.385
4808,3.29,2.315
4809,3.0,3.0
4810,3.42,2.37
4811,3.4,2.4
4812,3.32,2.295
4813,3.28,2.33
4814,3.41,2.385
4815,3.41,2.36
4816,3.29,2.315
4817,3.395,2.395
4818,3.39,2.415
4819,3.4,2.4
4820,3.285,2.285
4821,3.395,2.395
4822,3.0,3.0
4823,3.285,2.285
4824,3.395,2.395
4825,3.41,2.385
4826,3.39,2.415
4827,3.27,2.295
4828,3.39,2.415
4829,3.4,2.4
4830,3.28,2.255
4831,3.405,2.38
4832,3.29,2.315
4833,3.39,2.215
4834,3.27,2.295
4835,3.285,2.285
4836,3.405,2.38
4837,3.28,2.28
4838,3.28,2.255
4839,3.295,2.27
4840,3.41,2.335
4841,3.41,2.335
4842,3.29,2.265
4843,3.3,2.3
4844,3.4,2.35
4845,3.395,2.395
4846,3.395,2.32
4847,3.27,2.27
4848,3.01,2.985
4849,3.425,2.35
4850,3.29,2.315
4851,3.425,2.325
4852,3.305,2.28
4853,3.41,2.385
4854,3.275,2.325
4855,3.415,2.365
4856,3.395,2.395
4857,3.31,2.285
4858,3.39,2.415
4859,3.28,2.255
4860,3.4,2.4
4861,3.405,2.38
4862,3.3,2.3
4863,3.31,2.285
4864,3.385,2.36
4865,3.295,2.295
4866,3.32,2.27
4867,3.27,2.295
4868,3.29,2.29
4869,3.3,2.275
4870,3.295,2.27
4871,3.405,2.38
4872,3.41,2.36
4873,3.34,2.29
4874,3.285,2.285
4875,3.28,2.255
4876,3.4,2.4
4877,3.395,2.395
4878,3.4,2.4
4879,3.415,2.29
4880,3.31,2.21
4881,3.27,2.295
4882,3.41,2.385
4883,3.275,2.25
4884,3.38,2.38
4885,3.42,2.37
4886,3.4,2.4
4887,3.28,2.255
4888,3.405,2.38
4889,3.4,2.4
4890,3.39,2.415
4891,3.3,2.3
4892,3.4,2.4
4893,3.3,2.3
4894,3.29,2.265
4895,3.27,2.295
4896,3.29,2.265
4897,3.36,2.335
4898,3.3,2.25
4899,3.28,2.28
4900,3.27,2.295
4901,3.395,2.345
4902,3.41,2.385
4903,3.27,2.295
4904,3.3,2.3
4905,3.285,2.285
4906,3.4,2.375
4907,3.4,2.4
4908,3.27,2.27
4909,3.295,2.27
4910,3.0,3.0
4911,3.285,2.285
4912,3.29,2.265
4913,3.3,2.3
4914,3.415,2.34
4915,3.395,2.395
4916,3.4,2.4
4917,3.31,2.235
4918,3.395,2.395
4919,3.39,2.34
4920,3.415,2.365
4921,3.29,2.315
4922,3.415,2.365
4923,3.27,2.295
4924,3.4,2.4
4925,3.0,3.0
4926,3.28,2.255
4927,3.29,2.315
4928,3.41,2.385
4929,3.0,3.0
4930,3.28,2.23
4931,3.26,2.26
4932,3.27,2.27
4933,3.41,2.335
4934,3.39,2.39
4935,3.295,2.295
4936,3.28,2.28
4937,3.01,2.985
4938,3.275,2.25
4939,3.39,2.415
4940,3.415,2.365
4941,3.27,2.295
4942,3.435,2.31
4943,3.275,2.275
4944,3.275,2.25
4945,3.29,2.265
4946,3.3,2.25
4947,3.0,3.0
4948,3.3,2.25
4949,3.3,2.3
4950,3.395,2.395
4951,3.285,2.285
4952,3.0,3.0
4953,3.38,2.33
4954,3.32,2.27
4955,3.395,2.395
4956,3.28,2.305
4957,3.28,2.28
4958,3.285,2.285
4959,3.28,2.28
4960,3.4,2.4
4961,3.265,2.265
4962,3.285,2.285
4963,3.28,2.255
4964,3.41,2.385
4965,3.305,2.28
4966,3.285,2.31
4967,3.26,2.26
4968,3.28,2.305
4969,3.0,3.0
4970,3.295,2.27
4971,3.305,2.205
4972,3.28,2.28
4973,3.285,2.285
4974,3.41,2.385
4975,3.28,2.28
4976,3.28,2.28
4977,3.41,2.385
4978,3.405,2.33
4979,3.4,2.35
4980,3.27,2.295
4981,3.295,2.27
4982,3.405,2.305
4983,3.28,2.28
4984,3.4,2.4
4985,3.285,2.235
4986,3.39,2.365
4987,3.285,2.26
4988,3.415,2.365
4989,3.39,2.365
4990,3.41,2.385
4991,3.41,2.385
4992,3.265,2.29
4993,3.3,2.3
4994,3.285,2.285
4995,3.4,2.4
4996,3.4,2.4
4997,3.4,2.4
4998,3.0,3.0
4999,3.275,2.275
