,NeuralAgentOpMe_RandomChoiceAgent_rng,RandomChoiceAgent
0,1.81,3.285
1,1.89,3.29
2,1.97,2.97
3,1.65,3.325
4,1.775,3.2
5,1.745,3.27
6,1.805,3.18
7,1.87,3.195
8,1.73,3.33
9,1.82,3.295
10,1.83,3.03
11,1.735,3.235
12,1.77,3.245
13,1.86,3.11
14,1.935,2.96
15,1.965,3.165
16,1.795,3.32
17,1.785,3.26
18,1.765,3.165
19,1.655,3.28
20,1.825,3.0
21,1.855,3.13
22,1.735,3.185
23,1.7,3.35
24,1.635,3.26
25,1.94,3.04
26,1.995,3.02
27,1.775,3.2
28,1.8,3.2
29,1.67,3.32
30,1.695,3.295
31,1.59,3.365
32,1.685,3.235
33,2.01,3.06
34,1.73,3.355
35,1.985,3.135
36,1.86,3.21
37,1.815,3.115
38,2.0,3.2
39,1.995,3.07
40,1.68,3.305
41,1.83,3.255
42,1.91,3.235
43,1.96,3.06
44,1.9,3.2
45,1.985,3.035
46,2.07,2.97
47,1.83,3.105
48,1.765,3.215
49,2.005,2.93
50,2.03,3.055
51,1.655,3.28
52,1.765,3.19
53,2.245,2.745
54,1.925,3.15
55,1.71,3.285
56,1.96,3.21
57,1.755,3.23
58,1.915,2.965
59,1.7,3.275
60,2.05,2.975
61,1.905,2.955
62,1.88,3.255
63,1.755,3.18
64,1.86,3.235
65,1.99,3.065
66,1.665,3.24
67,1.83,3.105
68,1.735,3.21
69,1.865,3.14
70,1.935,3.06
71,1.89,3.04
72,1.94,3.19
73,2.035,2.96
74,1.945,3.045
75,1.935,3.16
76,1.845,3.22
77,2.055,3.03
78,2.0,3.0
79,1.62,3.345
80,1.905,3.03
81,1.76,3.26
82,1.9,3.1
83,1.84,3.24
84,2.14,2.94
85,1.635,3.26
86,1.84,3.115
87,1.84,3.115
88,1.97,2.945
89,1.88,3.13
90,1.95,3.075
91,1.82,3.07
92,1.835,3.185
93,1.85,3.125
94,2.065,3.04
95,2.03,2.98
96,1.865,3.19
97,1.815,3.165
98,1.825,3.075
99,1.89,3.165
100,1.675,3.25
101,1.79,3.29
102,1.815,3.265
103,1.89,3.19
104,1.66,3.31
105,1.905,3.205
106,1.57,3.47
107,1.99,3.04
108,1.83,3.13
109,1.675,3.15
110,1.93,3.23
111,2.005,3.03
112,1.895,3.22
113,1.89,3.29
114,1.85,3.15
115,1.695,3.195
116,1.83,3.03
117,1.855,3.055
118,2.02,3.045
119,1.96,3.06
120,1.975,3.05
121,1.78,3.255
122,1.695,3.195
123,2.065,2.965
124,1.855,3.155
125,1.86,3.135
126,1.96,3.085
127,2.01,3.185
128,1.86,3.01
129,1.825,3.175
130,1.71,3.16
131,1.835,3.185
132,2.065,3.065
133,1.715,3.24
134,1.855,3.18
135,1.885,3.135
136,1.86,3.035
137,1.895,3.195
138,1.73,3.355
139,1.895,3.095
140,1.92,3.07
141,2.09,3.015
142,1.77,3.395
143,1.86,3.21
144,1.85,3.175
145,1.885,3.16
146,1.695,3.195
147,1.78,3.08
148,1.86,3.185
149,1.665,3.29
150,1.97,3.145
151,1.86,3.06
152,1.75,3.15
153,1.825,3.25
154,1.68,3.23
155,1.6,3.4
156,1.69,3.215
157,1.75,3.125
158,1.87,3.07
159,1.95,3.175
160,1.94,3.015
161,1.915,3.19
162,1.75,3.175
163,1.865,3.04
164,1.955,3.18
165,1.72,3.345
166,1.94,3.015
167,1.42,3.445
168,1.875,3.075
169,1.74,3.24
170,1.905,3.205
171,1.79,3.265
172,1.865,3.165
173,1.715,3.24
174,1.845,3.07
175,1.655,3.255
176,1.585,3.335
177,1.875,2.9
178,1.89,3.115
179,1.885,3.185
180,1.885,3.06
181,1.995,3.02
182,1.835,3.085
183,1.81,3.135
184,2.005,3.03
185,1.76,3.26
186,1.805,3.155
187,1.96,3.135
188,1.865,3.115
189,2.015,3.115
190,1.63,3.405
191,2.0,3.025
192,1.555,3.405
193,1.9,3.225
194,1.8,3.0
195,1.875,3.175
196,1.74,3.215
197,1.845,3.17
198,1.885,3.035
199,1.915,3.265
200,1.775,3.1
201,1.6,3.375
202,1.845,3.12
203,2.04,2.94
204,1.57,3.495
205,1.82,3.195
206,2.085,3.135
207,1.785,3.21
208,1.98,3.055
209,1.85,3.325
210,1.83,3.305
211,1.94,3.065
212,1.875,3.125
213,1.89,3.165
214,1.83,3.18
215,1.705,3.255
216,1.89,3.19
217,1.85,3.175
218,1.53,3.48
219,1.845,3.22
220,1.87,3.22
221,1.925,3.15
222,1.85,3.2
223,1.975,3.1
224,1.88,3.155
225,2.085,3.06
226,1.765,3.215
227,1.725,3.3
228,1.745,3.22
229,1.925,3.125
230,1.805,3.155
231,1.805,3.205
232,1.885,3.085
233,1.74,3.29
234,1.93,3.23
235,1.685,3.31
236,2.135,2.96
237,1.94,3.14
238,1.925,3.175
239,2.015,3.14
240,1.8,3.225
241,1.945,3.145
242,1.835,3.06
243,1.88,3.155
244,1.82,3.22
245,1.83,3.055
246,1.905,3.155
247,1.755,3.155
248,1.6,3.225
249,1.765,3.14
250,1.875,3.175
251,1.775,3.2
252,1.475,3.45
253,2.075,3.15
254,2.06,2.935
255,1.73,3.205
256,1.86,3.21
257,1.73,3.13
258,1.83,3.08
259,1.79,3.115
260,1.91,3.185
261,2.195,2.845
262,1.9,3.05
263,1.98,3.03
264,1.985,3.085
265,1.775,3.2
266,1.905,3.08
267,1.88,3.105
268,1.955,3.005
269,1.805,3.055
270,2.04,3.115
271,1.9,3.0
272,2.105,2.905
273,1.825,3.175
274,1.825,3.125
275,2.03,3.03
276,1.885,3.31
277,1.715,3.265
278,2.015,2.94
279,1.725,3.05
280,1.85,3.15
281,1.95,3.075
282,1.975,3.175
283,1.905,3.08
284,1.945,3.245
285,1.905,3.205
286,2.035,3.085
287,1.855,3.08
288,1.97,2.97
289,1.875,3.125
290,1.98,3.105
291,1.925,3.125
292,1.865,3.19
293,1.83,3.08
294,1.995,3.195
295,1.885,3.085
296,1.895,3.22
297,1.745,3.17
298,1.815,3.19
299,1.825,3.025
300,1.795,3.22
301,1.8,3.225
302,1.925,3.2
303,2.035,3.01
304,1.755,3.23
305,2.025,3.15
306,1.735,3.085
307,1.785,3.235
308,2.105,3.005
309,1.905,3.105
310,1.78,3.23
311,1.98,3.155
312,1.88,3.105
313,1.895,3.02
314,1.725,3.35
315,1.855,3.18
316,1.8,3.25
317,1.82,3.145
318,1.985,3.085
319,1.85,3.175
320,1.76,3.36
321,1.87,3.245
322,1.755,3.255
323,1.87,3.195
324,1.875,3.2
325,1.89,3.09
326,1.925,3.125
327,2.095,2.995
328,1.735,3.185
329,2.01,3.01
330,1.91,3.11
331,1.8,3.15
332,1.745,3.27
333,1.95,3.175
334,1.84,3.14
335,1.905,3.205
336,1.89,3.215
337,2.07,3.145
338,1.8,3.225
339,1.83,3.105
340,1.8,3.175
341,2.03,3.13
342,2.045,3.195
343,1.955,3.13
344,1.85,3.15
345,1.94,3.14
346,1.925,3.125
347,1.84,3.19
348,1.86,3.16
349,1.935,3.135
350,1.57,3.37
351,1.815,3.24
352,2.055,3.13
353,1.905,3.08
354,1.895,3.02
355,1.665,3.34
356,1.885,3.26
357,1.95,3.1
358,1.89,3.19
359,1.65,3.25
360,1.82,3.245
361,2.12,3.02
362,1.725,3.275
363,1.77,3.045
364,1.87,3.32
365,1.795,3.245
366,1.75,3.225
367,1.87,3.12
368,1.93,3.18
369,1.73,3.13
370,1.765,3.29
371,1.935,3.135
372,2.0,3.025
373,1.995,3.02
374,1.96,3.26
375,1.955,3.155
376,1.84,3.315
377,1.86,3.21
378,1.79,3.29
379,1.735,3.335
380,1.83,3.28
381,1.94,3.265
382,1.725,3.2
383,1.83,3.205
384,1.775,3.225
385,1.69,3.265
386,1.935,3.185
387,2.04,3.115
388,1.805,3.13
389,1.82,3.245
390,1.84,3.14
391,1.86,3.26
392,1.675,3.275
393,1.905,3.23
394,1.59,3.415
395,1.885,3.235
396,1.855,3.18
397,1.845,3.27
398,1.805,3.23
399,1.87,3.095
400,1.765,3.09
401,1.92,3.095
402,1.715,3.14
403,1.63,3.405
404,1.805,3.205
405,1.72,3.245
406,1.825,3.35
407,1.875,3.175
408,1.71,3.385
409,1.61,3.285
410,1.685,3.31
411,1.94,3.24
412,1.915,3.165
413,1.745,3.445
414,1.655,3.23
415,1.92,3.17
416,1.915,3.14
417,1.79,3.39
418,1.865,3.14
419,1.82,3.195
420,1.735,3.21
421,1.965,3.24
422,1.755,3.23
423,1.945,3.095
424,1.865,3.24
425,1.85,3.175
426,1.815,3.265
427,1.815,3.04
428,1.71,3.385
429,1.895,3.245
430,2.06,2.985
431,1.67,3.195
432,1.805,3.205
433,1.71,3.335
434,1.73,3.23
435,1.825,3.3
436,1.745,3.345
437,1.745,3.245
438,1.59,3.34
439,1.695,3.245
440,1.78,3.255
441,1.725,3.275
442,1.62,3.32
443,1.76,3.21
444,1.81,3.26
445,1.8,3.1
446,1.875,3.125
447,1.795,3.32
448,1.76,3.185
449,1.91,3.26
450,1.835,3.235
451,1.78,3.355
452,1.805,3.305
453,1.735,3.31
454,1.8,3.15
455,2.035,3.285
456,1.735,3.235
457,1.99,3.215
458,1.975,3.25
459,1.66,3.335
460,1.895,3.22
461,1.885,3.235
462,1.92,3.22
463,1.655,3.405
464,1.845,3.295
465,1.87,3.245
466,1.815,3.39
467,1.82,3.17
468,1.72,3.445
469,1.62,3.47
470,1.63,3.43
471,2.0,3.275
472,1.645,3.395
473,1.86,3.26
474,1.985,3.135
475,1.815,3.24
476,1.78,3.255
477,1.92,3.145
478,1.775,3.4
479,1.79,3.265
480,1.77,3.32
481,1.935,3.26
482,1.925,3.15
483,1.885,3.285
484,1.785,3.21
485,1.885,3.16
486,1.85,3.125
487,1.98,3.23
488,1.865,3.14
489,1.75,3.275
490,1.93,3.28
491,1.805,3.305
492,1.825,3.35
493,1.81,3.335
494,1.91,3.16
495,1.705,3.38
496,1.785,3.335
497,1.63,3.455
498,1.865,3.065
499,1.715,3.315
500,2.055,3.08
501,1.775,3.35
502,1.825,3.175
503,1.845,3.27
504,1.675,3.325
505,1.885,3.235
506,2.03,3.18
507,1.655,3.255
508,1.88,3.205
509,1.78,3.255
510,1.745,3.445
511,1.89,3.215
512,1.875,3.225
513,2.095,3.145
514,1.725,3.35
515,1.695,3.245
516,1.87,3.245
517,1.96,3.31
518,1.715,3.29
519,1.765,3.19
520,1.84,3.24
521,1.85,3.35
522,1.83,3.255
523,1.78,3.305
524,1.78,3.18
525,1.54,3.315
526,1.885,3.11
527,1.795,3.295
528,1.715,3.29
529,1.505,3.53
530,1.835,3.235
531,1.725,3.2
532,1.71,3.36
533,1.99,3.24
534,1.66,3.335
535,2.11,3.11
536,1.875,3.225
537,1.61,3.435
538,1.66,3.435
539,1.76,3.335
540,1.81,3.135
541,1.805,3.355
542,1.8,3.375
543,1.935,3.235
544,1.87,3.295
545,1.55,3.425
546,1.665,3.44
547,1.89,3.215
548,1.835,3.26
549,1.995,3.095
550,1.675,3.45
551,1.74,3.365
552,1.885,3.21
553,1.775,3.25
554,1.635,3.46
555,1.895,3.245
556,1.77,3.295
557,1.755,3.28
558,1.865,3.315
559,1.6,3.475
560,1.75,3.275
561,1.795,3.345
562,1.84,3.315
563,1.71,3.385
564,1.81,3.385
565,1.82,3.245
566,1.92,3.195
567,1.69,3.315
568,1.78,3.355
569,1.845,3.295
570,1.99,3.265
571,1.86,3.285
572,1.685,3.46
573,1.695,3.37
574,1.795,3.42
575,1.835,3.36
576,1.675,3.55
577,1.71,3.435
578,1.955,3.28
579,1.695,3.32
580,1.785,3.335
581,1.795,3.195
582,1.925,3.2
583,1.785,3.235
584,1.595,3.495
585,1.735,3.335
586,1.705,3.405
587,1.69,3.315
588,1.825,3.35
589,1.69,3.34
590,1.87,3.27
591,1.85,3.3
592,1.84,3.265
593,1.955,3.28
594,1.795,3.295
595,1.645,3.345
596,1.68,3.405
597,2.07,3.095
598,1.765,3.44
599,1.8,3.25
600,1.955,3.255
601,1.89,3.315
602,1.74,3.34
603,1.745,3.395
604,1.64,3.44
605,1.815,3.39
606,1.735,3.385
607,1.665,3.315
608,1.87,3.27
609,1.635,3.56
610,2.03,3.18
611,1.575,3.425
612,1.66,3.335
613,1.8,3.125
614,1.755,3.23
615,1.795,3.42
616,1.76,3.41
617,1.855,3.33
618,1.725,3.3
619,1.77,3.32
620,1.685,3.46
621,1.83,3.355
622,1.785,3.235
623,1.86,3.335
624,1.88,3.305
625,1.855,3.18
626,1.61,3.385
627,1.975,3.075
628,1.72,3.445
629,1.7,3.4
630,1.915,3.315
631,1.745,3.295
632,1.77,3.27
633,1.855,3.23
634,1.76,3.46
635,1.81,3.36
636,1.815,3.34
637,1.77,3.32
638,1.765,3.315
639,1.825,3.325
640,1.87,3.27
641,1.7,3.4
642,1.745,3.42
643,1.82,3.345
644,1.79,3.24
645,1.96,3.235
646,1.77,3.27
647,2.055,3.255
648,1.71,3.335
649,1.94,3.215
650,1.79,3.29
651,1.945,3.295
652,1.9,3.25
653,1.74,3.515
654,1.995,3.295
655,1.575,3.45
656,1.765,3.315
657,1.78,3.455
658,1.705,3.255
659,1.725,3.35
660,1.815,3.365
661,1.895,3.195
662,1.63,3.355
663,1.645,3.47
664,1.875,3.3
665,1.845,3.27
666,1.745,3.345
667,1.66,3.485
668,1.915,3.24
669,1.815,3.365
670,1.975,3.25
671,1.94,3.19
672,2.005,3.205
673,1.73,3.33
674,1.74,3.415
675,1.445,3.52
676,1.55,3.45
677,1.63,3.43
678,1.84,3.44
679,1.655,3.455
680,1.845,3.295
681,1.92,3.17
682,1.685,3.385
683,1.615,3.44
684,1.735,3.335
685,1.52,3.47
686,1.74,3.44
687,1.68,3.48
688,1.85,3.3
689,1.745,3.32
690,1.52,3.47
691,1.64,3.415
692,1.69,3.365
693,1.785,3.36
694,1.59,3.515
695,1.93,3.355
696,1.68,3.48
697,1.68,3.48
698,1.71,3.31
699,1.625,3.475
700,1.79,3.265
701,1.655,3.405
702,1.77,3.32
703,1.815,3.365
704,1.875,3.4
705,1.76,3.31
706,1.695,3.445
707,1.73,3.405
708,1.83,3.33
709,1.575,3.375
710,1.49,3.49
711,1.915,3.29
712,1.675,3.425
713,1.535,3.435
714,1.575,3.5
715,1.805,3.43
716,1.75,3.375
717,1.785,3.435
718,1.73,3.455
719,1.86,3.36
720,1.74,3.34
721,1.705,3.355
722,1.765,3.39
723,1.765,3.34
724,1.59,3.515
725,1.645,3.47
726,1.935,3.21
727,1.95,3.3
728,2.01,3.26
729,1.81,3.21
730,1.82,3.295
731,1.7,3.425
732,1.69,3.34
733,1.82,3.295
734,1.775,3.425
735,1.65,3.475
736,1.91,3.26
737,1.815,3.29
738,1.78,3.28
739,2.01,3.185
740,1.715,3.215
741,1.61,3.435
742,1.75,3.425
743,1.7,3.375
744,1.79,3.315
745,1.73,3.405
746,1.735,3.41
747,1.775,3.375
748,1.83,3.355
749,1.755,3.305
750,1.84,3.34
751,1.96,3.235
752,1.94,3.265
753,1.59,3.54
754,1.66,3.435
755,1.745,3.345
756,1.97,3.22
757,1.735,3.36
758,1.885,3.26
759,1.805,3.38
760,1.895,3.27
761,1.845,3.37
762,1.76,3.41
763,1.73,3.505
764,1.97,3.27
765,1.885,3.335
766,1.945,3.17
767,1.915,3.215
768,1.975,3.325
769,1.83,3.43
770,1.81,3.36
771,1.52,3.545
772,1.75,3.475
773,1.645,3.42
774,1.775,3.375
775,1.805,3.48
776,1.925,3.275
777,1.57,3.42
778,1.765,3.39
779,1.765,3.315
780,1.84,3.315
781,1.85,3.275
782,1.745,3.395
783,1.84,3.365
784,1.7,3.425
785,1.705,3.455
786,1.785,3.36
787,1.76,3.285
788,1.77,3.37
789,1.675,3.425
790,1.85,3.2
791,1.88,3.33
792,1.755,3.38
793,1.815,3.39
794,1.69,3.39
795,1.69,3.49
796,1.785,3.335
797,2.035,3.285
798,2.025,3.35
799,1.61,3.485
800,1.8,3.4
801,1.945,3.345
802,1.755,3.355
803,1.755,3.38
804,1.755,3.405
805,1.78,3.43
806,1.73,3.43
807,1.83,3.305
808,1.865,3.39
809,1.635,3.31
810,1.755,3.305
811,1.71,3.41
812,1.63,3.455
813,1.74,3.265
814,1.87,3.27
815,1.82,3.22
816,1.62,3.42
817,1.86,3.36
818,1.745,3.345
819,1.885,3.31
820,1.6,3.375
821,1.725,3.375
822,1.765,3.39
823,1.99,3.34
824,1.68,3.43
825,1.755,3.38
826,1.74,3.39
827,1.75,3.4
828,1.82,3.345
829,2.005,3.23
830,1.745,3.345
831,1.595,3.495
832,1.855,3.305
833,1.735,3.31
834,1.935,3.31
835,1.815,3.465
836,1.825,3.4
837,1.82,3.37
838,1.5,3.625
839,1.705,3.455
840,1.625,3.475
841,1.7,3.55
842,1.77,3.37
843,1.79,3.265
844,1.625,3.5
845,1.785,3.435
846,1.76,3.41
847,1.73,3.43
848,1.755,3.38
849,1.785,3.335
850,1.77,3.42
851,1.48,3.555
852,1.775,3.325
853,1.85,3.375
854,1.51,3.535
855,1.64,3.415
856,1.82,3.395
857,1.735,3.435
858,1.89,3.465
859,1.705,3.405
860,1.73,3.405
861,1.71,3.41
862,1.715,3.49
863,1.735,3.435
864,1.775,3.35
865,1.54,3.49
866,1.65,3.425
867,1.685,3.535
868,1.78,3.455
869,1.905,3.305
870,1.635,3.435
871,1.675,3.425
872,1.77,3.32
873,1.73,3.38
874,1.74,3.44
875,1.625,3.5
876,1.62,3.445
877,1.435,3.685
878,1.815,3.24
879,1.755,3.38
880,1.74,3.365
881,1.83,3.505
882,1.655,3.38
883,1.79,3.465
884,1.695,3.445
885,1.715,3.44
886,1.815,3.365
887,1.655,3.505
888,1.825,3.4
889,1.66,3.41
890,1.84,3.365
891,1.835,3.41
892,1.585,3.61
893,1.78,3.38
894,1.95,3.35
895,1.78,3.38
896,1.76,3.51
897,1.595,3.47
898,1.74,3.44
899,1.78,3.405
900,1.535,3.485
901,1.69,3.44
902,1.81,3.51
903,1.745,3.47
904,1.575,3.6
905,1.755,3.38
906,1.76,3.435
907,1.67,3.545
908,2.015,3.29
909,1.795,3.47
910,1.675,3.425
911,2.125,3.275
912,1.77,3.37
913,1.71,3.535
914,1.59,3.515
915,1.815,3.465
916,1.725,3.4
917,1.78,3.455
918,1.6,3.6
919,1.77,3.445
920,1.76,3.51
921,1.985,3.31
922,1.795,3.395
923,1.845,3.445
924,1.645,3.42
925,1.775,3.4
926,1.9,3.25
927,1.825,3.475
928,1.82,3.37
929,1.78,3.48
930,1.87,3.32
931,1.795,3.27
932,1.82,3.42
933,1.885,3.36
934,1.835,3.46
935,1.805,3.43
936,1.785,3.385
937,1.75,3.45
938,1.73,3.48
939,1.815,3.415
940,1.705,3.405
941,1.645,3.495
942,1.79,3.29
943,1.715,3.44
944,1.87,3.345
945,1.78,3.405
946,1.86,3.335
947,1.675,3.425
948,1.59,3.515
949,1.89,3.365
950,1.83,3.33
951,1.525,3.525
952,1.85,3.35
953,1.72,3.52
954,1.635,3.535
955,1.68,3.455
956,1.66,3.41
957,1.665,3.465
958,1.685,3.385
959,1.79,3.39
960,1.695,3.32
961,1.855,3.38
962,1.805,3.405
963,1.785,3.435
964,1.705,3.43
965,1.695,3.445
966,1.595,3.47
967,2.03,3.305
968,1.795,3.395
969,1.845,3.42
970,1.7,3.375
971,1.62,3.595
972,1.7,3.4
973,1.555,3.48
974,1.55,3.5
975,1.615,3.415
976,1.73,3.53
977,1.635,3.435
978,1.765,3.365
979,1.815,3.315
980,1.805,3.305
981,1.955,3.355
982,1.875,3.325
983,1.855,3.33
984,1.62,3.545
985,1.655,3.555
986,1.745,3.395
987,1.725,3.5
988,1.58,3.58
989,1.635,3.535
990,1.84,3.365
991,1.945,3.27
992,1.885,3.285
993,1.805,3.405
994,1.69,3.54
995,1.665,3.49
996,1.68,3.43
997,1.74,3.465
998,1.88,3.33
999,1.72,3.47
1000,1.615,3.59
1001,1.735,3.41
1002,1.775,3.4
1003,1.745,3.37
1004,1.705,3.505
1005,1.78,3.405
1006,1.76,3.435
1007,1.92,3.42
1008,1.675,3.375
1009,1.73,3.53
1010,1.7,3.425
1011,1.795,3.42
1012,1.72,3.395
1013,1.98,3.355
1014,1.515,3.49
1015,1.925,3.375
1016,1.71,3.41
1017,1.905,3.28
1018,1.79,3.34
1019,1.51,3.435
1020,1.7,3.475
1021,1.75,3.45
1022,1.985,3.335
1023,1.755,3.53
1024,1.76,3.385
1025,1.895,3.37
1026,1.695,3.495
1027,1.765,3.39
1028,1.7,3.475
1029,1.725,3.45
1030,1.745,3.295
1031,1.715,3.34
1032,1.865,3.415
1033,1.535,3.61
1034,1.705,3.405
1035,1.775,3.5
1036,1.73,3.405
1037,1.755,3.48
1038,1.565,3.54
1039,1.7,3.375
1040,1.78,3.38
1041,1.77,3.395
1042,1.935,3.36
1043,1.785,3.385
1044,1.94,3.34
1045,1.765,3.365
1046,1.66,3.36
1047,1.91,3.385
1048,1.735,3.535
1049,1.68,3.455
1050,1.55,3.525
1051,1.64,3.44
1052,1.655,3.48
1053,1.75,3.5
1054,1.73,3.48
1055,1.7,3.425
1056,1.66,3.46
1057,1.77,3.445
1058,1.77,3.395
1059,1.865,3.39
1060,1.615,3.415
1061,1.805,3.405
1062,1.7,3.525
1063,1.725,3.4
1064,1.735,3.485
1065,1.84,3.39
1066,1.695,3.42
1067,1.765,3.365
1068,1.675,3.4
1069,1.85,3.45
1070,1.725,3.5
1071,1.865,3.365
1072,1.71,3.535
1073,1.69,3.515
1074,1.725,3.475
1075,1.66,3.46
1076,1.67,3.545
1077,1.66,3.385
1078,1.725,3.5
1079,1.59,3.49
1080,1.705,3.43
1081,1.88,3.43
1082,1.79,3.39
1083,1.77,3.47
1084,1.81,3.41
1085,1.855,3.38
1086,1.865,3.39
1087,1.755,3.505
1088,1.465,3.54
1089,1.745,3.42
1090,1.865,3.39
1091,1.86,3.385
1092,1.665,3.515
1093,1.67,3.445
1094,1.715,3.515
1095,1.645,3.57
1096,1.81,3.485
1097,1.99,3.365
1098,1.645,3.47
1099,1.61,3.585
1100,1.69,3.44
1101,1.915,3.39
1102,1.59,3.465
1103,1.65,3.475
1104,1.895,3.395
1105,1.905,3.405
1106,1.78,3.405
1107,2.08,3.28
1108,1.745,3.42
1109,1.78,3.355
1110,1.685,3.51
1111,1.55,3.55
1112,1.705,3.455
1113,1.89,3.465
1114,1.75,3.375
1115,1.855,3.405
1116,1.7,3.5
1117,1.7,3.475
1118,1.81,3.335
1119,1.705,3.38
1120,1.84,3.39
1121,1.855,3.355
1122,1.735,3.435
1123,1.705,3.455
1124,1.78,3.43
1125,1.655,3.43
1126,1.515,3.565
1127,1.81,3.46
1128,1.765,3.44
1129,1.755,3.455
1130,1.565,3.615
1131,1.79,3.415
1132,1.8,3.375
1133,1.845,3.32
1134,1.77,3.47
1135,1.605,3.555
1136,1.515,3.49
1137,1.895,3.345
1138,1.735,3.535
1139,1.71,3.51
1140,1.755,3.43
1141,1.64,3.465
1142,1.605,3.655
1143,1.74,3.465
1144,1.785,3.435
1145,1.66,3.485
1146,1.6,3.525
1147,1.795,3.395
1148,1.745,3.495
1149,1.5,3.675
1150,1.68,3.48
1151,1.59,3.465
1152,1.91,3.385
1153,1.74,3.415
1154,1.665,3.465
1155,1.79,3.49
1156,1.92,3.395
1157,1.665,3.54
1158,1.675,3.5
1159,1.685,3.56
1160,1.79,3.39
1161,1.575,3.5
1162,1.67,3.495
1163,1.63,3.405
1164,1.61,3.56
1165,1.91,3.385
1166,1.645,3.545
1167,1.595,3.495
1168,1.62,3.52
1169,1.8,3.275
1170,1.85,3.45
1171,1.845,3.395
1172,1.765,3.49
1173,1.725,3.5
1174,1.675,3.525
1175,1.61,3.56
1176,1.75,3.475
1177,1.915,3.365
1178,1.65,3.4
1179,1.615,3.615
1180,1.7,3.45
1181,1.775,3.375
1182,1.945,3.37
1183,1.605,3.48
1184,1.77,3.42
1185,1.755,3.48
1186,1.56,3.51
1187,1.75,3.475
1188,1.69,3.465
1189,1.76,3.46
1190,1.835,3.36
1191,1.67,3.445
1192,1.74,3.49
1193,1.78,3.405
1194,1.74,3.415
1195,1.86,3.46
1196,1.64,3.515
1197,1.795,3.395
1198,1.755,3.48
1199,1.73,3.53
1200,1.675,3.55
1201,1.715,3.465
1202,1.8,3.475
1203,1.57,3.445
1204,1.805,3.48
1205,1.595,3.495
1206,1.76,3.46
1207,1.585,3.51
1208,1.79,3.515
1209,1.76,3.41
1210,1.55,3.6
1211,1.795,3.545
1212,1.945,3.395
1213,1.825,3.45
1214,1.835,3.36
1215,1.65,3.525
1216,1.79,3.365
1217,1.665,3.565
1218,1.86,3.435
1219,1.63,3.555
1220,1.57,3.57
1221,1.65,3.45
1222,1.695,3.52
1223,1.675,3.525
1224,1.79,3.465
1225,1.655,3.48
1226,1.88,3.43
1227,1.71,3.56
1228,1.89,3.365
1229,1.795,3.42
1230,1.665,3.54
1231,1.92,3.445
1232,1.75,3.375
1233,1.775,3.475
1234,1.61,3.485
1235,1.875,3.475
1236,1.715,3.415
1237,1.755,3.455
1238,1.61,3.61
1239,1.735,3.46
1240,1.655,3.63
1241,1.76,3.51
1242,1.62,3.52
1243,1.76,3.41
1244,1.845,3.37
1245,1.61,3.585
1246,1.6,3.575
1247,1.605,3.655
1248,1.84,3.465
1249,1.6,3.475
1250,1.49,3.64
1251,1.885,3.41
1252,1.745,3.47
1253,1.69,3.415
1254,1.75,3.425
1255,1.675,3.475
1256,1.585,3.56
1257,1.61,3.485
1258,1.84,3.415
1259,1.745,3.47
1260,1.66,3.61
1261,1.65,3.55
1262,1.505,3.58
1263,1.665,3.515
1264,1.735,3.485
1265,1.815,3.39
1266,1.69,3.465
1267,1.525,3.55
1268,1.905,3.405
1269,1.705,3.53
1270,1.83,3.455
1271,1.78,3.53
1272,1.615,3.515
1273,1.675,3.525
1274,1.825,3.475
1275,1.62,3.47
1276,1.81,3.41
1277,1.62,3.645
1278,1.8,3.55
1279,1.64,3.64
1280,1.76,3.535
1281,1.78,3.505
1282,1.54,3.59
1283,1.645,3.595
1284,1.74,3.49
1285,1.795,3.445
1286,1.675,3.425
1287,1.605,3.605
1288,1.51,3.61
1289,1.755,3.505
1290,1.71,3.56
1291,1.695,3.52
1292,1.795,3.42
1293,1.675,3.55
1294,1.88,3.43
1295,1.68,3.53
1296,1.75,3.475
1297,1.805,3.48
1298,1.525,3.65
1299,1.76,3.535
1300,1.535,3.585
1301,1.775,3.475
1302,1.655,3.58
1303,1.54,3.64
1304,1.53,3.58
1305,1.62,3.52
1306,1.715,3.44
1307,1.64,3.54
1308,1.7,3.575
1309,1.7,3.475
1310,1.745,3.47
1311,1.6,3.525
1312,1.705,3.58
1313,1.73,3.505
1314,1.74,3.59
1315,1.685,3.51
1316,1.755,3.48
1317,1.78,3.455
1318,1.725,3.5
1319,1.385,3.685
1320,1.895,3.395
1321,1.9,3.4
1322,1.83,3.505
1323,1.895,3.395
1324,1.635,3.56
1325,1.78,3.48
1326,1.665,3.54
1327,1.79,3.515
1328,1.655,3.505
1329,1.875,3.475
1330,1.605,3.555
1331,1.645,3.445
1332,1.72,3.52
1333,1.72,3.545
1334,1.79,3.44
1335,1.695,3.52
1336,1.81,3.435
1337,1.54,3.59
1338,1.82,3.47
1339,1.875,3.35
1340,1.725,3.45
1341,1.75,3.475
1342,1.7,3.475
1343,1.775,3.475
1344,1.84,3.44
1345,1.715,3.565
1346,1.95,3.325
1347,1.62,3.52
1348,1.595,3.545
1349,1.51,3.56
1350,1.82,3.47
1351,1.765,3.465
1352,1.815,3.49
1353,1.63,3.555
1354,1.655,3.555
1355,1.785,3.385
1356,1.635,3.56
1357,1.68,3.43
1358,1.715,3.415
1359,1.705,3.505
1360,1.69,3.465
1361,1.885,3.46
1362,1.715,3.615
1363,1.625,3.525
1364,1.85,3.5
1365,1.615,3.515
1366,1.53,3.68
1367,1.595,3.595
1368,1.735,3.485
1369,1.665,3.515
1370,1.66,3.485
1371,1.815,3.49
1372,1.74,3.465
1373,1.805,3.53
1374,1.64,3.565
1375,1.635,3.61
1376,1.665,3.515
1377,1.705,3.53
1378,1.74,3.515
1379,1.825,3.4
1380,1.52,3.57
1381,1.645,3.57
1382,1.525,3.6
1383,1.94,3.39
1384,1.7,3.525
1385,1.825,3.5
1386,1.735,3.485
1387,1.74,3.54
1388,1.665,3.59
1389,1.53,3.63
1390,1.47,3.695
1391,1.78,3.505
1392,1.66,3.61
1393,1.625,3.6
1394,1.92,3.42
1395,1.85,3.5
1396,1.71,3.535
1397,1.68,3.48
1398,1.8,3.4
1399,1.745,3.545
1400,1.77,3.445
1401,1.625,3.625
1402,1.835,3.41
1403,1.535,3.585
1404,1.65,3.575
1405,1.79,3.565
1406,1.73,3.53
1407,1.54,3.69
1408,1.84,3.49
1409,1.61,3.585
1410,1.655,3.53
1411,1.8,3.375
1412,1.915,3.44
1413,1.575,3.625
1414,1.73,3.48
1415,1.695,3.545
1416,1.895,3.42
1417,1.575,3.55
1418,1.61,3.585
1419,1.73,3.505
1420,1.645,3.595
1421,1.835,3.435
1422,1.725,3.5
1423,1.805,3.48
1424,1.64,3.565
1425,1.825,3.4
1426,1.585,3.635
1427,1.6,3.6
1428,1.69,3.465
1429,1.765,3.565
1430,1.655,3.58
1431,1.755,3.53
1432,1.73,3.555
1433,1.665,3.54
1434,1.545,3.595
1435,1.85,3.475
1436,1.81,3.46
1437,1.765,3.54
1438,1.75,3.425
1439,1.725,3.575
1440,1.79,3.565
1441,1.83,3.48
1442,1.83,3.405
1443,1.75,3.475
1444,1.945,3.47
1445,1.725,3.625
1446,1.465,3.59
1447,1.6,3.525
1448,1.705,3.555
1449,1.515,3.665
1450,1.87,3.395
1451,1.76,3.56
1452,1.7,3.65
1453,1.8,3.525
1454,1.635,3.61
1455,1.62,3.57
1456,1.78,3.48
1457,1.775,3.525
1458,1.69,3.54
1459,1.54,3.64
1460,1.485,3.76
1461,1.925,3.475
1462,1.67,3.545
1463,1.725,3.6
1464,1.795,3.47
1465,1.815,3.44
1466,1.66,3.46
1467,1.65,3.6
1468,1.715,3.565
1469,1.66,3.485
1470,1.875,3.425
1471,1.67,3.52
1472,1.555,3.63
1473,1.695,3.545
1474,1.81,3.435
1475,1.67,3.545
1476,1.755,3.53
1477,1.555,3.505
1478,1.555,3.605
1479,1.56,3.635
1480,1.755,3.58
1481,1.77,3.545
1482,1.535,3.635
1483,1.48,3.605
1484,1.585,3.61
1485,1.615,3.54
1486,1.76,3.56
1487,1.925,3.35
1488,1.515,3.64
1489,1.7,3.5
1490,1.825,3.45
1491,1.48,3.755
1492,1.78,3.48
1493,1.625,3.475
1494,1.79,3.515
1495,1.56,3.66
1496,1.68,3.505
1497,1.515,3.665
1498,1.615,3.54
1499,1.505,3.555
1500,1.945,3.495
1501,1.615,3.54
1502,1.675,3.525
1503,1.74,3.465
1504,1.56,3.585
1505,1.84,3.49
1506,1.76,3.435
1507,1.67,3.52
1508,1.725,3.5
1509,1.54,3.49
1510,1.755,3.505
1511,1.76,3.56
1512,1.565,3.64
1513,1.7,3.6
1514,1.72,3.62
1515,1.67,3.62
1516,1.745,3.52
1517,1.68,3.53
1518,1.545,3.67
1519,1.665,3.64
1520,1.665,3.49
1521,1.74,3.44
1522,1.69,3.49
1523,1.84,3.54
1524,1.465,3.615
1525,1.595,3.695
1526,1.755,3.505
1527,1.455,3.68
1528,1.615,3.465
1529,1.64,3.515
1530,1.77,3.495
1531,1.65,3.65
1532,1.805,3.555
1533,1.515,3.64
1534,1.55,3.65
1535,1.78,3.58
1536,1.84,3.465
1537,1.59,3.64
1538,1.685,3.535
1539,1.645,3.52
1540,1.77,3.52
1541,1.79,3.54
1542,1.81,3.535
1543,1.615,3.665
1544,1.72,3.57
1545,1.47,3.67
1546,1.615,3.665
1547,1.525,3.6
1548,1.675,3.55
1549,1.745,3.545
1550,1.665,3.515
1551,1.54,3.665
1552,1.63,3.63
1553,1.535,3.635
1554,1.635,3.635
1555,1.765,3.54
1556,1.705,3.605
1557,1.69,3.49
1558,1.75,3.575
1559,1.785,3.485
1560,1.66,3.535
1561,1.745,3.595
1562,1.765,3.44
1563,1.66,3.66
1564,1.8,3.575
1565,1.81,3.535
1566,1.72,3.47
1567,1.62,3.62
1568,1.77,3.57
1569,1.62,3.695
1570,1.59,3.59
1571,1.625,3.65
1572,1.805,3.43
1573,1.91,3.36
1574,1.585,3.585
1575,1.675,3.6
1576,1.675,3.6
1577,1.835,3.46
1578,1.78,3.555
1579,1.675,3.575
1580,1.49,3.74
1581,1.43,3.705
1582,1.555,3.63
1583,1.715,3.515
1584,1.745,3.57
1585,1.78,3.455
1586,1.555,3.68
1587,1.635,3.535
1588,1.64,3.615
1589,1.635,3.61
1590,1.495,3.695
1591,1.715,3.565
1592,1.455,3.655
1593,1.71,3.56
1594,1.655,3.58
1595,1.66,3.635
1596,1.735,3.585
1597,1.795,3.545
1598,1.71,3.56
1599,1.52,3.745
1600,1.825,3.5
1601,1.74,3.64
1602,1.765,3.515
1603,1.55,3.6
1604,1.63,3.58
1605,1.57,3.595
1606,1.4,3.7
1607,1.61,3.66
1608,1.485,3.61
1609,1.765,3.39
1610,1.835,3.485
1611,1.72,3.545
1612,1.69,3.565
1613,1.695,3.595
1614,1.84,3.54
1615,1.605,3.705
1616,1.74,3.565
1617,1.815,3.515
1618,1.725,3.55
1619,1.62,3.595
1620,1.815,3.515
1621,1.62,3.595
1622,1.8,3.475
1623,1.525,3.625
1624,1.695,3.62
1625,1.59,3.59
1626,1.725,3.575
1627,1.675,3.675
1628,1.68,3.555
1629,1.555,3.705
1630,1.725,3.6
1631,1.805,3.505
1632,1.74,3.565
1633,1.865,3.565
1634,1.51,3.585
1635,1.68,3.53
1636,1.635,3.635
1637,1.955,3.48
1638,1.645,3.67
1639,1.68,3.58
1640,1.83,3.48
1641,1.67,3.545
1642,1.62,3.62
1643,1.725,3.525
1644,1.72,3.57
1645,1.58,3.705
1646,1.71,3.485
1647,1.835,3.485
1648,1.61,3.61
1649,1.54,3.64
1650,1.88,3.505
1651,1.545,3.67
1652,1.635,3.635
1653,1.77,3.52
1654,1.715,3.515
1655,1.76,3.535
1656,1.59,3.665
1657,1.66,3.635
1658,1.47,3.695
1659,1.5,3.65
1660,1.72,3.545
1661,1.665,3.565
1662,1.62,3.595
1663,1.625,3.6
1664,1.8,3.575
1665,1.665,3.59
1666,1.78,3.455
1667,1.715,3.54
1668,1.73,3.63
1669,1.595,3.67
1670,1.565,3.615
1671,1.585,3.685
1672,1.81,3.56
1673,1.765,3.565
1674,1.66,3.61
1675,1.63,3.63
1676,1.45,3.7
1677,1.54,3.64
1678,1.565,3.74
1679,1.605,3.605
1680,1.825,3.55
1681,1.765,3.59
1682,1.73,3.63
1683,1.77,3.495
1684,1.535,3.685
1685,1.68,3.555
1686,1.605,3.63
1687,1.65,3.6
1688,1.665,3.665
1689,1.62,3.595
1690,1.605,3.63
1691,1.83,3.53
1692,1.73,3.58
1693,1.685,3.635
1694,1.865,3.515
1695,1.74,3.49
1696,1.58,3.705
1697,1.725,3.575
1698,1.865,3.515
1699,1.62,3.67
1700,1.615,3.765
1701,1.72,3.595
1702,1.635,3.635
1703,1.715,3.59
1704,1.835,3.56
1705,1.65,3.625
1706,1.67,3.595
1707,1.8,3.55
1708,1.69,3.615
1709,1.845,3.445
1710,1.52,3.695
1711,1.585,3.685
1712,1.85,3.55
1713,1.7,3.525
1714,1.765,3.49
1715,1.815,3.54
1716,1.685,3.61
1717,1.625,3.625
1718,1.58,3.555
1719,1.455,3.755
1720,1.7,3.6
1721,1.72,3.595
1722,1.795,3.595
1723,1.7,3.675
1724,1.76,3.61
1725,1.73,3.58
1726,1.49,3.665
1727,1.76,3.56
1728,1.72,3.57
1729,1.69,3.64
1730,1.83,3.58
1731,1.66,3.61
1732,1.66,3.66
1733,1.635,3.61
1734,1.615,3.615
1735,1.65,3.675
1736,1.345,3.795
1737,1.615,3.565
1738,1.645,3.57
1739,1.83,3.505
1740,1.76,3.61
1741,1.745,3.595
1742,1.6,3.65
1743,1.5,3.75
1744,1.65,3.625
1745,1.74,3.615
1746,1.585,3.585
1747,1.79,3.59
1748,1.835,3.61
1749,1.805,3.555
1750,1.575,3.725
1751,1.63,3.605
1752,1.61,3.61
1753,1.585,3.685
1754,1.59,3.665
1755,1.61,3.61
1756,1.62,3.645
1757,1.715,3.59
1758,1.525,3.75
1759,1.585,3.685
1760,1.595,3.645
1761,1.625,3.625
1762,1.575,3.675
1763,1.675,3.65
1764,1.76,3.61
1765,1.585,3.71
1766,1.565,3.715
1767,1.63,3.63
1768,1.665,3.665
1769,1.47,3.745
1770,1.785,3.585
1771,1.545,3.67
1772,1.565,3.69
1773,1.675,3.675
1774,1.705,3.73
1775,1.66,3.61
1776,1.405,3.73
1777,1.695,3.57
1778,1.66,3.635
1779,1.705,3.63
1780,1.725,3.625
1781,1.625,3.675
1782,1.625,3.675
1783,1.825,3.55
1784,1.655,3.68
1785,1.68,3.68
1786,1.61,3.635
1787,1.66,3.56
1788,1.685,3.66
1789,1.62,3.645
1790,1.63,3.655
1791,1.675,3.7
1792,1.57,3.72
1793,1.455,3.78
1794,1.735,3.61
1795,1.845,3.52
1796,1.555,3.73
1797,1.79,3.615
1798,1.53,3.78
1799,1.62,3.595
1800,1.655,3.73
1801,1.71,3.66
1802,1.63,3.755
1803,1.82,3.62
1804,1.675,3.65
1805,1.575,3.675
1806,1.735,3.585
1807,1.55,3.725
1808,1.475,3.675
1809,1.49,3.74
1810,1.47,3.57
1811,1.54,3.715
1812,1.59,3.715
1813,1.35,3.8
1814,1.755,3.605
1815,1.605,3.705
1816,1.58,3.73
1817,1.7,3.65
1818,1.66,3.61
1819,1.6,3.675
1820,1.715,3.64
1821,1.64,3.615
1822,1.51,3.81
1823,1.69,3.565
1824,1.755,3.53
1825,1.63,3.68
1826,1.675,3.575
1827,1.66,3.685
1828,1.82,3.62
1829,1.85,3.525
1830,1.79,3.59
1831,1.58,3.73
1832,1.715,3.59
1833,1.765,3.565
1834,1.44,3.69
1835,1.52,3.72
1836,1.54,3.715
1837,1.655,3.68
1838,1.47,3.72
1839,1.545,3.67
1840,1.605,3.68
1841,1.845,3.57
1842,1.685,3.61
1843,1.665,3.615
1844,1.64,3.665
1845,1.66,3.71
1846,1.72,3.545
1847,1.68,3.63
1848,1.49,3.69
1849,1.82,3.545
1850,1.885,3.535
1851,1.545,3.695
1852,1.485,3.81
1853,1.96,3.46
1854,1.61,3.66
1855,1.695,3.67
1856,1.635,3.685
1857,1.605,3.73
1858,1.62,3.57
1859,1.78,3.555
1860,1.505,3.68
1861,1.485,3.81
1862,1.62,3.695
1863,1.62,3.695
1864,1.625,3.675
1865,1.625,3.65
1866,1.77,3.645
1867,1.57,3.67
1868,1.74,3.54
1869,1.615,3.715
1870,1.77,3.62
1871,1.775,3.475
1872,1.67,3.645
1873,1.57,3.77
1874,1.63,3.705
1875,1.6,3.65
1876,1.595,3.695
1877,1.67,3.645
1878,1.555,3.705
1879,1.77,3.545
1880,1.66,3.685
1881,1.76,3.535
1882,1.785,3.635
1883,1.735,3.585
1884,1.635,3.635
1885,1.655,3.605
1886,1.465,3.765
1887,1.76,3.635
1888,1.63,3.58
1889,1.68,3.605
1890,1.49,3.765
1891,1.635,3.635
1892,1.655,3.655
1893,1.63,3.705
1894,1.655,3.63
1895,1.685,3.635
1896,1.43,3.705
1897,1.73,3.605
1898,1.83,3.58
1899,1.755,3.555
1900,1.77,3.52
1901,1.475,3.725
1902,1.815,3.59
1903,1.605,3.705
1904,1.685,3.66
1905,1.49,3.74
1906,1.6,3.675
1907,1.735,3.535
1908,1.79,3.59
1909,1.76,3.61
1910,1.735,3.66
1911,1.515,3.64
1912,1.615,3.665
1913,1.595,3.695
1914,1.61,3.685
1915,1.72,3.67
1916,1.74,3.59
1917,1.505,3.755
1918,1.71,3.66
1919,1.705,3.655
1920,1.655,3.655
1921,1.64,3.665
1922,1.645,3.645
1923,1.595,3.67
1924,1.54,3.665
1925,1.735,3.66
1926,1.615,3.565
1927,1.53,3.73
1928,1.615,3.64
1929,1.555,3.68
1930,1.75,3.65
1931,1.725,3.575
1932,1.73,3.605
1933,1.65,3.675
1934,1.54,3.665
1935,1.635,3.685
1936,1.665,3.715
1937,1.735,3.585
1938,1.66,3.66
1939,1.825,3.575
1940,1.755,3.605
1941,1.645,3.62
1942,1.64,3.64
1943,1.71,3.635
1944,1.47,3.695
1945,1.76,3.66
1946,1.415,3.74
1947,1.785,3.585
1948,1.58,3.63
1949,1.69,3.69
1950,1.585,3.76
1951,1.685,3.585
1952,1.81,3.56
1953,1.525,3.65
1954,1.455,3.73
1955,1.745,3.67
1956,1.61,3.66
1957,1.685,3.635
1958,1.675,3.65
1959,1.855,3.53
1960,1.75,3.7
1961,1.695,3.62
1962,1.78,3.555
1963,1.715,3.59
1964,1.7,3.575
1965,1.695,3.595
1966,1.63,3.655
1967,1.76,3.635
1968,1.665,3.74
1969,1.75,3.575
1970,1.735,3.685
1971,1.64,3.69
1972,1.595,3.67
1973,1.685,3.61
1974,1.545,3.77
1975,1.735,3.585
1976,1.8,3.6
1977,1.625,3.7
1978,1.66,3.635
1979,1.5,3.75
1980,1.675,3.625
1981,1.68,3.63
1982,1.655,3.655
1983,1.515,3.665
1984,1.565,3.715
1985,1.62,3.67
1986,1.665,3.69
1987,1.575,3.675
1988,1.705,3.63
1989,1.645,3.595
1990,1.79,3.615
1991,1.53,3.73
1992,1.73,3.58
1993,1.645,3.645
1994,1.6,3.725
1995,1.795,3.595
1996,1.745,3.645
1997,1.615,3.565
1998,1.8,3.65
1999,1.665,3.59
2000,1.685,3.635
2001,1.695,3.72
2002,1.67,3.57
2003,1.575,3.7
2004,1.53,3.73
2005,1.73,3.63
2006,1.535,3.735
2007,1.575,3.775
2008,1.535,3.735
2009,1.82,3.595
2010,1.735,3.635
2011,1.55,3.675
2012,1.42,3.82
2013,1.48,3.68
2014,1.65,3.675
2015,1.73,3.555
2016,1.765,3.615
2017,1.405,3.805
2018,1.61,3.685
2019,1.625,3.65
2020,1.605,3.63
2021,1.455,3.78
2022,1.76,3.66
2023,1.795,3.57
2024,1.49,3.84
2025,1.685,3.685
2026,1.745,3.595
2027,1.625,3.65
2028,1.72,3.62
2029,1.73,3.63
2030,1.675,3.625
2031,1.67,3.67
2032,1.675,3.675
2033,1.68,3.605
2034,1.73,3.555
2035,1.795,3.595
2036,1.545,3.745
2037,1.805,3.63
2038,1.485,3.735
2039,1.66,3.635
2040,1.76,3.585
2041,1.675,3.65
2042,1.545,3.745
2043,1.605,3.655
2044,1.675,3.675
2045,1.585,3.685
2046,1.56,3.71
2047,1.585,3.66
2048,1.685,3.635
2049,1.555,3.73
2050,1.49,3.815
2051,1.59,3.64
2052,1.68,3.655
2053,1.535,3.71
2054,1.55,3.8
2055,1.625,3.65
2056,1.72,3.72
2057,1.86,3.585
2058,1.555,3.705
2059,1.455,3.78
2060,1.685,3.61
2061,1.595,3.695
2062,1.65,3.675
2063,1.625,3.625
2064,1.57,3.77
2065,1.66,3.685
2066,1.585,3.735
2067,1.685,3.66
2068,1.71,3.66
2069,1.665,3.665
2070,1.455,3.68
2071,1.66,3.635
2072,1.655,3.705
2073,1.76,3.66
2074,1.53,3.755
2075,1.55,3.675
2076,1.635,3.635
2077,1.455,3.805
2078,1.48,3.78
2079,1.575,3.7
2080,1.57,3.77
2081,1.86,3.585
2082,1.68,3.655
2083,1.695,3.72
2084,1.555,3.755
2085,1.705,3.58
2086,1.705,3.655
2087,1.52,3.77
2088,1.575,3.725
2089,1.67,3.67
2090,1.49,3.765
2091,1.67,3.645
2092,1.84,3.64
2093,1.695,3.645
2094,1.585,3.685
2095,1.575,3.7
2096,1.605,3.755
2097,1.53,3.755
2098,1.795,3.595
2099,1.75,3.675
2100,1.83,3.605
2101,1.53,3.68
2102,1.515,3.74
2103,1.72,3.645
2104,1.665,3.64
2105,1.675,3.7
2106,1.605,3.705
2107,1.565,3.815
2108,1.7,3.625
2109,1.755,3.655
2110,1.69,3.665
2111,1.685,3.66
2112,1.615,3.765
2113,1.49,3.715
2114,1.495,3.72
2115,1.79,3.615
2116,1.73,3.655
2117,1.585,3.735
2118,1.655,3.73
2119,1.77,3.645
2120,1.65,3.725
2121,1.57,3.795
2122,1.555,3.705
2123,1.6,3.75
2124,1.44,3.79
2125,1.52,3.745
2126,1.6,3.7
2127,1.46,3.685
2128,1.605,3.655
2129,1.685,3.66
2130,1.71,3.66
2131,1.645,3.645
2132,1.705,3.655
2133,1.77,3.62
2134,1.77,3.595
2135,1.615,3.74
2136,1.63,3.73
2137,1.64,3.715
2138,1.88,3.605
2139,1.37,3.845
2140,1.735,3.66
2141,1.575,3.725
2142,1.49,3.74
2143,1.63,3.73
2144,1.7,3.7
2145,1.59,3.715
2146,1.655,3.68
2147,1.685,3.685
2148,1.725,3.65
2149,1.405,3.855
2150,1.535,3.785
2151,1.56,3.685
2152,1.47,3.82
2153,1.765,3.64
2154,1.705,3.68
2155,1.735,3.66
2156,1.47,3.77
2157,1.505,3.78
2158,1.81,3.61
2159,1.56,3.735
2160,1.72,3.645
2161,1.645,3.67
2162,1.665,3.69
2163,1.395,3.77
2164,1.6,3.825
2165,1.42,3.795
2166,1.655,3.68
2167,1.71,3.585
2168,1.67,3.695
2169,1.715,3.715
2170,1.675,3.7
2171,1.51,3.785
2172,1.645,3.745
2173,1.61,3.66
2174,1.535,3.76
2175,1.64,3.715
2176,1.455,3.755
2177,1.645,3.695
2178,1.84,3.615
2179,1.525,3.675
2180,1.565,3.765
2181,1.615,3.765
2182,1.79,3.665
2183,1.675,3.675
2184,1.705,3.705
2185,1.57,3.72
2186,1.655,3.705
2187,1.565,3.765
2188,1.55,3.775
2189,1.505,3.805
2190,1.6,3.7
2191,1.49,3.79
2192,1.665,3.715
2193,1.615,3.64
2194,1.535,3.735
2195,1.545,3.77
2196,1.74,3.615
2197,1.45,3.75
2198,1.75,3.725
2199,1.665,3.74
2200,1.6,3.725
2201,1.605,3.68
2202,1.67,3.62
2203,1.69,3.665
2204,1.595,3.72
2205,1.7,3.7
2206,1.76,3.66
2207,1.68,3.73
2208,1.57,3.745
2209,1.585,3.76
2210,1.76,3.685
2211,1.51,3.81
2212,1.7,3.7
2213,1.7,3.65
2214,1.45,3.75
2215,1.56,3.735
2216,1.7,3.675
2217,1.61,3.735
2218,1.565,3.715
2219,1.705,3.68
2220,1.61,3.76
2221,1.84,3.615
2222,1.51,3.785
2223,1.585,3.76
2224,1.455,3.73
2225,1.73,3.655
2226,1.545,3.72
2227,1.63,3.705
2228,1.51,3.785
2229,1.66,3.735
2230,1.575,3.775
2231,1.675,3.675
2232,1.665,3.69
2233,1.72,3.695
2234,1.59,3.715
2235,1.69,3.74
2236,1.735,3.685
2237,1.675,3.7
2238,1.855,3.63
2239,1.75,3.625
2240,1.47,3.82
2241,1.44,3.79
2242,1.69,3.615
2243,1.6,3.725
2244,1.67,3.695
2245,1.62,3.77
2246,1.73,3.655
2247,1.625,3.675
2248,1.48,3.78
2249,1.655,3.73
2250,1.705,3.63
2251,1.605,3.73
2252,1.56,3.81
2253,1.73,3.68
2254,1.58,3.78
2255,1.615,3.74
2256,1.625,3.7
2257,1.625,3.75
2258,1.715,3.715
2259,1.5,3.75
2260,1.65,3.675
2261,1.715,3.665
2262,1.585,3.785
2263,1.615,3.765
2264,1.425,3.875
2265,1.76,3.635
2266,1.6,3.8
2267,1.57,3.695
2268,1.545,3.72
2269,1.675,3.675
2270,1.75,3.675
2271,1.595,3.67
2272,1.55,3.8
2273,1.5,3.75
2274,1.875,3.6
2275,1.545,3.695
2276,1.56,3.735
2277,1.675,3.675
2278,1.65,3.725
2279,1.58,3.755
2280,1.35,3.825
2281,1.64,3.74
2282,1.655,3.655
2283,1.585,3.785
2284,1.715,3.615
2285,1.695,3.67
2286,1.72,3.595
2287,1.68,3.68
2288,1.795,3.645
2289,1.475,3.775
2290,1.79,3.715
2291,1.63,3.705
2292,1.585,3.785
2293,1.53,3.855
2294,1.665,3.69
2295,1.585,3.785
2296,1.59,3.79
2297,1.615,3.74
2298,1.46,3.81
2299,1.585,3.76
2300,1.655,3.73
2301,1.61,3.735
2302,1.685,3.685
2303,1.72,3.645
2304,1.535,3.785
2305,1.69,3.715
2306,1.675,3.725
2307,1.71,3.635
2308,1.76,3.685
2309,1.65,3.775
2310,1.78,3.655
2311,1.615,3.715
2312,1.65,3.7
2313,1.815,3.64
2314,1.59,3.69
2315,1.65,3.675
2316,1.515,3.84
2317,1.705,3.705
2318,1.61,3.71
2319,1.7,3.7
2320,1.5,3.775
2321,1.725,3.7
2322,1.635,3.735
2323,1.66,3.685
2324,1.715,3.715
2325,1.67,3.77
2326,1.625,3.725
2327,1.725,3.65
2328,1.545,3.72
2329,1.625,3.75
2330,1.515,3.74
2331,1.72,3.695
2332,1.705,3.73
2333,1.525,3.775
2334,1.685,3.685
2335,1.505,3.805
2336,1.515,3.69
2337,1.695,3.62
2338,1.61,3.685
2339,1.59,3.74
2340,1.63,3.73
2341,1.635,3.785
2342,1.675,3.675
2343,1.635,3.685
2344,1.655,3.655
2345,1.4,3.825
2346,1.55,3.825
2347,1.645,3.695
2348,1.56,3.785
2349,1.64,3.715
2350,1.595,3.795
2351,1.55,3.75
2352,1.785,3.66
2353,1.64,3.74
2354,1.67,3.67
2355,1.81,3.585
2356,1.505,3.78
2357,1.665,3.69
2358,1.42,3.845
2359,1.65,3.7
2360,1.605,3.805
2361,1.73,3.68
2362,1.465,3.765
2363,1.66,3.76
2364,1.6,3.775
2365,1.675,3.65
2366,1.415,3.915
2367,1.615,3.74
2368,1.58,3.805
2369,1.585,3.735
2370,1.58,3.755
2371,1.76,3.66
2372,1.575,3.775
2373,1.625,3.7
2374,1.635,3.685
2375,1.4,3.825
2376,1.505,3.755
2377,1.815,3.665
2378,1.645,3.745
2379,1.7,3.7
2380,1.62,3.72
2381,1.645,3.745
2382,1.665,3.665
2383,1.765,3.715
2384,1.68,3.655
2385,1.63,3.755
2386,1.84,3.615
2387,1.475,3.825
2388,1.955,3.555
2389,1.62,3.695
2390,1.81,3.635
2391,1.66,3.71
2392,1.54,3.765
2393,1.455,3.88
2394,1.57,3.77
2395,1.68,3.655
2396,1.51,3.76
2397,1.695,3.745
2398,1.63,3.73
2399,1.625,3.75
2400,1.47,3.77
2401,1.575,3.725
2402,1.565,3.765
2403,1.58,3.73
2404,1.705,3.655
2405,1.77,3.695
2406,1.665,3.74
2407,1.71,3.685
2408,1.55,3.725
2409,1.585,3.76
2410,1.65,3.75
2411,1.485,3.81
2412,1.545,3.745
2413,1.54,3.79
2414,1.61,3.635
2415,1.71,3.61
2416,1.665,3.74
2417,1.775,3.65
2418,1.525,3.775
2419,1.595,3.745
2420,1.68,3.705
2421,1.73,3.68
2422,1.725,3.675
2423,1.665,3.665
2424,1.515,3.665
2425,1.74,3.615
2426,1.645,3.695
2427,1.615,3.74
2428,1.505,3.755
2429,1.575,3.775
2430,1.645,3.745
2431,1.58,3.78
2432,1.72,3.545
2433,1.58,3.78
2434,1.54,3.715
2435,1.595,3.82
2436,1.545,3.795
2437,1.48,3.88
2438,1.545,3.77
2439,1.63,3.705
2440,1.69,3.665
2441,1.69,3.69
2442,1.52,3.745
2443,1.435,3.81
2444,1.685,3.685
2445,1.675,3.675
2446,1.635,3.685
2447,1.55,3.825
2448,1.685,3.71
2449,1.625,3.725
2450,1.67,3.695
2451,1.59,3.69
2452,1.56,3.735
2453,1.39,3.815
2454,1.665,3.69
2455,1.695,3.72
2456,1.715,3.715
2457,1.595,3.745
2458,1.645,3.795
2459,1.815,3.64
2460,1.645,3.745
2461,1.735,3.61
2462,1.515,3.765
2463,1.635,3.76
2464,1.695,3.645
2465,1.745,3.695
2466,1.74,3.64
2467,1.74,3.715
2468,1.55,3.775
2469,1.55,3.775
2470,1.655,3.73
2471,1.58,3.705
2472,1.64,3.715
2473,1.68,3.78
2474,1.58,3.78
2475,1.695,3.645
2476,1.65,3.725
2477,1.54,3.865
2478,1.815,3.59
2479,1.72,3.67
2480,1.675,3.7
2481,1.635,3.76
2482,1.65,3.75
2483,1.73,3.655
2484,1.55,3.775
2485,1.705,3.73
2486,1.665,3.74
2487,1.6,3.775
2488,1.835,3.61
2489,1.54,3.715
2490,1.62,3.77
2491,1.57,3.82
2492,1.41,3.81
2493,1.56,3.785
2494,1.595,3.795
2495,1.64,3.69
2496,1.755,3.705
2497,1.375,3.875
2498,1.67,3.745
2499,1.74,3.69
2500,1.49,3.765
2501,1.74,3.69
2502,1.505,3.855
2503,1.86,3.635
2504,1.585,3.76
2505,1.6,3.775
2506,1.625,3.775
2507,1.405,3.855
2508,1.47,3.87
2509,1.535,3.735
2510,1.52,3.77
2511,1.64,3.69
2512,1.695,3.695
2513,1.665,3.715
2514,1.63,3.705
2515,1.445,3.87
2516,1.57,3.695
2517,1.86,3.685
2518,1.675,3.675
2519,1.705,3.68
2520,1.74,3.715
2521,1.52,3.795
2522,1.665,3.765
2523,1.64,3.765
2524,1.55,3.8
2525,1.72,3.67
2526,1.63,3.755
2527,1.55,3.8
2528,1.67,3.72
2529,1.545,3.845
2530,1.66,3.71
2531,1.41,3.835
2532,1.82,3.67
2533,1.5,3.85
2534,1.765,3.74
2535,1.635,3.685
2536,1.46,3.81
2537,1.485,3.785
2538,1.585,3.71
2539,1.645,3.82
2540,1.585,3.76
2541,1.73,3.705
2542,1.625,3.725
2543,1.5,3.85
2544,1.535,3.81
2545,1.615,3.74
2546,1.64,3.74
2547,1.615,3.665
2548,1.585,3.835
2549,1.405,3.88
2550,1.545,3.795
2551,1.43,3.88
2552,1.6,3.8
2553,1.765,3.615
2554,1.75,3.7
2555,1.53,3.855
2556,1.51,3.81
2557,1.615,3.715
2558,1.565,3.765
2559,1.565,3.715
2560,1.555,3.78
2561,1.755,3.63
2562,1.78,3.705
2563,1.655,3.755
2564,1.515,3.89
2565,1.585,3.785
2566,1.495,3.845
2567,1.72,3.77
2568,1.55,3.85
2569,1.68,3.705
2570,1.49,3.815
2571,1.52,3.87
2572,1.595,3.745
2573,1.79,3.615
2574,1.505,3.83
2575,1.605,3.73
2576,1.705,3.755
2577,1.605,3.805
2578,1.71,3.785
2579,1.705,3.655
2580,1.645,3.77
2581,1.595,3.82
2582,1.64,3.79
2583,1.725,3.725
2584,1.535,3.81
2585,1.45,3.875
2586,1.73,3.755
2587,1.695,3.695
2588,1.525,3.825
2589,1.515,3.815
2590,1.545,3.82
2591,1.675,3.75
2592,1.645,3.77
2593,1.66,3.81
2594,1.55,3.8
2595,1.595,3.77
2596,1.655,3.705
2597,1.575,3.8
2598,1.485,3.835
2599,1.59,3.815
2600,1.545,3.745
2601,1.68,3.73
2602,1.665,3.79
2603,1.7,3.725
2604,1.735,3.66
2605,1.6,3.775
2606,1.59,3.765
2607,1.555,3.755
2608,1.84,3.64
2609,1.485,3.81
2610,1.64,3.765
2611,1.565,3.79
2612,1.48,3.83
2613,1.53,3.805
2614,1.495,3.845
2615,1.56,3.785
2616,1.54,3.84
2617,1.59,3.84
2618,1.55,3.825
2619,1.445,3.92
2620,1.46,3.885
2621,1.68,3.755
2622,1.71,3.76
2623,1.34,3.965
2624,1.575,3.825
2625,1.61,3.81
2626,1.605,3.83
2627,1.595,3.77
2628,1.46,3.835
2629,1.485,3.91
2630,1.505,3.805
2631,1.605,3.805
2632,1.625,3.8
2633,1.4,3.875
2634,1.55,3.875
2635,1.695,3.67
2636,1.65,3.75
2637,1.575,3.8
2638,1.76,3.735
2639,1.61,3.835
2640,1.62,3.845
2641,1.5,3.875
2642,1.6,3.85
2643,1.57,3.845
2644,1.415,3.89
2645,1.57,3.77
2646,1.585,3.835
2647,1.625,3.8
2648,1.665,3.715
2649,1.605,3.78
2650,1.635,3.785
2651,1.37,3.895
2652,1.55,3.825
2653,1.45,3.825
2654,1.64,3.79
2655,1.54,3.765
2656,1.625,3.8
2657,1.535,3.81
2658,1.625,3.825
2659,1.65,3.75
2660,1.635,3.785
2661,1.515,3.915
2662,1.735,3.71
2663,1.49,3.89
2664,1.56,3.81
2665,1.53,3.855
2666,1.57,3.845
2667,1.54,3.74
2668,1.675,3.775
2669,1.625,3.8
2670,1.68,3.78
2671,1.66,3.76
2672,1.555,3.805
2673,1.52,3.845
2674,1.445,3.92
2675,1.67,3.795
2676,1.54,3.815
2677,1.59,3.79
2678,1.545,3.87
2679,1.515,3.815
2680,1.515,3.89
2681,1.555,3.855
2682,1.445,3.82
2683,1.74,3.69
2684,1.29,3.915
2685,1.65,3.75
2686,1.475,3.825
2687,1.69,3.765
2688,1.56,3.86
2689,1.445,3.845
2690,1.53,3.88
2691,1.5,3.875
2692,1.56,3.76
2693,1.55,3.775
2694,1.535,3.785
2695,1.555,3.805
2696,1.54,3.84
2697,1.595,3.82
2698,1.675,3.675
2699,1.665,3.79
2700,1.585,3.785
2701,1.715,3.715
2702,1.74,3.715
2703,1.545,3.82
2704,1.575,3.825
2705,1.645,3.745
2706,1.655,3.755
2707,1.66,3.785
2708,1.585,3.76
2709,1.57,3.72
2710,1.56,3.835
2711,1.53,3.805
2712,1.575,3.8
2713,1.39,3.84
2714,1.515,3.815
2715,1.635,3.81
2716,1.575,3.775
2717,1.61,3.835
2718,1.58,3.805
2719,1.5,3.875
2720,1.625,3.8
2721,1.745,3.72
2722,1.5,3.875
2723,1.49,3.815
2724,1.64,3.765
2725,1.53,3.805
2726,1.495,3.845
2727,1.67,3.82
2728,1.53,3.855
2729,1.705,3.73
2730,1.56,3.86
2731,1.685,3.785
2732,1.575,3.8
2733,1.79,3.74
2734,1.585,3.81
2735,1.565,3.84
2736,1.68,3.73
2737,1.595,3.845
2738,1.69,3.79
2739,1.435,3.91
2740,1.53,3.83
2741,1.615,3.815
2742,1.595,3.745
2743,1.415,3.89
2744,1.44,3.89
2745,1.54,3.89
2746,1.565,3.79
2747,1.675,3.775
2748,1.61,3.81
2749,1.635,3.785
2750,1.695,3.695
2751,1.57,3.82
2752,1.54,3.84
2753,1.625,3.775
2754,1.485,3.86
2755,1.55,3.775
2756,1.46,3.86
2757,1.56,3.835
2758,1.58,3.855
2759,1.38,3.88
2760,1.605,3.83
2761,1.475,3.825
2762,1.6,3.8
2763,1.415,3.89
2764,1.655,3.755
2765,1.37,3.995
2766,1.505,3.855
2767,1.535,3.935
2768,1.65,3.85
2769,1.485,3.86
2770,1.555,3.855
2771,1.655,3.755
2772,1.585,3.81
2773,1.65,3.75
2774,1.41,3.935
2775,1.605,3.83
2776,1.635,3.785
2777,1.725,3.75
2778,1.57,3.845
2779,1.775,3.675
2780,1.57,3.82
2781,1.535,3.835
2782,1.445,3.845
2783,1.505,3.755
2784,1.53,3.905
2785,1.675,3.775
2786,1.545,3.795
2787,1.565,3.865
2788,1.62,3.77
2789,1.47,3.92
2790,1.645,3.82
2791,1.535,3.81
2792,1.51,3.885
2793,1.51,3.885
2794,1.59,3.765
2795,1.77,3.77
2796,1.555,3.83
2797,1.715,3.765
2798,1.69,3.74
2799,1.51,3.86
2800,1.59,3.815
2801,1.575,3.825
2802,1.625,3.775
2803,1.575,3.85
2804,1.565,3.89
2805,1.61,3.76
2806,1.57,3.82
2807,1.635,3.835
2808,1.6,3.775
2809,1.62,3.82
2810,1.565,3.815
2811,1.595,3.77
2812,1.305,3.955
2813,1.47,3.945
2814,1.475,3.85
2815,1.635,3.76
2816,1.6,3.85
2817,1.65,3.8
2818,1.57,3.845
2819,1.735,3.76
2820,1.66,3.81
2821,1.62,3.82
2822,1.53,3.88
2823,1.665,3.79
2824,1.46,3.86
2825,1.9,3.65
2826,1.57,3.77
2827,1.585,3.81
2828,1.55,3.8
2829,1.75,3.7
2830,1.62,3.82
2831,1.83,3.68
2832,1.6,3.85
2833,1.505,3.855
2834,1.71,3.735
2835,1.505,3.93
2836,1.52,3.87
2837,1.485,3.885
2838,1.57,3.845
2839,1.57,3.87
2840,1.51,3.885
2841,1.715,3.715
2842,1.575,3.825
2843,1.53,3.88
2844,1.51,3.86
2845,1.91,3.635
2846,1.55,3.825
2847,1.625,3.8
2848,1.655,3.83
2849,1.415,3.99
2850,1.48,3.88
2851,1.655,3.78
2852,1.615,3.815
2853,1.725,3.725
2854,1.545,3.87
2855,1.635,3.81
2856,1.64,3.74
2857,1.5,3.925
2858,1.585,3.835
2859,1.61,3.76
2860,1.56,3.81
2861,1.665,3.765
2862,1.64,3.79
2863,1.61,3.785
2864,1.65,3.775
2865,1.545,3.845
2866,1.73,3.78
2867,1.485,3.86
2868,1.545,3.77
2869,1.785,3.735
2870,1.415,3.84
2871,1.715,3.69
2872,1.73,3.73
2873,1.41,3.985
2874,1.415,3.89
2875,1.495,3.87
2876,1.58,3.83
2877,1.47,3.87
2878,1.675,3.85
2879,1.35,3.9
2880,1.58,3.855
2881,1.42,3.945
2882,1.505,3.88
2883,1.75,3.7
2884,1.69,3.815
2885,1.345,3.97
2886,1.615,3.84
2887,1.555,3.855
2888,1.69,3.815
2889,1.615,3.865
2890,1.515,3.89
2891,1.505,3.955
2892,1.69,3.74
2893,1.53,3.88
2894,1.7,3.775
2895,1.51,3.91
2896,1.485,3.885
2897,1.505,3.905
2898,1.69,3.765
2899,1.415,3.965
2900,1.5,3.9
2901,1.605,3.83
2902,1.565,3.89
2903,1.74,3.765
2904,1.495,3.92
2905,1.5,3.925
2906,1.515,3.915
2907,1.67,3.82
2908,1.65,3.825
2909,1.51,3.935
2910,1.58,3.83
2911,1.555,3.88
2912,1.57,3.87
2913,1.575,3.8
2914,1.51,3.91
2915,1.62,3.795
2916,1.495,3.92
2917,1.525,3.9
2918,1.69,3.79
2919,1.36,3.985
2920,1.63,3.83
2921,1.53,3.905
2922,1.575,3.925
2923,1.465,3.89
2924,1.485,3.96
2925,1.515,3.865
2926,1.515,3.99
2927,1.48,4.005
2928,1.705,3.83
2929,1.425,3.95
2930,1.435,3.96
2931,1.595,3.87
2932,1.43,3.98
2933,1.445,3.995
2934,1.425,3.925
2935,1.515,3.915
2936,1.545,3.92
2937,1.495,3.92
2938,1.655,3.83
2939,1.52,3.895
2940,1.575,3.825
2941,1.39,3.99
2942,1.475,4.0
2943,1.415,3.99
2944,1.515,3.99
2945,1.62,3.87
2946,1.4,4.0
2947,1.595,3.845
2948,1.57,3.87
2949,1.6,3.85
2950,1.505,3.88
2951,1.43,3.955
2952,1.55,3.925
2953,1.58,3.88
2954,1.48,3.88
2955,1.59,3.89
2956,1.67,3.87
2957,1.56,3.91
2958,1.54,3.915
2959,1.49,3.865
2960,1.635,3.86
2961,1.65,3.8
2962,1.515,3.94
2963,1.495,3.97
2964,1.72,3.745
2965,1.53,3.93
2966,1.765,3.715
2967,1.62,3.845
2968,1.6,3.85
2969,1.325,4.05
2970,1.485,3.91
2971,1.68,3.805
2972,1.59,3.865
2973,1.675,3.85
2974,1.52,3.92
2975,1.49,3.915
2976,1.635,3.76
2977,1.475,3.975
2978,1.42,3.97
2979,1.49,3.89
2980,1.585,3.86
2981,1.53,3.905
2982,1.715,3.74
2983,1.51,3.935
2984,1.655,3.805
2985,1.53,3.905
2986,1.695,3.77
2987,1.525,3.975
2988,1.6,3.9
2989,1.375,3.95
2990,1.615,3.84
2991,1.58,3.88
2992,1.625,3.85
2993,1.535,3.96
2994,1.41,3.96
2995,1.565,3.84
2996,1.38,4.005
2997,1.54,3.865
2998,1.425,4.0
2999,1.415,3.94
3000,1.69,3.79
3001,1.585,3.835
3002,1.665,3.84
3003,1.625,3.875
3004,1.42,3.97
3005,1.37,4.045
3006,1.6,3.9
3007,1.495,3.97
3008,1.545,3.92
3009,1.56,3.86
3010,1.48,4.005
3011,1.52,3.895
3012,1.48,3.955
3013,1.61,3.835
3014,1.605,3.83
3015,1.78,3.78
3016,1.555,3.855
3017,1.585,3.885
3018,1.655,3.83
3019,1.61,3.885
3020,1.565,3.815
3021,1.415,3.89
3022,1.505,3.93
3023,1.6,3.875
3024,1.62,3.845
3025,1.61,3.885
3026,1.665,3.84
3027,1.365,3.99
3028,1.65,3.825
3029,1.37,3.995
3030,1.64,3.84
3031,1.535,3.86
3032,1.57,3.87
3033,1.585,3.91
3034,1.485,3.91
3035,1.635,3.86
3036,1.545,3.92
3037,1.45,3.925
3038,1.625,3.875
3039,1.555,3.855
3040,1.645,3.82
3041,1.6,3.875
3042,1.54,3.915
3043,1.41,4.01
3044,1.58,3.855
3045,1.55,3.875
3046,1.47,3.87
3047,1.485,3.91
3048,1.63,3.855
3049,1.44,3.965
3050,1.59,3.89
3051,1.575,3.85
3052,1.42,3.945
3053,1.645,3.82
3054,1.53,3.83
3055,1.52,3.87
3056,1.66,3.835
3057,1.49,3.94
3058,1.495,3.92
3059,1.475,3.95
3060,1.45,3.925
3061,1.715,3.79
3062,1.51,3.885
3063,1.52,3.87
3064,1.4,3.975
3065,1.47,3.895
3066,1.56,3.935
3067,1.495,3.87
3068,1.62,3.845
3069,1.595,3.82
3070,1.49,3.865
3071,1.48,3.93
3072,1.485,3.885
3073,1.48,3.88
3074,1.59,3.84
3075,1.605,3.83
3076,1.645,3.795
3077,1.51,3.885
3078,1.485,3.885
3079,1.585,3.86
3080,1.705,3.805
3081,1.655,3.805
3082,1.615,3.84
3083,1.805,3.755
3084,1.75,3.8
3085,1.655,3.755
3086,1.6,3.875
3087,1.465,3.915
3088,1.6,3.85
3089,1.75,3.775
3090,1.58,3.805
3091,1.625,3.875
3092,1.48,3.905
3093,1.67,3.845
3094,1.565,3.865
3095,1.665,3.79
3096,1.505,3.955
3097,1.52,3.845
3098,1.68,3.73
3099,1.605,3.805
3100,1.535,3.86
3101,1.49,3.865
3102,1.67,3.795
3103,1.525,3.9
3104,1.505,3.93
3105,1.575,3.875
3106,1.49,3.89
3107,1.5,3.9
3108,1.61,3.81
3109,1.65,3.8
3110,1.615,3.815
3111,1.655,3.83
3112,1.495,3.845
3113,1.66,3.86
3114,1.525,3.875
3115,1.37,3.97
3116,1.425,3.95
3117,1.59,3.84
3118,1.57,3.795
3119,1.62,3.795
3120,1.45,3.925
3121,1.68,3.755
3122,1.86,3.685
3123,1.66,3.785
3124,1.49,3.915
3125,1.41,3.96
3126,1.625,3.75
3127,1.415,3.94
3128,1.62,3.845
3129,1.63,3.805
3130,1.565,3.865
3131,1.285,4.01
3132,1.41,3.96
3133,1.305,3.98
3134,1.505,3.88
3135,1.635,3.86
3136,1.745,3.795
3137,1.525,3.825
3138,1.445,3.87
3139,1.6,3.85
3140,1.735,3.735
3141,1.745,3.72
3142,1.775,3.75
3143,1.67,3.77
3144,1.515,3.865
3145,1.455,3.905
3146,1.655,3.78
3147,1.58,3.805
3148,1.535,3.885
3149,1.71,3.785
3150,1.595,3.82
3151,1.545,3.87
3152,1.49,3.915
3153,1.63,3.88
3154,1.705,3.83
3155,1.445,3.92
3156,1.57,3.845
3157,1.575,3.9
3158,1.49,3.915
3159,1.6,3.775
3160,1.65,3.825
3161,1.63,3.805
3162,1.575,3.825
3163,1.48,3.955
3164,1.725,3.8
3165,1.605,3.83
3166,1.445,3.97
3167,1.535,3.86
3168,1.56,3.885
3169,1.615,3.865
3170,1.645,3.745
3171,1.72,3.795
3172,1.78,3.755
3173,1.495,3.92
3174,1.565,3.765
3175,1.53,3.93
3176,1.725,3.825
3177,1.63,3.805
3178,1.435,3.935
3179,1.44,3.94
3180,1.615,3.865
3181,1.76,3.71
3182,1.585,3.885
3183,1.75,3.775
3184,1.52,3.895
3185,1.44,3.965
3186,1.535,3.885
3187,1.65,3.85
3188,1.66,3.76
3189,1.455,3.905
3190,1.29,4.015
3191,1.6,3.825
3192,1.595,3.82
3193,1.745,3.795
3194,1.62,3.795
3195,1.67,3.845
3196,1.705,3.78
3197,1.38,3.905
3198,1.59,3.865
3199,1.48,3.905
3200,1.78,3.755
3201,1.565,3.815
3202,1.725,3.8
3203,1.72,3.795
3204,1.56,3.86
3205,1.65,3.775
3206,1.56,3.86
3207,1.54,3.865
3208,1.605,3.83
3209,1.45,3.825
3210,1.575,3.775
3211,1.595,3.795
3212,1.465,3.915
3213,1.77,3.745
3214,1.635,3.81
3215,1.62,3.845
3216,1.4,3.925
3217,1.565,3.915
3218,1.625,3.8
3219,1.485,3.935
3220,1.375,3.95
3221,1.54,3.865
3222,1.57,3.845
3223,1.56,3.86
3224,1.735,3.735
3225,1.45,3.925
3226,1.45,3.9
3227,1.54,3.915
3228,1.585,3.835
3229,1.495,3.895
3230,1.6,3.875
3231,1.535,3.86
3232,1.475,3.925
3233,1.535,3.86
3234,1.67,3.82
3235,1.68,3.78
3236,1.635,3.785
3237,1.435,3.91
3238,1.605,3.855
3239,1.57,3.82
3240,1.42,3.995
3241,1.485,3.86
3242,1.43,3.955
3243,1.735,3.735
3244,1.5,3.95
3245,1.585,3.935
3246,1.37,3.945
3247,1.76,3.71
3248,1.625,3.85
3249,1.575,3.9
3250,1.57,3.82
3251,1.57,3.82
3252,1.585,3.835
3253,1.59,3.84
3254,1.58,3.88
3255,1.62,3.845
3256,1.805,3.73
3257,1.725,3.725
3258,1.225,4.025
3259,1.29,4.04
3260,1.48,3.88
3261,1.67,3.77
3262,1.59,3.865
3263,1.665,3.815
3264,1.55,3.9
3265,1.64,3.815
3266,1.485,3.86
3267,1.79,3.74
3268,1.445,3.92
3269,1.64,3.84
3270,1.315,4.015
3271,1.575,3.875
3272,1.61,3.76
3273,1.67,3.82
3274,1.415,3.99
3275,1.65,3.825
3276,1.5,3.925
3277,1.645,3.82
3278,1.565,3.865
3279,1.73,3.755
3280,1.4,3.975
3281,1.49,3.865
3282,1.485,3.935
3283,1.525,3.825
3284,1.685,3.76
3285,1.315,4.015
3286,1.705,3.805
3287,1.615,3.865
3288,1.57,3.845
3289,1.53,3.855
3290,1.605,3.855
3291,1.735,3.785
3292,1.545,3.895
3293,1.44,3.99
3294,1.6,3.825
3295,1.55,3.9
3296,1.58,3.805
3297,1.685,3.81
3298,1.525,3.925
3299,1.545,3.87
3300,1.55,3.825
3301,1.475,3.875
3302,1.605,3.805
3303,1.64,3.84
3304,1.44,3.94
3305,1.625,3.825
3306,1.53,3.88
3307,1.515,3.89
3308,1.415,3.865
3309,1.54,3.915
3310,1.54,3.89
3311,1.555,3.905
3312,1.67,3.72
3313,1.65,3.825
3314,1.44,3.965
3315,1.645,3.82
3316,1.61,3.885
3317,1.47,3.92
3318,1.425,3.925
3319,1.485,3.81
3320,1.52,3.87
3321,1.535,3.91
3322,1.43,3.98
3323,1.57,3.795
3324,1.445,3.945
3325,1.595,3.87
3326,1.535,3.86
3327,1.33,3.955
3328,1.615,3.79
3329,1.61,3.835
3330,1.53,3.88
3331,1.495,3.92
3332,1.565,3.865
3333,1.645,3.795
3334,1.48,3.88
3335,1.555,3.855
3336,1.635,3.785
3337,1.52,3.845
3338,1.815,3.715
3339,1.565,3.765
3340,1.51,3.885
3341,1.825,3.725
3342,1.535,3.835
3343,1.53,3.88
3344,1.445,3.97
3345,1.485,3.935
3346,1.51,3.785
3347,1.525,3.875
3348,1.485,3.86
3349,1.51,3.86
3350,1.545,3.87
3351,1.785,3.735
3352,1.49,3.89
3353,1.57,3.845
3354,1.6,3.875
3355,1.435,3.835
3356,1.485,3.885
3357,1.62,3.82
3358,1.705,3.755
3359,1.6,3.825
3360,1.47,3.92
3361,1.455,3.98
3362,1.59,3.89
3363,1.66,3.81
3364,1.685,3.81
3365,1.605,3.805
3366,1.585,3.91
3367,1.65,3.825
3368,1.505,3.905
3369,1.65,3.825
3370,1.515,3.915
3371,1.585,3.81
3372,1.73,3.805
3373,1.63,3.855
3374,1.54,3.915
3375,1.605,3.83
3376,1.525,3.9
3377,1.72,3.745
3378,1.74,3.765
3379,1.555,3.855
3380,1.605,3.88
3381,1.51,3.835
3382,1.565,3.915
3383,1.635,3.835
3384,1.56,3.86
3385,1.585,3.81
3386,1.495,3.895
3387,1.575,3.925
3388,1.56,3.885
3389,1.625,3.825
3390,1.41,3.935
3391,1.505,3.855
3392,1.58,3.93
3393,1.64,3.865
3394,1.705,3.78
3395,1.47,3.895
3396,1.625,3.825
3397,1.38,3.93
3398,1.61,3.885
3399,1.655,3.805
3400,1.535,3.835
3401,1.655,3.805
3402,1.395,3.97
3403,1.515,3.89
3404,1.59,3.815
3405,1.615,3.89
3406,1.47,3.895
3407,1.575,3.8
3408,1.6,3.825
3409,1.61,3.835
3410,1.515,3.89
3411,1.5,3.95
3412,1.49,3.89
3413,1.44,3.94
3414,1.64,3.84
3415,1.385,3.96
3416,1.46,3.985
3417,1.63,3.855
3418,1.58,3.805
3419,1.595,3.87
3420,1.695,3.82
3421,1.44,3.74
3422,1.585,3.885
3423,1.505,3.88
3424,1.5,3.875
3425,1.51,3.96
3426,1.485,3.96
3427,1.495,3.92
3428,1.74,3.74
3429,1.555,3.905
3430,1.455,3.88
3431,1.485,3.96
3432,1.545,3.92
3433,1.68,3.755
3434,1.56,3.885
3435,1.515,3.865
3436,1.425,3.8
3437,1.5,3.875
3438,1.45,3.85
3439,1.385,3.935
3440,1.625,3.825
3441,1.52,3.945
3442,1.735,3.785
3443,1.675,3.775
3444,1.45,3.9
3445,1.495,3.97
3446,1.43,3.905
3447,1.655,3.83
3448,1.455,3.93
3449,1.55,3.925
3450,1.48,3.855
3451,1.67,3.82
3452,1.53,3.88
3453,1.52,3.945
3454,1.515,3.815
3455,1.655,3.805
3456,1.675,3.825
3457,1.655,3.83
3458,1.56,3.86
3459,1.57,3.845
3460,1.565,3.865
3461,1.585,3.86
3462,1.57,3.845
3463,1.515,3.89
3464,1.62,3.87
3465,1.395,3.945
3466,1.7,3.775
3467,1.59,3.815
3468,1.705,3.73
3469,1.65,3.825
3470,1.49,3.84
3471,1.63,3.805
3472,1.23,3.905
3473,1.68,3.755
3474,1.505,3.83
3475,1.455,3.955
3476,1.455,3.955
3477,1.56,3.835
3478,1.535,3.885
3479,1.665,3.715
3480,1.52,3.87
3481,1.34,4.015
3482,1.645,3.77
3483,1.505,3.855
3484,1.555,3.93
3485,1.445,3.995
3486,1.54,3.89
3487,1.38,3.98
3488,1.64,3.765
3489,1.55,3.9
3490,1.45,3.825
3491,1.505,3.88
3492,1.66,3.76
3493,1.745,3.745
3494,1.525,3.85
3495,1.575,3.85
3496,1.52,3.945
3497,1.545,3.795
3498,1.63,3.83
3499,1.38,3.905
3500,1.475,3.875
3501,1.74,3.79
3502,1.435,3.91
3503,1.485,3.86
3504,1.58,3.88
3505,1.35,3.825
3506,1.58,3.855
3507,1.445,3.945
3508,1.335,3.91
3509,1.55,3.9
3510,1.415,3.965
3511,1.49,3.94
3512,1.445,3.895
3513,1.575,3.875
3514,1.485,3.96
3515,1.575,3.875
3516,1.445,3.895
3517,1.64,3.84
3518,1.38,3.955
3519,1.465,3.94
3520,1.675,3.825
3521,1.445,3.97
3522,1.635,3.86
3523,1.45,3.925
3524,1.61,3.86
3525,1.61,3.81
3526,1.495,3.845
3527,1.63,3.705
3528,1.44,3.965
3529,1.71,3.81
3530,1.5,3.8
3531,1.365,3.915
3532,1.68,3.805
3533,1.635,3.81
3534,1.565,3.815
3535,1.475,3.85
3536,1.6,3.85
3537,1.695,3.82
3538,1.475,3.95
3539,1.52,3.845
3540,1.38,4.03
3541,1.66,3.835
3542,1.8,3.725
3543,1.655,3.83
3544,1.715,3.715
3545,1.52,3.895
3546,1.5,3.9
3547,1.71,3.81
3548,1.465,3.765
3549,1.59,3.74
3550,1.725,3.8
3551,1.565,3.865
3552,1.705,3.755
3553,1.55,3.8
3554,1.65,3.85
3555,1.59,3.765
3556,1.665,3.815
3557,1.54,3.89
3558,1.655,3.83
3559,1.53,3.855
3560,1.61,3.76
3561,1.82,3.72
3562,1.61,3.835
3563,1.65,3.775
3564,1.76,3.71
3565,1.62,3.795
3566,1.615,3.79
3567,1.605,3.88
3568,1.69,3.79
3569,1.69,3.74
3570,1.55,3.85
3571,1.42,3.87
3572,1.575,3.875
3573,1.57,3.82
3574,1.66,3.76
3575,1.545,3.895
3576,1.68,3.755
3577,1.425,3.85
3578,1.705,3.805
3579,1.535,3.835
3580,1.41,3.81
3581,1.495,3.795
3582,1.585,3.86
3583,1.545,3.72
3584,1.52,3.895
3585,1.52,3.87
3586,1.66,3.81
3587,1.535,3.735
3588,1.585,3.885
3589,1.625,3.85
3590,1.675,3.75
3591,1.62,3.82
3592,1.565,3.79
3593,1.675,3.8
3594,1.72,3.77
3595,1.555,3.93
3596,1.845,3.72
3597,1.51,3.86
3598,1.63,3.805
3599,1.56,3.885
3600,1.525,3.85
3601,1.43,3.93
3602,1.545,3.82
3603,1.465,3.865
3604,1.75,3.75
3605,1.67,3.82
3606,1.685,3.785
3607,1.61,3.81
3608,1.66,3.785
3609,1.525,3.75
3610,1.625,3.725
3611,1.495,3.82
3612,1.58,3.83
3613,1.545,3.795
3614,1.59,3.84
3615,1.505,3.83
3616,1.415,3.89
3617,1.79,3.765
3618,1.405,3.93
3619,1.69,3.79
3620,1.455,3.905
3621,1.48,3.905
3622,1.57,3.795
3623,1.635,3.835
3624,1.675,3.825
3625,1.395,3.97
3626,1.61,3.835
3627,1.565,3.84
3628,1.57,3.82
3629,1.675,3.775
3630,1.515,3.865
3631,1.605,3.83
3632,1.545,3.87
3633,1.415,3.915
3634,1.615,3.84
3635,1.55,3.85
3636,1.41,3.86
3637,1.555,3.88
3638,1.355,3.98
3639,1.58,3.855
3640,1.545,3.895
3641,1.57,3.845
3642,1.51,3.885
3643,1.485,3.96
3644,1.605,3.805
3645,1.485,3.96
3646,1.355,3.98
3647,1.795,3.745
3648,1.685,3.81
3649,1.555,3.88
3650,1.685,3.835
3651,1.455,3.905
3652,1.495,3.92
3653,1.65,3.775
3654,1.55,3.875
3655,1.61,3.785
3656,1.64,3.815
3657,1.455,3.905
3658,1.635,3.835
3659,1.465,3.94
3660,1.575,3.825
3661,1.51,3.835
3662,1.56,3.885
3663,1.595,3.87
3664,1.53,3.93
3665,1.535,3.91
3666,1.44,3.89
3667,1.445,3.87
3668,1.7,3.75
3669,1.64,3.815
3670,1.505,3.905
3671,1.655,3.78
3672,1.435,3.91
3673,1.645,3.845
3674,1.385,3.96
3675,1.48,3.955
3676,1.525,3.875
3677,1.68,3.805
3678,1.545,3.87
3679,1.635,3.785
3680,1.805,3.73
3681,1.53,3.93
3682,1.515,3.84
3683,1.46,3.935
3684,1.56,3.885
3685,1.615,3.765
3686,1.47,3.92
3687,1.59,3.865
3688,1.43,3.905
3689,1.575,3.775
3690,1.54,3.865
3691,1.485,3.935
3692,1.395,3.895
3693,1.605,3.805
3694,1.685,3.81
3695,1.615,3.84
3696,1.59,3.84
3697,1.7,3.8
3698,1.555,3.88
3699,1.515,3.84
3700,1.625,3.8
3701,1.615,3.665
3702,1.615,3.84
3703,1.395,3.945
3704,1.67,3.795
3705,1.6,3.825
3706,1.545,3.92
3707,1.31,3.935
3708,1.675,3.8
3709,1.555,3.855
3710,1.485,3.81
3711,1.42,3.87
3712,1.645,3.77
3713,1.605,3.78
3714,1.41,3.86
3715,1.525,3.9
3716,1.695,3.795
3717,1.545,3.895
3718,1.675,3.75
3719,1.55,3.85
3720,1.565,3.865
3721,1.48,3.88
3722,1.765,3.69
3723,1.69,3.765
3724,1.765,3.765
3725,1.49,3.815
3726,1.535,3.835
3727,1.56,3.81
3728,1.535,3.86
3729,1.595,3.82
3730,1.68,3.83
3731,1.65,3.875
3732,1.485,3.835
3733,1.645,3.82
3734,1.64,3.79
3735,1.605,3.805
3736,1.45,4.0
3737,1.41,3.885
3738,1.635,3.81
3739,1.595,3.845
3740,1.415,3.965
3741,1.65,3.85
3742,1.485,3.86
3743,1.455,3.905
3744,1.7,3.75
3745,1.635,3.835
3746,1.67,3.82
3747,1.555,3.93
3748,1.72,3.77
3749,1.74,3.74
3750,1.51,3.86
3751,1.575,3.9
3752,1.43,3.955
3753,1.55,3.8
3754,1.54,3.865
3755,1.575,3.9
3756,1.63,3.83
3757,1.6,3.875
3758,1.615,3.815
3759,1.535,3.835
3760,1.62,3.845
3761,1.435,3.96
3762,1.63,3.83
3763,1.72,3.795
3764,1.57,3.795
3765,1.515,3.89
3766,1.605,3.805
3767,1.64,3.84
3768,1.605,3.88
3769,1.675,3.825
3770,1.555,3.905
3771,1.52,3.92
3772,1.55,3.825
3773,1.725,3.775
3774,1.41,3.96
3775,1.5,3.825
3776,1.705,3.73
3777,1.58,3.855
3778,1.475,3.9
3779,1.475,3.9
3780,1.585,3.785
3781,1.555,3.88
3782,1.555,3.83
3783,1.645,3.845
3784,1.445,3.82
3785,1.58,3.83
3786,1.575,3.875
3787,1.46,3.91
3788,1.6,3.875
3789,1.79,3.715
3790,1.51,3.835
3791,1.705,3.755
3792,1.485,3.86
3793,1.63,3.78
3794,1.485,3.935
3795,1.66,3.86
3796,1.62,3.77
3797,1.635,3.86
3798,1.525,3.85
3799,1.725,3.8
3800,1.655,3.855
3801,1.76,3.71
3802,1.43,3.905
3803,1.68,3.805
3804,1.535,3.86
3805,1.475,3.9
3806,1.795,3.695
3807,1.495,3.795
3808,1.5,3.9
3809,1.7,3.775
3810,1.515,3.84
3811,1.49,3.815
3812,1.74,3.74
3813,1.59,3.79
3814,1.38,3.955
3815,1.5,3.875
3816,1.39,3.99
3817,1.435,3.885
3818,1.705,3.73
3819,1.495,3.87
3820,1.665,3.815
3821,1.545,3.845
3822,1.615,3.84
3823,1.545,3.845
3824,1.635,3.835
3825,1.715,3.74
3826,1.54,3.89
3827,1.66,3.835
3828,1.45,3.925
3829,1.545,3.87
3830,1.565,3.79
3831,1.575,3.875
3832,1.57,3.87
3833,1.635,3.835
3834,1.355,3.905
3835,1.57,3.82
3836,1.755,3.73
3837,1.52,3.82
3838,1.635,3.81
3839,1.59,3.815
3840,1.545,3.795
3841,1.655,3.755
3842,1.65,3.85
3843,1.495,3.82
3844,1.57,3.745
3845,1.59,3.715
3846,1.44,3.915
3847,1.68,3.78
3848,1.64,3.765
3849,1.635,3.785
3850,1.705,3.755
3851,1.64,3.715
3852,1.86,3.685
3853,1.57,3.845
3854,1.55,3.775
3855,1.38,3.83
3856,1.67,3.795
3857,1.525,3.825
3858,1.61,3.735
3859,1.6,3.8
3860,1.59,3.89
3861,1.63,3.805
3862,1.56,3.735
3863,1.715,3.79
3864,1.64,3.74
3865,1.69,3.765
3866,1.57,3.795
3867,1.405,3.955
3868,1.645,3.795
3869,1.55,3.875
3870,1.565,3.915
3871,1.625,3.85
3872,1.51,3.91
3873,1.765,3.715
3874,1.485,3.785
3875,1.455,3.88
3876,1.51,3.935
3877,1.56,3.885
3878,1.565,3.89
3879,1.71,3.81
3880,1.41,3.885
3881,1.615,3.89
3882,1.74,3.74
3883,1.425,3.875
3884,1.46,3.91
3885,1.645,3.82
3886,1.35,4.0
3887,1.71,3.76
3888,1.555,3.755
3889,1.655,3.83
3890,1.575,3.875
3891,1.535,3.91
3892,1.66,3.835
3893,1.685,3.785
3894,1.54,3.89
3895,1.665,3.815
3896,1.49,3.865
3897,1.385,3.935
3898,1.745,3.77
3899,1.71,3.81
3900,1.47,3.82
3901,1.665,3.815
3902,1.66,3.785
3903,1.42,3.895
3904,1.575,3.775
3905,1.49,3.865
3906,1.43,3.88
3907,1.57,3.82
3908,1.625,3.8
3909,1.49,3.965
3910,1.64,3.815
3911,1.475,3.875
3912,1.55,3.85
3913,1.375,3.975
3914,1.585,3.785
3915,1.675,3.85
3916,1.45,3.975
3917,1.475,3.825
3918,1.58,3.83
3919,1.59,3.815
3920,1.595,3.87
3921,1.515,3.915
3922,1.53,3.73
3923,1.64,3.74
3924,1.565,3.89
3925,1.555,3.88
3926,1.62,3.82
3927,1.555,3.83
3928,1.665,3.815
3929,1.4,3.95
3930,1.605,3.88
3931,1.52,3.845
3932,1.705,3.78
3933,1.535,3.91
3934,1.585,3.86
3935,1.53,3.88
3936,1.49,3.965
3937,1.595,3.895
3938,1.54,3.915
3939,1.525,3.875
3940,1.65,3.825
3941,1.455,3.93
3942,1.715,3.765
3943,1.575,3.85
3944,1.565,3.865
3945,1.595,3.845
3946,1.555,3.83
3947,1.455,3.905
3948,1.55,3.9
3949,1.425,3.925
3950,1.715,3.74
3951,1.55,3.9
3952,1.695,3.82
3953,1.43,3.955
3954,1.54,3.89
3955,1.495,3.945
3956,1.435,3.96
3957,1.425,3.925
3958,1.495,3.945
3959,1.53,3.83
3960,1.58,3.83
3961,1.56,3.835
3962,1.45,3.95
3963,1.76,3.735
3964,1.685,3.81
3965,1.495,3.845
3966,1.48,3.88
3967,1.62,3.895
3968,1.44,3.99
3969,1.69,3.84
3970,1.535,3.835
3971,1.43,3.98
3972,1.575,3.925
3973,1.49,3.865
3974,1.51,3.885
3975,1.395,4.02
3976,1.54,3.865
3977,1.62,3.82
3978,1.705,3.805
3979,1.48,3.93
3980,1.52,3.895
3981,1.55,3.725
3982,1.61,3.885
3983,1.58,3.905
3984,1.625,3.875
3985,1.625,3.9
3986,1.45,4.0
3987,1.445,4.02
3988,1.52,3.895
3989,1.525,3.9
3990,1.605,3.88
3991,1.41,4.01
3992,1.455,3.955
3993,1.645,3.845
3994,1.405,3.93
3995,1.525,3.95
3996,1.4,3.925
3997,1.185,4.11
3998,1.645,3.895
3999,1.48,3.905
4000,1.46,3.885
4001,1.695,3.795
4002,1.44,3.99
4003,1.65,3.875
4004,1.61,3.86
4005,1.52,3.895
4006,1.775,3.775
4007,1.525,3.9
4008,1.595,3.87
4009,1.495,3.87
4010,1.58,3.905
4011,1.55,3.9
4012,1.31,4.035
4013,1.49,3.915
4014,1.36,3.935
4015,1.565,3.89
4016,1.405,3.98
4017,1.605,3.855
4018,1.58,3.88
4019,1.475,3.975
4020,1.675,3.8
4021,1.575,3.9
4022,1.725,3.775
4023,1.555,3.855
4024,1.39,3.915
4025,1.44,4.015
4026,1.51,3.935
4027,1.51,3.935
4028,1.61,3.835
4029,1.37,3.895
4030,1.57,3.92
4031,1.505,3.955
4032,1.66,3.785
4033,1.645,3.82
4034,1.67,3.845
4035,1.685,3.81
4036,1.465,3.99
4037,1.365,3.99
4038,1.595,3.92
4039,1.555,3.88
4040,1.68,3.855
4041,1.565,3.84
4042,1.485,3.91
4043,1.61,3.885
4044,1.585,3.91
4045,1.71,3.76
4046,1.495,3.92
4047,1.325,4.025
4048,1.605,3.88
4049,1.51,3.91
4050,1.505,3.955
4051,1.52,3.945
4052,1.655,3.83
4053,1.64,3.89
4054,1.49,3.965
4055,1.49,3.915
4056,1.565,3.84
4057,1.485,3.96
4058,1.465,3.84
4059,1.53,3.955
4060,1.44,3.94
4061,1.5,3.9
4062,1.685,3.81
4063,1.46,3.96
4064,1.47,3.92
4065,1.415,3.965
4066,1.53,3.905
4067,1.685,3.76
4068,1.53,3.805
4069,1.57,3.895
4070,1.735,3.81
4071,1.49,3.94
4072,1.37,4.07
4073,1.665,3.865
4074,1.555,3.905
4075,1.61,3.885
4076,1.64,3.865
4077,1.45,4.025
4078,1.52,3.845
4079,1.57,3.92
4080,1.58,3.88
4081,1.545,3.945
4082,1.595,3.895
4083,1.485,3.935
4084,1.59,3.915
4085,1.41,4.035
4086,1.71,3.86
4087,1.64,3.865
4088,1.49,3.99
4089,1.52,3.92
4090,1.68,3.855
4091,1.78,3.755
4092,1.36,3.96
4093,1.475,3.85
4094,1.365,4.04
4095,1.595,3.87
4096,1.455,3.93
4097,1.41,3.985
4098,1.565,3.89
4099,1.555,3.905
4100,1.525,3.95
4101,1.565,3.865
4102,1.535,3.91
4103,1.335,4.035
4104,1.48,3.955
4105,1.515,3.865
4106,1.535,3.86
4107,1.645,3.845
4108,1.41,4.035
4109,1.415,3.99
4110,1.445,3.845
4111,1.32,3.995
4112,1.71,3.76
4113,1.675,3.85
4114,1.625,3.85
4115,1.445,3.97
4116,1.59,3.865
4117,1.585,3.91
4118,1.63,3.755
4119,1.62,3.845
4120,1.535,3.935
4121,1.6,3.825
4122,1.715,3.84
4123,1.5,3.95
4124,1.515,3.815
4125,1.645,3.845
4126,1.475,3.9
4127,1.44,3.99
4128,1.63,3.83
4129,1.66,3.785
4130,1.545,3.92
4131,1.645,3.795
4132,1.505,3.88
4133,1.65,3.825
4134,1.315,3.965
4135,1.57,3.895
4136,1.7,3.8
4137,1.54,3.94
4138,1.635,3.86
4139,1.385,3.985
4140,1.565,3.89
4141,1.55,3.925
4142,1.605,3.855
4143,1.46,3.91
4144,1.58,3.855
4145,1.37,3.895
4146,1.525,3.9
4147,1.5,3.9
4148,1.495,3.92
4149,1.52,3.92
4150,1.475,3.95
4151,1.63,3.905
4152,1.445,4.02
4153,1.615,3.89
4154,1.505,3.93
4155,1.55,3.925
4156,1.575,3.9
4157,1.37,3.945
4158,1.55,3.925
4159,1.415,4.015
4160,1.68,3.805
4161,1.58,3.83
4162,1.535,3.86
4163,1.525,3.925
4164,1.5,4.0
4165,1.59,3.89
4166,1.73,3.73
4167,1.445,3.97
4168,1.565,3.89
4169,1.42,3.995
4170,1.37,3.995
4171,1.615,3.765
4172,1.575,3.825
4173,1.79,3.765
4174,1.55,3.875
4175,1.6,3.875
4176,1.555,3.855
4177,1.39,3.965
4178,1.455,3.905
4179,1.39,3.99
4180,1.435,3.91
4181,1.595,3.82
4182,1.67,3.845
4183,1.785,3.785
4184,1.705,3.83
4185,1.545,3.795
4186,1.685,3.86
4187,1.525,3.9
4188,1.32,4.095
4189,1.59,3.89
4190,1.495,3.945
4191,1.63,3.855
4192,1.48,3.83
4193,1.45,3.975
4194,1.305,4.055
4195,1.43,4.03
4196,1.645,3.87
4197,1.475,3.95
4198,1.495,3.82
4199,1.545,3.945
4200,1.705,3.83
4201,1.355,4.08
4202,1.445,3.995
4203,1.655,3.88
4204,1.5,3.925
4205,1.555,3.905
4206,1.465,3.965
4207,1.265,4.065
4208,1.575,3.9
4209,1.665,3.84
4210,1.725,3.8
4211,1.49,3.965
4212,1.64,3.89
4213,1.475,4.0
4214,1.525,3.95
4215,1.58,3.905
4216,1.545,3.945
4217,1.425,4.025
4218,1.46,3.985
4219,1.63,3.905
4220,1.445,3.97
4221,1.495,3.995
4222,1.675,3.8
4223,1.455,4.005
4224,1.375,4.05
4225,1.54,3.94
4226,1.675,3.875
4227,1.47,3.995
4228,1.44,4.04
4229,1.58,3.93
4230,1.62,3.895
4231,1.555,3.855
4232,1.445,4.02
4233,1.49,3.94
4234,1.31,4.06
4235,1.51,3.96
4236,1.56,3.91
4237,1.455,3.98
4238,1.62,3.92
4239,1.535,3.935
4240,1.43,3.98
4241,1.57,3.92
4242,1.485,3.985
4243,1.505,3.93
4244,1.455,4.005
4245,1.565,3.915
4246,1.59,3.89
4247,1.45,4.025
4248,1.455,3.93
4249,1.44,3.99
4250,1.465,3.915
4251,1.48,3.905
4252,1.48,3.93
4253,1.49,3.94
4254,1.535,3.935
4255,1.47,3.97
4256,1.48,3.83
4257,1.715,3.69
4258,1.51,3.91
4259,1.655,3.855
4260,1.445,3.97
4261,1.575,3.9
4262,1.575,3.9
4263,1.32,3.995
4264,1.405,3.98
4265,1.415,3.915
4266,1.455,3.955
4267,1.605,3.88
4268,1.465,3.84
4269,1.59,3.94
4270,1.505,3.905
4271,1.67,3.82
4272,1.5,3.975
4273,1.3,4.0
4274,1.425,4.0
4275,1.495,3.92
4276,1.505,3.93
4277,1.57,3.92
4278,1.51,3.885
4279,1.46,4.01
4280,1.665,3.89
4281,1.585,3.935
4282,1.39,3.79
4283,1.605,3.905
4284,1.49,3.94
4285,1.635,3.885
4286,1.33,4.08
4287,1.59,3.89
4288,1.46,3.935
4289,1.505,3.905
4290,1.7,3.8
4291,1.4,4.05
4292,1.65,3.875
4293,1.51,3.885
4294,1.625,3.775
4295,1.415,4.015
4296,1.445,3.995
4297,1.495,3.97
4298,1.62,3.92
4299,1.81,3.735
4300,1.59,3.915
4301,1.425,4.025
4302,1.505,3.98
4303,1.445,4.02
4304,1.445,3.97
4305,1.395,4.045
4306,1.485,3.985
4307,1.5,3.975
4308,1.465,3.99
4309,1.6,3.925
4310,1.605,3.905
4311,1.51,3.96
4312,1.66,3.81
4313,1.585,3.91
4314,1.51,3.96
4315,1.58,3.855
4316,1.585,3.885
4317,1.525,3.975
4318,1.525,3.95
4319,1.58,3.93
4320,1.505,3.88
4321,1.475,4.0
4322,1.48,3.955
4323,1.62,3.87
4324,1.54,3.915
4325,1.455,3.98
4326,1.495,3.945
4327,1.62,3.845
4328,1.475,4.0
4329,1.485,4.01
4330,1.69,3.84
4331,1.565,3.94
4332,1.635,3.86
4333,1.45,4.0
4334,1.43,3.93
4335,1.44,4.015
4336,1.48,3.88
4337,1.35,4.025
4338,1.425,3.95
4339,1.84,3.74
4340,1.555,3.905
4341,1.265,4.14
4342,1.585,3.885
4343,1.425,3.975
4344,1.53,3.955
4345,1.505,3.955
4346,1.675,3.825
4347,1.42,3.97
4348,1.55,3.95
4349,1.665,3.89
4350,1.45,3.95
4351,1.525,3.95
4352,1.605,3.855
4353,1.265,4.115
4354,1.59,3.89
4355,1.6,3.9
4356,1.565,3.865
4357,1.52,3.97
4358,1.55,3.925
4359,1.44,3.915
4360,1.5,3.975
4361,1.58,3.93
4362,1.555,3.855
4363,1.45,4.0
4364,1.47,3.995
4365,1.595,3.82
4366,1.29,4.09
4367,1.65,3.825
4368,1.49,3.99
4369,1.57,3.945
4370,1.43,4.005
4371,1.425,4.0
4372,1.425,4.05
4373,1.62,3.795
4374,1.52,3.92
4375,1.515,3.94
4376,1.785,3.81
4377,1.36,4.035
4378,1.495,3.87
4379,1.655,3.855
4380,1.635,3.86
4381,1.415,3.99
4382,1.425,4.025
4383,1.475,3.95
4384,1.52,3.97
4385,1.575,3.9
4386,1.395,4.02
4387,1.385,4.035
4388,1.495,3.97
4389,1.445,3.995
4390,1.435,3.985
4391,1.535,3.96
4392,1.69,3.84
4393,1.55,3.9
4394,1.535,3.96
4395,1.58,3.905
4396,1.39,3.99
4397,1.68,3.88
4398,1.42,3.995
4399,1.635,3.885
4400,1.59,3.89
4401,1.56,3.96
4402,1.52,3.97
4403,1.555,3.955
4404,1.495,3.97
4405,1.51,3.96
4406,1.445,3.92
4407,1.635,3.885
4408,1.5,4.0
4409,1.64,3.865
4410,1.645,3.845
4411,1.58,3.905
4412,1.655,3.88
4413,1.39,3.865
4414,1.52,3.945
4415,1.795,3.795
4416,1.565,3.915
4417,1.275,4.075
4418,1.495,3.845
4419,1.47,3.995
4420,1.62,3.895
4421,1.345,3.995
4422,1.51,3.935
4423,1.575,3.95
4424,1.545,3.97
4425,1.695,3.845
4426,1.425,3.95
4427,1.52,3.92
4428,1.495,3.995
4429,1.44,3.965
4430,1.66,3.835
4431,1.42,3.92
4432,1.475,3.975
4433,1.435,3.96
4434,1.58,3.905
4435,1.755,3.805
4436,1.38,3.955
4437,1.54,3.915
4438,1.465,3.865
4439,1.4,4.025
4440,1.41,3.985
4441,1.56,3.96
4442,1.54,3.94
4443,1.6,3.925
4444,1.41,4.06
4445,1.51,3.985
4446,1.365,4.065
4447,1.67,3.82
4448,1.45,4.025
4449,1.33,4.08
4450,1.505,3.98
4451,1.615,3.915
4452,1.38,4.005
4453,1.605,3.905
4454,1.495,3.97
4455,1.58,3.905
4456,1.555,3.955
4457,1.605,3.905
4458,1.68,3.805
4459,1.535,3.96
4460,1.4,4.05
4461,1.615,3.79
4462,1.395,3.97
4463,1.555,3.93
4464,1.615,3.89
4465,1.48,3.905
4466,1.52,3.92
4467,1.66,3.835
4468,1.44,3.89
4469,1.56,3.96
4470,1.475,3.975
4471,1.5,3.9
4472,1.545,3.945
4473,1.495,3.995
4474,1.515,3.89
4475,1.51,3.985
4476,1.445,4.02
4477,1.45,4.0
4478,1.705,3.83
4479,1.61,3.91
4480,1.285,4.06
4481,1.73,3.83
4482,1.495,3.97
4483,1.495,3.995
4484,1.64,3.89
4485,1.445,3.945
4486,1.55,3.95
4487,1.565,3.94
4488,1.61,3.91
4489,1.575,3.925
4490,1.595,3.92
4491,1.535,3.96
4492,1.55,3.875
4493,1.685,3.86
4494,1.555,3.905
4495,1.53,3.93
4496,1.665,3.84
4497,1.46,3.935
4498,1.54,3.965
4499,1.515,3.965
4500,1.45,4.025
4501,1.585,3.935
4502,1.48,4.005
4503,1.465,3.865
4504,1.575,3.8
4505,1.54,3.865
4506,1.555,3.955
4507,1.61,3.91
4508,1.405,3.98
4509,1.385,4.035
4510,1.715,3.665
4511,1.535,3.96
4512,1.725,3.775
4513,1.46,3.985
4514,1.575,3.9
4515,1.595,3.895
4516,1.335,3.985
4517,1.41,4.035
4518,1.51,3.86
4519,1.405,3.98
4520,1.67,3.845
4521,1.56,3.91
4522,1.555,3.955
4523,1.605,3.88
4524,1.4,4.05
4525,1.635,3.885
4526,1.355,4.055
4527,1.385,4.035
4528,1.46,4.01
4529,1.54,3.915
4530,1.445,3.945
4531,1.605,3.905
4532,1.365,4.065
4533,1.7,3.8
4534,1.6,3.9
4535,1.94,3.69
4536,1.44,4.04
4537,1.54,3.965
4538,1.53,3.93
4539,1.555,3.955
4540,1.52,3.97
4541,1.63,3.88
4542,1.58,3.88
4543,1.5,3.9
4544,1.45,4.0
4545,1.535,3.96
4546,1.5,4.0
4547,1.47,3.995
4548,1.6,3.925
4549,1.54,3.94
4550,1.44,4.04
4551,1.59,3.89
4552,1.55,3.95
4553,1.595,3.92
4554,1.6,3.9
4555,1.555,3.93
4556,1.445,3.995
4557,1.555,3.955
4558,1.59,3.915
4559,1.44,4.04
4560,1.53,3.955
4561,1.445,4.02
4562,1.66,3.86
4563,1.425,3.95
4564,1.56,3.935
4565,1.6,3.875
4566,1.38,4.08
4567,1.43,4.03
4568,1.53,3.955
4569,1.56,3.91
4570,1.555,3.905
4571,1.595,3.92
4572,1.33,4.105
4573,1.595,3.92
4574,1.58,3.905
4575,1.4,4.025
4576,1.525,3.925
4577,1.53,3.98
4578,1.41,4.01
4579,1.435,4.01
4580,1.48,3.98
4581,1.385,3.985
4582,1.56,3.96
4583,1.625,3.9
4584,1.25,4.15
4585,1.345,4.095
4586,1.405,4.055
4587,1.64,3.89
4588,1.625,3.9
4589,1.41,4.035
4590,1.48,3.98
4591,1.445,4.02
4592,1.61,3.91
4593,1.44,4.04
4594,1.575,3.925
4595,1.59,3.915
4596,1.63,3.905
4597,1.525,3.95
4598,1.505,3.955
4599,1.42,4.045
4600,1.625,3.85
4601,1.62,3.82
4602,1.465,3.99
4603,1.255,4.13
4604,1.57,3.92
4605,1.435,4.01
4606,1.68,3.88
4607,1.315,4.09
4608,1.41,3.96
4609,1.445,3.995
4610,1.55,3.95
4611,1.365,4.04
4612,1.34,3.99
4613,1.565,3.865
4614,1.6,3.9
4615,1.48,3.98
4616,1.37,4.045
4617,1.49,3.94
4618,1.465,3.94
4619,1.305,4.055
4620,1.65,3.875
4621,1.52,3.87
4622,1.455,3.93
4623,1.33,4.08
4624,1.42,3.87
4625,1.38,4.055
4626,1.615,3.915
4627,1.5,4.0
4628,1.635,3.81
4629,1.61,3.91
4630,1.38,4.08
4631,1.54,3.915
4632,1.42,3.895
4633,1.53,3.98
4634,1.62,3.895
4635,1.565,3.94
4636,1.62,3.87
4637,1.61,3.86
4638,1.42,3.97
4639,1.61,3.81
4640,1.53,3.955
4641,1.52,3.97
4642,1.465,3.94
4643,1.61,3.885
4644,1.63,3.855
4645,1.43,3.98
4646,1.425,4.025
4647,1.35,4.075
4648,1.56,3.96
4649,1.52,3.92
4650,1.33,4.03
4651,1.51,3.985
4652,1.645,3.87
4653,1.52,3.97
4654,1.55,3.85
4655,1.45,4.0
4656,1.535,3.91
4657,1.43,4.03
4658,1.43,4.03
4659,1.45,4.0
4660,1.585,3.91
4661,1.535,3.96
4662,1.27,4.12
4663,1.48,3.98
4664,1.63,3.905
4665,1.65,3.9
4666,1.56,3.935
4667,1.485,3.935
4668,1.515,3.965
4669,1.76,3.735
4670,1.575,3.925
4671,1.35,4.025
4672,1.6,3.9
4673,1.46,3.96
4674,1.425,4.025
4675,1.385,4.06
4676,1.415,3.94
4677,1.655,3.88
4678,1.31,4.085
4679,1.6,3.925
4680,1.475,4.0
4681,1.6,3.875
4682,1.77,3.795
4683,1.535,3.885
4684,1.56,3.91
4685,1.675,3.875
4686,1.47,3.97
4687,1.565,3.815
4688,1.61,3.91
4689,1.585,3.935
4690,1.66,3.76
4691,1.395,3.92
4692,1.56,3.935
4693,1.365,4.09
4694,1.49,3.94
4695,1.6,3.825
4696,1.54,3.89
4697,1.82,3.695
4698,1.595,3.92
4699,1.465,4.015
4700,1.73,3.83
4701,1.325,4.075
4702,1.615,3.815
4703,1.67,3.87
4704,1.47,3.97
4705,1.54,3.765
4706,1.56,3.91
4707,1.59,3.915
4708,1.65,3.9
4709,1.545,3.92
4710,1.525,3.95
4711,1.595,3.87
4712,1.43,3.905
4713,1.44,4.015
4714,1.47,3.995
4715,1.455,4.005
4716,1.57,3.945
4717,1.53,3.98
4718,1.42,3.995
4719,1.61,3.785
4720,1.59,3.89
4721,1.465,3.965
4722,1.52,3.97
4723,1.535,3.835
4724,1.51,3.96
4725,1.57,3.92
4726,1.6,3.825
4727,1.535,3.96
4728,1.495,3.97
4729,1.49,3.99
4730,1.695,3.845
4731,1.465,4.015
4732,1.5,3.9
4733,1.655,3.88
4734,1.485,4.01
4735,1.69,3.865
4736,1.435,3.91
4737,1.535,3.935
4738,1.56,3.81
4739,1.605,3.83
4740,1.485,3.985
4741,1.86,3.685
4742,1.535,3.935
4743,1.575,3.9
4744,1.135,4.185
4745,1.665,3.84
4746,1.385,4.06
4747,1.42,4.02
4748,1.545,3.945
4749,1.51,3.985
4750,1.545,3.945
4751,1.645,3.795
4752,1.45,3.9
4753,1.585,3.935
4754,1.48,4.005
4755,1.64,3.815
4756,1.63,3.88
4757,1.43,3.955
4758,1.585,3.86
4759,1.6,3.925
4760,1.5,3.975
4761,1.425,3.875
4762,1.645,3.87
4763,1.585,3.885
4764,1.39,4.04
4765,1.69,3.865
4766,1.5,3.975
4767,1.48,3.98
4768,1.54,3.94
4769,1.575,3.9
4770,1.63,3.88
4771,1.42,4.045
4772,1.495,3.995
4773,1.685,3.785
4774,1.555,3.905
4775,1.605,3.855
4776,1.685,3.835
4777,1.655,3.88
4778,1.63,3.905
4779,1.385,3.935
4780,1.48,3.88
4781,1.555,3.955
4782,1.485,3.96
4783,1.53,3.855
4784,1.52,3.97
4785,1.47,3.995
4786,1.56,3.91
4787,1.42,3.845
4788,1.585,3.935
4789,1.65,3.725
4790,1.475,4.0
4791,1.61,3.86
4792,1.38,4.03
4793,1.52,3.97
4794,1.43,3.905
4795,1.65,3.875
4796,1.625,3.875
4797,1.36,4.085
4798,1.46,3.935
4799,1.5,4.0
4800,1.67,3.795
4801,1.485,4.01
4802,1.455,3.805
4803,1.445,3.995
4804,1.26,4.11
4805,1.69,3.865
4806,1.73,3.805
4807,1.695,3.67
4808,1.58,3.855
4809,1.55,3.925
4810,1.55,3.95
4811,1.53,3.955
4812,1.535,3.885
4813,1.53,3.98
4814,1.41,3.96
4815,1.69,3.865
4816,1.595,3.92
4817,1.52,3.97
4818,1.515,3.965
4819,1.57,3.92
4820,1.6,3.925
4821,1.545,3.895
4822,1.545,3.945
4823,1.56,3.835
4824,1.49,3.965
4825,1.485,4.01
4826,1.495,3.97
4827,1.485,3.86
4828,1.635,3.885
4829,1.585,3.91
4830,1.54,3.94
4831,1.69,3.84
4832,1.55,3.925
4833,1.525,3.975
4834,1.58,3.905
4835,1.535,3.735
4836,1.485,3.985
4837,1.47,4.02
4838,1.545,3.945
4839,1.5,3.875
4840,1.465,3.99
4841,1.4,3.95
4842,1.56,3.885
4843,1.565,3.89
4844,1.375,3.9
4845,1.73,3.805
4846,1.575,3.925
4847,1.555,3.955
4848,1.555,3.955
4849,1.345,4.02
4850,1.625,3.825
4851,1.625,3.9
4852,1.57,3.87
4853,1.55,3.875
4854,1.505,3.88
4855,1.54,3.865
4856,1.66,3.785
4857,1.585,3.91
4858,1.495,3.97
4859,1.545,3.745
4860,1.53,3.855
4861,1.475,3.95
4862,1.7,3.825
4863,1.535,3.935
4864,1.44,3.99
4865,1.42,4.02
4866,1.5,3.775
4867,1.6,3.9
4868,1.52,3.97
4869,1.53,3.905
4870,1.36,3.785
4871,1.535,3.96
4872,1.61,3.835
4873,1.48,3.955
4874,1.46,3.96
4875,1.565,3.915
4876,1.645,3.845
4877,1.385,3.985
4878,1.445,3.995
4879,1.5,3.975
4880,1.59,3.815
4881,1.55,3.95
4882,1.34,4.015
4883,1.545,3.92
4884,1.405,3.955
4885,1.595,3.92
4886,1.53,3.905
4887,1.35,4.025
4888,1.565,3.915
4889,1.595,3.92
4890,1.49,3.94
4891,1.475,3.925
4892,1.535,3.785
4893,1.44,3.94
4894,1.56,3.96
4895,1.49,3.99
4896,1.4,3.925
4897,1.545,3.945
4898,1.38,4.005
4899,1.47,3.92
4900,1.48,3.98
4901,1.48,3.98
4902,1.555,3.955
4903,1.495,3.97
4904,1.605,3.83
4905,1.525,3.95
4906,1.55,3.9
4907,1.58,3.88
4908,1.685,3.835
4909,1.5,3.975
4910,1.735,3.81
4911,1.57,3.845
4912,1.5,4.0
4913,1.34,4.09
4914,1.525,3.875
4915,1.58,3.93
4916,1.55,3.95
4917,1.525,3.95
4918,1.7,3.825
4919,1.56,3.91
4920,1.595,3.87
4921,1.515,3.915
4922,1.71,3.785
4923,1.625,3.85
4924,1.51,3.985
4925,1.64,3.865
4926,1.535,3.91
4927,1.495,3.97
4928,1.59,3.84
4929,1.455,4.005
4930,1.715,3.84
4931,1.355,4.055
4932,1.545,3.945
4933,1.385,4.035
4934,1.52,3.795
4935,1.405,3.98
4936,1.4,3.95
4937,1.51,3.96
4938,1.365,3.99
4939,1.53,3.98
4940,1.57,3.92
4941,1.72,3.82
4942,1.665,3.865
4943,1.71,3.835
4944,1.65,3.875
4945,1.505,3.905
4946,1.585,3.91
4947,1.6,3.875
4948,1.45,3.925
4949,1.6,3.925
4950,1.435,4.01
4951,1.52,3.92
4952,1.63,3.905
4953,1.49,3.99
4954,1.595,3.92
4955,1.4,4.025
4956,1.525,3.975
4957,1.5,3.95
4958,1.645,3.87
4959,1.43,3.88
4960,1.475,3.9
4961,1.62,3.895
4962,1.455,3.88
4963,1.575,3.9
4964,1.525,3.875
4965,1.545,3.945
4966,1.525,3.975
4967,1.42,3.77
4968,1.45,4.025
4969,1.58,3.855
4970,1.715,3.84
4971,1.525,3.975
4972,1.585,3.91
4973,1.44,3.89
4974,1.65,3.875
4975,1.56,3.81
4976,1.48,3.98
4977,1.62,3.92
4978,1.435,3.935
4979,1.465,4.015
4980,1.445,3.97
4981,1.555,3.905
4982,1.72,3.795
4983,1.63,3.78
4984,1.7,3.825
4985,1.7,3.85
4986,1.56,3.91
4987,1.68,3.88
4988,1.445,4.02
4989,1.445,4.02
4990,1.64,3.74
4991,1.735,3.835
4992,1.24,3.965
4993,1.565,3.94
4994,1.36,4.085
4995,1.505,3.78
4996,1.585,3.81
4997,1.625,3.9
4998,1.66,3.835
4999,1.345,4.02
