,NeuralAgentOpMe_AlwaysDefectAgent_rng,AlwaysDefectAgent
0,0.925,1.3
1,0.735,2.06
2,0.745,2.02
3,0.68,2.28
4,0.735,2.06
5,0.77,1.92
6,0.705,2.18
7,0.715,2.14
8,0.72,2.12
9,0.775,1.9
10,0.72,2.12
11,0.765,1.94
12,0.725,2.1
13,0.77,1.92
14,0.775,1.9
15,0.725,2.1
16,0.73,2.08
17,0.77,1.92
18,0.735,2.06
19,0.73,2.08
20,0.785,1.86
21,0.74,2.04
22,0.75,2.0
23,0.74,2.04
24,0.755,1.98
25,0.75,2.0
26,0.725,2.1
27,0.775,1.9
28,0.77,1.92
29,0.76,1.96
30,0.76,1.96
31,0.73,2.08
32,0.74,2.04
33,0.75,2.0
34,0.78,1.88
35,0.735,2.06
36,0.75,2.0
37,0.765,1.94
38,0.73,2.08
39,0.73,2.08
40,0.755,1.98
41,0.765,1.94
42,0.785,1.86
43,0.76,1.96
44,0.725,2.1
45,0.765,1.94
46,0.755,1.98
47,0.75,2.0
48,0.765,1.94
49,0.77,1.92
50,0.815,1.74
51,0.745,2.02
52,0.77,1.92
53,0.725,2.1
54,0.77,1.92
55,0.775,1.9
56,0.79,1.84
57,0.735,2.06
58,0.75,2.0
59,0.77,1.92
60,0.735,2.06
61,0.76,1.96
62,0.75,2.0
63,0.795,1.82
64,0.77,1.92
65,0.78,1.88
66,0.77,1.92
67,0.78,1.88
68,0.78,1.88
69,0.785,1.86
70,0.75,2.0
71,0.785,1.86
72,0.79,1.84
73,0.725,2.1
74,0.73,2.08
75,0.76,1.96
76,0.79,1.84
77,0.71,2.16
78,0.78,1.88
79,0.785,1.86
80,0.76,1.96
81,0.78,1.88
82,0.78,1.88
83,0.8,1.8
84,0.775,1.9
85,0.785,1.86
86,0.79,1.84
87,0.745,2.02
88,0.815,1.74
89,0.795,1.82
90,0.775,1.9
91,0.8,1.8
92,0.775,1.9
93,0.795,1.82
94,0.77,1.92
95,0.81,1.76
96,0.79,1.84
97,0.76,1.96
98,0.805,1.78
99,0.825,1.7
100,0.815,1.74
101,0.81,1.76
102,0.76,1.96
103,0.795,1.82
104,0.77,1.92
105,0.76,1.96
106,0.77,1.92
107,0.78,1.88
108,0.795,1.82
109,0.79,1.84
110,0.815,1.74
111,0.8,1.8
112,0.795,1.82
113,0.79,1.84
114,0.78,1.88
115,0.765,1.94
116,0.79,1.84
117,0.795,1.82
118,0.805,1.78
119,0.765,1.94
120,0.77,1.92
121,0.76,1.96
122,0.795,1.82
123,0.835,1.66
124,0.82,1.72
125,0.785,1.86
126,0.78,1.88
127,0.795,1.82
128,0.7,2.2
129,0.765,1.94
130,0.81,1.76
131,0.805,1.78
132,0.775,1.9
133,0.775,1.9
134,0.81,1.76
135,0.8,1.8
136,0.81,1.76
137,0.795,1.82
138,0.82,1.72
139,0.805,1.78
140,0.775,1.9
141,0.79,1.84
142,0.8,1.8
143,0.795,1.82
144,0.81,1.76
145,0.785,1.86
146,0.78,1.88
147,0.825,1.7
148,0.805,1.78
149,0.81,1.76
150,0.78,1.88
151,0.795,1.82
152,0.775,1.9
153,0.765,1.94
154,0.78,1.88
155,0.765,1.94
156,0.8,1.8
157,0.82,1.72
158,0.79,1.84
159,0.795,1.82
160,0.82,1.72
161,0.8,1.8
162,0.815,1.74
163,0.805,1.78
164,0.765,1.94
165,0.795,1.82
166,0.82,1.72
167,0.795,1.82
168,0.8,1.8
169,0.83,1.68
170,0.79,1.84
171,0.8,1.8
172,0.8,1.8
173,0.785,1.86
174,0.81,1.76
175,0.79,1.84
176,0.795,1.82
177,0.795,1.82
178,0.83,1.68
179,0.815,1.74
180,0.84,1.64
181,0.835,1.66
182,0.825,1.7
183,0.78,1.88
184,0.83,1.68
185,0.785,1.86
186,0.805,1.78
187,0.785,1.86
188,0.82,1.72
189,0.78,1.88
190,0.785,1.86
191,0.82,1.72
192,0.805,1.78
193,0.805,1.78
194,0.78,1.88
195,0.825,1.7
196,0.805,1.78
197,0.83,1.68
198,0.795,1.82
199,0.78,1.88
200,0.825,1.7
201,0.785,1.86
202,0.8,1.8
203,0.78,1.88
204,0.835,1.66
205,0.835,1.66
206,0.835,1.66
207,0.795,1.82
208,0.785,1.86
209,0.845,1.62
210,0.815,1.74
211,0.78,1.88
212,0.785,1.86
213,0.82,1.72
214,0.835,1.66
215,0.8,1.8
216,0.77,1.92
217,0.81,1.76
218,0.815,1.74
219,0.81,1.76
220,0.78,1.88
221,0.83,1.68
222,0.85,1.6
223,0.78,1.88
224,0.83,1.68
225,0.85,1.6
226,0.835,1.66
227,0.81,1.76
228,0.81,1.76
229,0.845,1.62
230,0.845,1.62
231,0.83,1.68
232,0.85,1.6
233,0.83,1.68
234,0.845,1.62
235,0.855,1.58
236,0.825,1.7
237,0.815,1.74
238,0.84,1.64
239,0.845,1.62
240,0.835,1.66
241,0.86,1.56
242,0.84,1.64
243,0.825,1.7
244,0.82,1.72
245,0.81,1.76
246,0.815,1.74
247,0.815,1.74
248,0.855,1.58
249,0.83,1.68
250,0.815,1.74
251,0.82,1.72
252,0.82,1.72
253,0.855,1.58
254,0.8,1.8
255,0.825,1.7
256,0.82,1.72
257,0.825,1.7
258,0.84,1.64
259,0.83,1.68
260,0.845,1.62
261,0.815,1.74
262,0.83,1.68
263,0.84,1.64
264,0.815,1.74
265,0.83,1.68
266,0.865,1.54
267,0.85,1.6
268,0.815,1.74
269,0.83,1.68
270,0.825,1.7
271,0.815,1.74
272,0.835,1.66
273,0.81,1.76
274,0.84,1.64
275,0.86,1.56
276,0.855,1.58
277,0.82,1.72
278,0.83,1.68
279,0.855,1.58
280,0.855,1.58
281,0.82,1.72
282,0.82,1.72
283,0.865,1.54
284,0.84,1.64
285,0.835,1.66
286,0.865,1.54
287,0.81,1.76
288,0.825,1.7
289,0.855,1.58
290,0.86,1.56
291,0.83,1.68
292,0.815,1.74
293,0.82,1.72
294,0.82,1.72
295,0.84,1.64
296,0.865,1.54
297,0.845,1.62
298,0.835,1.66
299,0.82,1.72
300,0.83,1.68
301,0.83,1.68
302,0.84,1.64
303,0.835,1.66
304,0.79,1.84
305,0.85,1.6
306,0.845,1.62
307,0.825,1.7
308,0.835,1.66
309,0.85,1.6
310,0.83,1.68
311,0.81,1.76
312,0.86,1.56
313,0.865,1.54
314,0.865,1.54
315,0.825,1.7
316,0.86,1.56
317,0.825,1.7
318,0.845,1.62
319,0.815,1.74
320,0.855,1.58
321,0.815,1.74
322,0.83,1.68
323,0.83,1.68
324,0.845,1.62
325,0.84,1.64
326,0.84,1.64
327,0.815,1.74
328,0.85,1.6
329,0.81,1.76
330,0.83,1.68
331,0.835,1.66
332,0.85,1.6
333,0.815,1.74
334,0.825,1.7
335,0.835,1.66
336,0.825,1.7
337,0.845,1.62
338,0.85,1.6
339,0.87,1.52
340,0.835,1.66
341,0.84,1.64
342,0.87,1.52
343,0.84,1.64
344,0.855,1.58
345,0.85,1.6
346,0.85,1.6
347,0.86,1.56
348,0.81,1.76
349,0.82,1.72
350,0.855,1.58
351,0.83,1.68
352,0.855,1.58
353,0.855,1.58
354,0.85,1.6
355,0.835,1.66
356,0.86,1.56
357,0.82,1.72
358,0.83,1.68
359,0.845,1.62
360,0.88,1.48
361,0.865,1.54
362,0.865,1.54
363,0.86,1.56
364,0.89,1.44
365,0.87,1.52
366,0.845,1.62
367,0.82,1.72
368,0.88,1.48
369,0.855,1.58
370,0.85,1.6
371,0.86,1.56
372,0.845,1.62
373,0.85,1.6
374,0.86,1.56
375,0.865,1.54
376,0.865,1.54
377,0.83,1.68
378,0.87,1.52
379,0.855,1.58
380,0.86,1.56
381,0.845,1.62
382,0.85,1.6
383,0.865,1.54
384,0.87,1.52
385,0.85,1.6
386,0.865,1.54
387,0.855,1.58
388,0.87,1.52
389,0.85,1.6
390,0.825,1.7
391,0.86,1.56
392,0.855,1.58
393,0.855,1.58
394,0.855,1.58
395,0.85,1.6
396,0.83,1.68
397,0.87,1.52
398,0.885,1.46
399,0.86,1.56
400,0.855,1.58
401,0.85,1.6
402,0.855,1.58
403,0.855,1.58
404,0.84,1.64
405,0.83,1.68
406,0.88,1.48
407,0.86,1.56
408,0.865,1.54
409,0.87,1.52
410,0.85,1.6
411,0.84,1.64
412,0.845,1.62
413,0.85,1.6
414,0.88,1.48
415,0.83,1.68
416,0.85,1.6
417,0.845,1.62
418,0.875,1.5
419,0.865,1.54
420,0.865,1.54
421,0.85,1.6
422,0.84,1.64
423,0.86,1.56
424,0.845,1.62
425,0.875,1.5
426,0.85,1.6
427,0.85,1.6
428,0.89,1.44
429,0.885,1.46
430,0.87,1.52
431,0.85,1.6
432,0.875,1.5
433,0.845,1.62
434,0.855,1.58
435,0.835,1.66
436,0.85,1.6
437,0.875,1.5
438,0.88,1.48
439,0.87,1.52
440,0.875,1.5
441,0.815,1.74
442,0.875,1.5
443,0.87,1.52
444,0.875,1.5
445,0.865,1.54
446,0.87,1.52
447,0.845,1.62
448,0.845,1.62
449,0.86,1.56
450,0.865,1.54
451,0.865,1.54
452,0.86,1.56
453,0.86,1.56
454,0.865,1.54
455,0.87,1.52
456,0.855,1.58
457,0.845,1.62
458,0.89,1.44
459,0.845,1.62
460,0.895,1.42
461,0.865,1.54
462,0.875,1.5
463,0.87,1.52
464,0.87,1.52
465,0.87,1.52
466,0.885,1.46
467,0.845,1.62
468,0.845,1.62
469,0.865,1.54
470,0.845,1.62
471,0.875,1.5
472,0.85,1.6
473,0.875,1.5
474,0.855,1.58
475,0.9,1.4
476,0.875,1.5
477,0.87,1.52
478,0.87,1.52
479,0.88,1.48
480,0.885,1.46
481,0.86,1.56
482,0.825,1.7
483,0.845,1.62
484,0.87,1.52
485,0.86,1.56
486,0.875,1.5
487,0.885,1.46
488,0.855,1.58
489,0.86,1.56
490,0.855,1.58
491,0.9,1.4
492,0.875,1.5
493,0.88,1.48
494,0.9,1.4
495,0.88,1.48
496,0.88,1.48
497,0.89,1.44
498,0.855,1.58
499,0.86,1.56
500,0.905,1.38
501,0.875,1.5
502,0.875,1.5
503,0.86,1.56
504,0.9,1.4
505,0.895,1.42
506,0.87,1.52
507,0.88,1.48
508,0.86,1.56
509,0.915,1.34
510,0.895,1.42
511,0.88,1.48
512,0.86,1.56
513,0.885,1.46
514,0.865,1.54
515,0.875,1.5
516,0.875,1.5
517,0.86,1.56
518,0.88,1.48
519,0.905,1.38
520,0.87,1.52
521,0.9,1.4
522,0.885,1.46
523,0.885,1.46
524,0.86,1.56
525,0.885,1.46
526,0.885,1.46
527,0.875,1.5
528,0.885,1.46
529,0.895,1.42
530,0.89,1.44
531,0.885,1.46
532,0.88,1.48
533,0.88,1.48
534,0.88,1.48
535,0.875,1.5
536,0.86,1.56
537,0.88,1.48
538,0.86,1.56
539,0.865,1.54
540,0.88,1.48
541,0.87,1.52
542,0.87,1.52
543,0.905,1.38
544,0.89,1.44
545,0.855,1.58
546,0.905,1.38
547,0.87,1.52
548,0.875,1.5
549,0.875,1.5
550,0.855,1.58
551,0.88,1.48
552,0.88,1.48
553,0.86,1.56
554,0.88,1.48
555,0.9,1.4
556,0.865,1.54
557,0.895,1.42
558,0.925,1.3
559,0.885,1.46
560,0.91,1.36
561,0.895,1.42
562,0.885,1.46
563,0.88,1.48
564,0.905,1.38
565,0.895,1.42
566,0.875,1.5
567,0.875,1.5
568,0.88,1.48
569,0.89,1.44
570,0.9,1.4
571,0.885,1.46
572,0.875,1.5
573,0.86,1.56
574,0.895,1.42
575,0.88,1.48
576,0.865,1.54
577,0.865,1.54
578,0.895,1.42
579,0.885,1.46
580,0.885,1.46
581,0.88,1.48
582,0.875,1.5
583,0.88,1.48
584,0.88,1.48
585,0.885,1.46
586,0.905,1.38
587,0.885,1.46
588,0.9,1.4
589,0.89,1.44
590,0.885,1.46
591,0.895,1.42
592,0.865,1.54
593,0.88,1.48
594,0.89,1.44
595,0.895,1.42
596,0.885,1.46
597,0.875,1.5
598,0.875,1.5
599,0.895,1.42
600,0.9,1.4
601,0.875,1.5
602,0.91,1.36
603,0.865,1.54
604,0.92,1.32
605,0.885,1.46
606,0.885,1.46
607,0.885,1.46
608,0.885,1.46
609,0.865,1.54
610,0.86,1.56
611,0.895,1.42
612,0.905,1.38
613,0.875,1.5
614,0.875,1.5
615,0.885,1.46
616,0.89,1.44
617,0.855,1.58
618,0.9,1.4
619,0.875,1.5
620,0.89,1.44
621,0.915,1.34
622,0.895,1.42
623,0.905,1.38
624,0.9,1.4
625,0.885,1.46
626,0.895,1.42
627,0.92,1.32
628,0.9,1.4
629,0.89,1.44
630,0.9,1.4
631,0.885,1.46
632,0.905,1.38
633,0.9,1.4
634,0.875,1.5
635,0.89,1.44
636,0.895,1.42
637,0.89,1.44
638,0.895,1.42
639,0.885,1.46
640,0.91,1.36
641,0.905,1.38
642,0.9,1.4
643,0.9,1.4
644,0.9,1.4
645,0.89,1.44
646,0.885,1.46
647,0.88,1.48
648,0.905,1.38
649,0.905,1.38
650,0.88,1.48
651,0.885,1.46
652,0.91,1.36
653,0.91,1.36
654,0.92,1.32
655,0.92,1.32
656,0.895,1.42
657,0.93,1.28
658,0.89,1.44
659,0.905,1.38
660,0.885,1.46
661,0.89,1.44
662,0.885,1.46
663,0.92,1.32
664,0.89,1.44
665,0.89,1.44
666,0.875,1.5
667,0.88,1.48
668,0.88,1.48
669,0.895,1.42
670,0.885,1.46
671,0.905,1.38
672,0.91,1.36
673,0.91,1.36
674,0.9,1.4
675,0.89,1.44
676,0.905,1.38
677,0.89,1.44
678,0.915,1.34
679,0.9,1.4
680,0.92,1.32
681,0.885,1.46
682,0.905,1.38
683,0.905,1.38
684,0.905,1.38
685,0.935,1.26
686,0.9,1.4
687,0.9,1.4
688,0.9,1.4
689,0.905,1.38
690,0.89,1.44
691,0.905,1.38
692,0.88,1.48
693,0.89,1.44
694,0.885,1.46
695,0.9,1.4
696,0.895,1.42
697,0.88,1.48
698,0.89,1.44
699,0.89,1.44
700,0.885,1.46
701,0.89,1.44
702,0.9,1.4
703,0.92,1.32
704,0.885,1.46
705,0.905,1.38
706,0.885,1.46
707,0.915,1.34
708,0.905,1.38
709,0.91,1.36
710,0.89,1.44
711,0.875,1.5
712,0.885,1.46
713,0.92,1.32
714,0.91,1.36
715,0.885,1.46
716,0.905,1.38
717,0.905,1.38
718,0.895,1.42
719,0.87,1.52
720,0.895,1.42
721,0.9,1.4
722,0.9,1.4
723,0.88,1.48
724,0.905,1.38
725,0.885,1.46
726,0.875,1.5
727,0.905,1.38
728,0.885,1.46
729,0.885,1.46
730,0.9,1.4
731,0.91,1.36
732,0.915,1.34
733,0.905,1.38
734,0.9,1.4
735,0.9,1.4
736,0.92,1.32
737,0.865,1.54
738,0.91,1.36
739,0.91,1.36
740,0.925,1.3
741,0.87,1.52
742,0.895,1.42
743,0.915,1.34
744,0.91,1.36
745,0.885,1.46
746,0.905,1.38
747,0.905,1.38
748,0.905,1.38
749,0.9,1.4
750,0.91,1.36
751,0.88,1.48
752,0.895,1.42
753,0.88,1.48
754,0.91,1.36
755,0.895,1.42
756,0.89,1.44
757,0.905,1.38
758,0.91,1.36
759,0.905,1.38
760,0.895,1.42
761,0.9,1.4
762,0.855,1.58
763,0.89,1.44
764,0.91,1.36
765,0.915,1.34
766,0.905,1.38
767,0.9,1.4
768,0.885,1.46
769,0.925,1.3
770,0.915,1.34
771,0.895,1.42
772,0.915,1.34
773,0.9,1.4
774,0.88,1.48
775,0.91,1.36
776,0.91,1.36
777,0.91,1.36
778,0.9,1.4
779,0.9,1.4
780,0.895,1.42
781,0.915,1.34
782,0.885,1.46
783,0.9,1.4
784,0.905,1.38
785,0.895,1.42
786,0.91,1.36
787,0.91,1.36
788,0.91,1.36
789,0.92,1.32
790,0.93,1.28
791,0.915,1.34
792,0.93,1.28
793,0.88,1.48
794,0.91,1.36
795,0.895,1.42
796,0.905,1.38
797,0.895,1.42
798,0.905,1.38
799,0.89,1.44
800,0.905,1.38
801,0.91,1.36
802,0.92,1.32
803,0.92,1.32
804,0.925,1.3
805,0.935,1.26
806,0.91,1.36
807,0.91,1.36
808,0.915,1.34
809,0.905,1.38
810,0.915,1.34
811,0.915,1.34
812,0.905,1.38
813,0.905,1.38
814,0.895,1.42
815,0.92,1.32
816,0.91,1.36
817,0.895,1.42
818,0.89,1.44
819,0.905,1.38
820,0.925,1.3
821,0.92,1.32
822,0.92,1.32
823,0.895,1.42
824,0.91,1.36
825,0.9,1.4
826,0.915,1.34
827,0.895,1.42
828,0.9,1.4
829,0.89,1.44
830,0.89,1.44
831,0.935,1.26
832,0.92,1.32
833,0.915,1.34
834,0.9,1.4
835,0.915,1.34
836,0.94,1.24
837,0.92,1.32
838,0.91,1.36
839,0.91,1.36
840,0.92,1.32
841,0.915,1.34
842,0.91,1.36
843,0.92,1.32
844,0.905,1.38
845,0.925,1.3
846,0.93,1.28
847,0.92,1.32
848,0.915,1.34
849,0.91,1.36
850,0.92,1.32
851,0.92,1.32
852,0.92,1.32
853,0.915,1.34
854,0.915,1.34
855,0.91,1.36
856,0.925,1.3
857,0.885,1.46
858,0.91,1.36
859,0.915,1.34
860,0.91,1.36
861,0.925,1.3
862,0.905,1.38
863,0.94,1.24
864,0.91,1.36
865,0.9,1.4
866,0.93,1.28
867,0.935,1.26
868,0.92,1.32
869,0.92,1.32
870,0.92,1.32
871,0.905,1.38
872,0.9,1.4
873,0.91,1.36
874,0.92,1.32
875,0.895,1.42
876,0.92,1.32
877,0.93,1.28
878,0.93,1.28
879,0.925,1.3
880,0.925,1.3
881,0.915,1.34
882,0.91,1.36
883,0.92,1.32
884,0.92,1.32
885,0.925,1.3
886,0.9,1.4
887,0.92,1.32
888,0.915,1.34
889,0.925,1.3
890,0.94,1.24
891,0.925,1.3
892,0.925,1.3
893,0.925,1.3
894,0.935,1.26
895,0.915,1.34
896,0.905,1.38
897,0.925,1.3
898,0.93,1.28
899,0.93,1.28
900,0.93,1.28
901,0.9,1.4
902,0.92,1.32
903,0.915,1.34
904,0.93,1.28
905,0.92,1.32
906,0.94,1.24
907,0.945,1.22
908,0.91,1.36
909,0.925,1.3
910,0.93,1.28
911,0.945,1.22
912,0.925,1.3
913,0.89,1.44
914,0.92,1.32
915,0.94,1.24
916,0.915,1.34
917,0.91,1.36
918,0.945,1.22
919,0.935,1.26
920,0.92,1.32
921,0.92,1.32
922,0.915,1.34
923,0.93,1.28
924,0.935,1.26
925,0.935,1.26
926,0.925,1.3
927,0.92,1.32
928,0.94,1.24
929,0.94,1.24
930,0.92,1.32
931,0.93,1.28
932,0.925,1.3
933,0.93,1.28
934,0.94,1.24
935,0.935,1.26
936,0.93,1.28
937,0.91,1.36
938,0.905,1.38
939,0.945,1.22
940,0.94,1.24
941,0.96,1.16
942,0.92,1.32
943,0.915,1.34
944,0.925,1.3
945,0.93,1.28
946,0.915,1.34
947,0.925,1.3
948,0.92,1.32
949,0.94,1.24
950,0.93,1.28
951,0.935,1.26
952,0.92,1.32
953,0.935,1.26
954,0.945,1.22
955,0.92,1.32
956,0.92,1.32
957,0.935,1.26
958,0.92,1.32
959,0.935,1.26
960,0.93,1.28
961,0.92,1.32
962,0.945,1.22
963,0.94,1.24
964,0.92,1.32
965,0.92,1.32
966,0.93,1.28
967,0.92,1.32
968,0.92,1.32
969,0.93,1.28
970,0.92,1.32
971,0.925,1.3
972,0.945,1.22
973,0.93,1.28
974,0.935,1.26
975,0.935,1.26
976,0.92,1.32
977,0.945,1.22
978,0.95,1.2
979,0.925,1.3
980,0.94,1.24
981,0.945,1.22
982,0.93,1.28
983,0.92,1.32
984,0.93,1.28
985,0.94,1.24
986,0.94,1.24
987,0.925,1.3
988,0.915,1.34
989,0.915,1.34
990,0.955,1.18
991,0.935,1.26
992,0.94,1.24
993,0.95,1.2
994,0.935,1.26
995,0.915,1.34
996,0.935,1.26
997,0.92,1.32
998,0.94,1.24
999,0.92,1.32
1000,0.935,1.26
1001,0.955,1.18
1002,0.93,1.28
1003,0.945,1.22
1004,0.94,1.24
1005,0.94,1.24
1006,0.935,1.26
1007,0.92,1.32
1008,0.93,1.28
1009,0.94,1.24
1010,0.935,1.26
1011,0.935,1.26
1012,0.915,1.34
1013,0.915,1.34
1014,0.945,1.22
1015,0.92,1.32
1016,0.94,1.24
1017,0.93,1.28
1018,0.94,1.24
1019,0.93,1.28
1020,0.92,1.32
1021,0.94,1.24
1022,0.95,1.2
1023,0.935,1.26
1024,0.92,1.32
1025,0.925,1.3
1026,0.925,1.3
1027,0.935,1.26
1028,0.955,1.18
1029,0.91,1.36
1030,0.95,1.2
1031,0.925,1.3
1032,0.915,1.34
1033,0.945,1.22
1034,0.945,1.22
1035,0.945,1.22
1036,0.925,1.3
1037,0.93,1.28
1038,0.945,1.22
1039,0.945,1.22
1040,0.94,1.24
1041,0.935,1.26
1042,0.935,1.26
1043,0.925,1.3
1044,0.93,1.28
1045,0.94,1.24
1046,0.94,1.24
1047,0.925,1.3
1048,0.955,1.18
1049,0.955,1.18
1050,0.93,1.28
1051,0.94,1.24
1052,0.955,1.18
1053,0.96,1.16
1054,0.95,1.2
1055,0.93,1.28
1056,0.96,1.16
1057,0.94,1.24
1058,0.945,1.22
1059,0.945,1.22
1060,0.94,1.24
1061,0.925,1.3
1062,0.94,1.24
1063,0.96,1.16
1064,0.945,1.22
1065,0.95,1.2
1066,0.935,1.26
1067,0.93,1.28
1068,0.95,1.2
1069,0.94,1.24
1070,0.94,1.24
1071,0.95,1.2
1072,0.955,1.18
1073,0.945,1.22
1074,0.945,1.22
1075,0.935,1.26
1076,0.95,1.2
1077,0.93,1.28
1078,0.935,1.26
1079,0.945,1.22
1080,0.965,1.14
1081,0.94,1.24
1082,0.94,1.24
1083,0.93,1.28
1084,0.955,1.18
1085,0.935,1.26
1086,0.95,1.2
1087,0.925,1.3
1088,0.95,1.2
1089,0.96,1.16
1090,0.93,1.28
1091,0.955,1.18
1092,0.925,1.3
1093,0.955,1.18
1094,0.935,1.26
1095,0.95,1.2
1096,0.955,1.18
1097,0.955,1.18
1098,0.945,1.22
1099,0.94,1.24
1100,0.955,1.18
1101,0.95,1.2
1102,0.935,1.26
1103,0.94,1.24
1104,0.945,1.22
1105,0.945,1.22
1106,0.945,1.22
1107,0.955,1.18
1108,0.935,1.26
1109,0.95,1.2
1110,0.935,1.26
1111,0.95,1.2
1112,0.96,1.16
1113,0.945,1.22
1114,0.955,1.18
1115,0.945,1.22
1116,0.935,1.26
1117,0.935,1.26
1118,0.965,1.14
1119,0.94,1.24
1120,0.945,1.22
1121,0.945,1.22
1122,0.95,1.2
1123,0.95,1.2
1124,0.975,1.1
1125,0.945,1.22
1126,0.96,1.16
1127,0.96,1.16
1128,0.935,1.26
1129,0.96,1.16
1130,0.94,1.24
1131,0.955,1.18
1132,0.945,1.22
1133,0.94,1.24
1134,0.94,1.24
1135,0.95,1.2
1136,0.955,1.18
1137,0.96,1.16
1138,0.955,1.18
1139,0.945,1.22
1140,0.94,1.24
1141,0.925,1.3
1142,0.945,1.22
1143,0.94,1.24
1144,0.94,1.24
1145,0.95,1.2
1146,0.96,1.16
1147,0.955,1.18
1148,0.95,1.2
1149,0.94,1.24
1150,0.955,1.18
1151,0.935,1.26
1152,0.97,1.12
1153,0.95,1.2
1154,0.935,1.26
1155,0.965,1.14
1156,0.955,1.18
1157,0.955,1.18
1158,0.955,1.18
1159,0.945,1.22
1160,0.93,1.28
1161,0.955,1.18
1162,0.955,1.18
1163,0.975,1.1
1164,0.965,1.14
1165,0.955,1.18
1166,0.985,1.06
1167,0.93,1.28
1168,0.93,1.28
1169,0.95,1.2
1170,0.945,1.22
1171,0.955,1.18
1172,0.935,1.26
1173,0.925,1.3
1174,0.95,1.2
1175,0.965,1.14
1176,0.955,1.18
1177,0.95,1.2
1178,0.945,1.22
1179,0.94,1.24
1180,0.96,1.16
1181,0.965,1.14
1182,0.945,1.22
1183,0.94,1.24
1184,0.945,1.22
1185,0.96,1.16
1186,0.97,1.12
1187,0.975,1.1
1188,0.945,1.22
1189,0.96,1.16
1190,0.955,1.18
1191,0.96,1.16
1192,0.945,1.22
1193,0.955,1.18
1194,0.925,1.3
1195,0.94,1.24
1196,0.94,1.24
1197,0.955,1.18
1198,0.94,1.24
1199,0.94,1.24
1200,0.945,1.22
1201,0.94,1.24
1202,0.94,1.24
1203,0.95,1.2
1204,0.96,1.16
1205,0.95,1.2
1206,0.945,1.22
1207,0.935,1.26
1208,0.96,1.16
1209,0.945,1.22
1210,0.95,1.2
1211,0.955,1.18
1212,0.945,1.22
1213,0.96,1.16
1214,0.945,1.22
1215,0.965,1.14
1216,0.945,1.22
1217,0.96,1.16
1218,0.95,1.2
1219,0.935,1.26
1220,0.935,1.26
1221,0.965,1.14
1222,0.945,1.22
1223,0.94,1.24
1224,0.95,1.2
1225,0.97,1.12
1226,0.93,1.28
1227,0.96,1.16
1228,0.94,1.24
1229,0.92,1.32
1230,0.965,1.14
1231,0.935,1.26
1232,0.945,1.22
1233,0.945,1.22
1234,0.96,1.16
1235,0.955,1.18
1236,0.945,1.22
1237,0.955,1.18
1238,0.955,1.18
1239,0.97,1.12
1240,0.93,1.28
1241,0.95,1.2
1242,0.955,1.18
1243,0.965,1.14
1244,0.95,1.2
1245,0.945,1.22
1246,0.955,1.18
1247,0.945,1.22
1248,0.975,1.1
1249,0.955,1.18
1250,0.95,1.2
1251,0.955,1.18
1252,0.95,1.2
1253,0.95,1.2
1254,0.95,1.2
1255,0.955,1.18
1256,0.96,1.16
1257,0.955,1.18
1258,0.96,1.16
1259,0.96,1.16
1260,0.955,1.18
1261,0.945,1.22
1262,0.965,1.14
1263,0.94,1.24
1264,0.97,1.12
1265,0.955,1.18
1266,0.95,1.2
1267,0.945,1.22
1268,0.955,1.18
1269,0.96,1.16
1270,0.955,1.18
1271,0.95,1.2
1272,0.935,1.26
1273,0.96,1.16
1274,0.945,1.22
1275,0.95,1.2
1276,0.95,1.2
1277,0.96,1.16
1278,0.96,1.16
1279,0.94,1.24
1280,0.955,1.18
1281,0.965,1.14
1282,0.97,1.12
1283,0.94,1.24
1284,0.96,1.16
1285,0.97,1.12
1286,0.945,1.22
1287,0.95,1.2
1288,0.945,1.22
1289,0.945,1.22
1290,0.955,1.18
1291,0.96,1.16
1292,0.965,1.14
1293,0.965,1.14
1294,0.96,1.16
1295,0.965,1.14
1296,0.955,1.18
1297,0.955,1.18
1298,0.955,1.18
1299,0.97,1.12
1300,0.965,1.14
1301,0.95,1.2
1302,0.975,1.1
1303,0.955,1.18
1304,0.94,1.24
1305,0.975,1.1
1306,0.94,1.24
1307,0.955,1.18
1308,0.95,1.2
1309,0.945,1.22
1310,0.975,1.1
1311,0.96,1.16
1312,0.95,1.2
1313,0.945,1.22
1314,0.965,1.14
1315,0.965,1.14
1316,0.96,1.16
1317,0.96,1.16
1318,0.945,1.22
1319,0.96,1.16
1320,0.95,1.2
1321,0.96,1.16
1322,0.97,1.12
1323,0.935,1.26
1324,0.98,1.08
1325,0.95,1.2
1326,0.965,1.14
1327,0.965,1.14
1328,0.94,1.24
1329,0.98,1.08
1330,0.955,1.18
1331,0.95,1.2
1332,0.935,1.26
1333,0.95,1.2
1334,0.97,1.12
1335,0.97,1.12
1336,0.945,1.22
1337,0.965,1.14
1338,0.96,1.16
1339,0.96,1.16
1340,0.97,1.12
1341,0.95,1.2
1342,0.96,1.16
1343,0.975,1.1
1344,0.96,1.16
1345,0.98,1.08
1346,0.96,1.16
1347,0.97,1.12
1348,0.955,1.18
1349,0.96,1.16
1350,0.955,1.18
1351,0.95,1.2
1352,0.95,1.2
1353,0.95,1.2
1354,0.965,1.14
1355,0.975,1.1
1356,0.98,1.08
1357,0.94,1.24
1358,0.95,1.2
1359,0.975,1.1
1360,0.955,1.18
1361,0.975,1.1
1362,0.95,1.2
1363,0.955,1.18
1364,0.935,1.26
1365,0.975,1.1
1366,0.975,1.1
1367,0.955,1.18
1368,0.955,1.18
1369,0.955,1.18
1370,0.965,1.14
1371,0.98,1.08
1372,0.985,1.06
1373,0.965,1.14
1374,0.96,1.16
1375,0.95,1.2
1376,0.96,1.16
1377,0.95,1.2
1378,0.955,1.18
1379,0.95,1.2
1380,0.97,1.12
1381,0.97,1.12
1382,0.955,1.18
1383,0.965,1.14
1384,0.965,1.14
1385,0.97,1.12
1386,0.97,1.12
1387,0.96,1.16
1388,0.96,1.16
1389,0.96,1.16
1390,0.975,1.1
1391,0.97,1.12
1392,0.945,1.22
1393,0.965,1.14
1394,0.955,1.18
1395,0.96,1.16
1396,0.96,1.16
1397,0.945,1.22
1398,0.965,1.14
1399,0.965,1.14
1400,0.965,1.14
1401,0.97,1.12
1402,0.96,1.16
1403,0.94,1.24
1404,0.97,1.12
1405,0.95,1.2
1406,0.965,1.14
1407,0.965,1.14
1408,0.965,1.14
1409,0.95,1.2
1410,0.965,1.14
1411,0.96,1.16
1412,0.985,1.06
1413,0.97,1.12
1414,0.955,1.18
1415,0.985,1.06
1416,0.97,1.12
1417,0.965,1.14
1418,0.955,1.18
1419,0.96,1.16
1420,0.955,1.18
1421,0.98,1.08
1422,0.96,1.16
1423,0.94,1.24
1424,0.98,1.08
1425,0.965,1.14
1426,0.965,1.14
1427,0.955,1.18
1428,0.945,1.22
1429,0.95,1.2
1430,0.98,1.08
1431,0.965,1.14
1432,0.955,1.18
1433,0.965,1.14
1434,0.955,1.18
1435,0.95,1.2
1436,0.96,1.16
1437,0.965,1.14
1438,0.965,1.14
1439,0.97,1.12
1440,0.95,1.2
1441,0.965,1.14
1442,0.95,1.2
1443,0.945,1.22
1444,0.94,1.24
1445,0.945,1.22
1446,0.97,1.12
1447,0.945,1.22
1448,0.97,1.12
1449,0.955,1.18
1450,0.965,1.14
1451,0.96,1.16
1452,0.97,1.12
1453,0.955,1.18
1454,0.945,1.22
1455,0.95,1.2
1456,0.965,1.14
1457,0.975,1.1
1458,0.955,1.18
1459,0.97,1.12
1460,0.975,1.1
1461,0.94,1.24
1462,0.965,1.14
1463,0.95,1.2
1464,0.965,1.14
1465,0.965,1.14
1466,0.965,1.14
1467,0.965,1.14
1468,0.96,1.16
1469,0.97,1.12
1470,0.975,1.1
1471,0.97,1.12
1472,0.96,1.16
1473,0.98,1.08
1474,0.975,1.1
1475,0.975,1.1
1476,0.975,1.1
1477,0.965,1.14
1478,0.98,1.08
1479,0.96,1.16
1480,0.955,1.18
1481,0.965,1.14
1482,0.985,1.06
1483,0.96,1.16
1484,0.99,1.04
1485,0.955,1.18
1486,0.96,1.16
1487,0.955,1.18
1488,0.96,1.16
1489,0.96,1.16
1490,0.955,1.18
1491,0.97,1.12
1492,0.955,1.18
1493,0.97,1.12
1494,0.97,1.12
1495,0.975,1.1
1496,0.965,1.14
1497,0.955,1.18
1498,0.97,1.12
1499,0.97,1.12
1500,0.96,1.16
1501,0.97,1.12
1502,0.965,1.14
1503,0.965,1.14
1504,0.965,1.14
1505,0.965,1.14
1506,0.945,1.22
1507,0.96,1.16
1508,0.97,1.12
1509,0.955,1.18
1510,0.955,1.18
1511,0.975,1.1
1512,0.955,1.18
1513,0.98,1.08
1514,0.965,1.14
1515,0.965,1.14
1516,0.97,1.12
1517,0.97,1.12
1518,0.975,1.1
1519,0.97,1.12
1520,0.96,1.16
1521,0.975,1.1
1522,0.965,1.14
1523,0.955,1.18
1524,0.95,1.2
1525,0.985,1.06
1526,0.975,1.1
1527,0.965,1.14
1528,0.97,1.12
1529,0.975,1.1
1530,0.96,1.16
1531,0.98,1.08
1532,0.97,1.12
1533,0.955,1.18
1534,0.96,1.16
1535,0.95,1.2
1536,0.965,1.14
1537,0.965,1.14
1538,0.945,1.22
1539,0.965,1.14
1540,0.96,1.16
1541,0.97,1.12
1542,0.95,1.2
1543,0.945,1.22
1544,0.955,1.18
1545,0.965,1.14
1546,0.955,1.18
1547,0.95,1.2
1548,0.955,1.18
1549,0.96,1.16
1550,0.975,1.1
1551,0.98,1.08
1552,0.975,1.1
1553,0.985,1.06
1554,0.96,1.16
1555,0.985,1.06
1556,0.98,1.08
1557,0.94,1.24
1558,0.97,1.12
1559,0.975,1.1
1560,0.96,1.16
1561,0.98,1.08
1562,0.95,1.2
1563,0.98,1.08
1564,0.97,1.12
1565,0.97,1.12
1566,0.98,1.08
1567,0.965,1.14
1568,0.96,1.16
1569,0.975,1.1
1570,0.97,1.12
1571,0.975,1.1
1572,0.945,1.22
1573,0.965,1.14
1574,0.96,1.16
1575,0.985,1.06
1576,0.95,1.2
1577,0.98,1.08
1578,0.96,1.16
1579,0.98,1.08
1580,0.965,1.14
1581,0.965,1.14
1582,0.965,1.14
1583,0.975,1.1
1584,0.97,1.12
1585,0.98,1.08
1586,0.965,1.14
1587,0.975,1.1
1588,0.97,1.12
1589,0.975,1.1
1590,0.96,1.16
1591,0.98,1.08
1592,0.98,1.08
1593,0.975,1.1
1594,0.96,1.16
1595,0.965,1.14
1596,0.945,1.22
1597,0.975,1.1
1598,0.96,1.16
1599,0.955,1.18
1600,0.98,1.08
1601,0.96,1.16
1602,0.945,1.22
1603,0.97,1.12
1604,0.955,1.18
1605,0.95,1.2
1606,0.98,1.08
1607,0.98,1.08
1608,0.985,1.06
1609,0.965,1.14
1610,0.98,1.08
1611,0.965,1.14
1612,0.97,1.12
1613,0.98,1.08
1614,0.965,1.14
1615,0.975,1.1
1616,0.97,1.12
1617,0.975,1.1
1618,0.97,1.12
1619,0.99,1.04
1620,0.96,1.16
1621,0.975,1.1
1622,0.965,1.14
1623,0.97,1.12
1624,0.975,1.1
1625,0.96,1.16
1626,0.98,1.08
1627,0.97,1.12
1628,0.965,1.14
1629,0.975,1.1
1630,0.965,1.14
1631,0.965,1.14
1632,0.98,1.08
1633,0.975,1.1
1634,0.985,1.06
1635,0.97,1.12
1636,0.98,1.08
1637,0.98,1.08
1638,0.945,1.22
1639,0.96,1.16
1640,0.975,1.1
1641,0.95,1.2
1642,0.96,1.16
1643,0.955,1.18
1644,0.975,1.1
1645,0.97,1.12
1646,0.97,1.12
1647,0.955,1.18
1648,0.975,1.1
1649,0.96,1.16
1650,0.975,1.1
1651,0.975,1.1
1652,0.955,1.18
1653,0.975,1.1
1654,0.96,1.16
1655,0.955,1.18
1656,0.98,1.08
1657,0.945,1.22
1658,0.97,1.12
1659,0.955,1.18
1660,0.965,1.14
1661,0.975,1.1
1662,0.97,1.12
1663,0.97,1.12
1664,0.98,1.08
1665,0.96,1.16
1666,0.97,1.12
1667,0.97,1.12
1668,0.965,1.14
1669,0.97,1.12
1670,0.97,1.12
1671,0.985,1.06
1672,0.96,1.16
1673,0.975,1.1
1674,0.965,1.14
1675,0.98,1.08
1676,0.96,1.16
1677,0.99,1.04
1678,0.98,1.08
1679,0.985,1.06
1680,0.97,1.12
1681,0.96,1.16
1682,0.975,1.1
1683,0.975,1.1
1684,0.97,1.12
1685,0.965,1.14
1686,0.97,1.12
1687,0.965,1.14
1688,0.97,1.12
1689,0.98,1.08
1690,0.97,1.12
1691,0.965,1.14
1692,0.985,1.06
1693,0.99,1.04
1694,0.94,1.24
1695,0.975,1.1
1696,0.99,1.04
1697,0.975,1.1
1698,0.98,1.08
1699,0.975,1.1
1700,0.975,1.1
1701,0.96,1.16
1702,0.98,1.08
1703,0.98,1.08
1704,0.97,1.12
1705,0.97,1.12
1706,0.98,1.08
1707,0.98,1.08
1708,0.99,1.04
1709,0.995,1.02
1710,0.97,1.12
1711,0.965,1.14
1712,0.98,1.08
1713,0.985,1.06
1714,0.97,1.12
1715,0.99,1.04
1716,0.98,1.08
1717,0.97,1.12
1718,0.96,1.16
1719,0.98,1.08
1720,0.955,1.18
1721,0.97,1.12
1722,0.98,1.08
1723,0.995,1.02
1724,0.985,1.06
1725,0.985,1.06
1726,0.98,1.08
1727,0.965,1.14
1728,0.975,1.1
1729,0.98,1.08
1730,0.965,1.14
1731,0.965,1.14
1732,0.955,1.18
1733,0.95,1.2
1734,0.975,1.1
1735,0.98,1.08
1736,0.975,1.1
1737,0.965,1.14
1738,0.965,1.14
1739,0.97,1.12
1740,0.98,1.08
1741,0.97,1.12
1742,0.97,1.12
1743,0.975,1.1
1744,0.985,1.06
1745,0.97,1.12
1746,0.985,1.06
1747,0.985,1.06
1748,0.955,1.18
1749,0.985,1.06
1750,0.97,1.12
1751,0.98,1.08
1752,0.98,1.08
1753,0.965,1.14
1754,0.965,1.14
1755,0.975,1.1
1756,0.98,1.08
1757,0.985,1.06
1758,0.965,1.14
1759,0.98,1.08
1760,0.975,1.1
1761,0.955,1.18
1762,0.98,1.08
1763,0.955,1.18
1764,0.975,1.1
1765,0.975,1.1
1766,0.98,1.08
1767,0.975,1.1
1768,0.985,1.06
1769,0.98,1.08
1770,0.98,1.08
1771,0.98,1.08
1772,0.965,1.14
1773,0.96,1.16
1774,0.995,1.02
1775,0.985,1.06
1776,0.975,1.1
1777,0.98,1.08
1778,0.97,1.12
1779,0.97,1.12
1780,0.98,1.08
1781,0.965,1.14
1782,0.97,1.12
1783,0.975,1.1
1784,0.985,1.06
1785,0.975,1.1
1786,0.975,1.1
1787,0.985,1.06
1788,0.98,1.08
1789,0.965,1.14
1790,0.98,1.08
1791,0.985,1.06
1792,0.96,1.16
1793,0.975,1.1
1794,0.99,1.04
1795,0.97,1.12
1796,0.98,1.08
1797,0.99,1.04
1798,0.965,1.14
1799,0.965,1.14
1800,0.98,1.08
1801,0.985,1.06
1802,0.975,1.1
1803,0.97,1.12
1804,0.98,1.08
1805,0.975,1.1
1806,0.965,1.14
1807,0.97,1.12
1808,0.98,1.08
1809,0.99,1.04
1810,0.99,1.04
1811,0.98,1.08
1812,0.985,1.06
1813,0.965,1.14
1814,0.985,1.06
1815,0.97,1.12
1816,0.985,1.06
1817,0.97,1.12
1818,0.985,1.06
1819,0.97,1.12
1820,0.985,1.06
1821,0.98,1.08
1822,0.98,1.08
1823,0.98,1.08
1824,0.99,1.04
1825,0.97,1.12
1826,0.97,1.12
1827,0.96,1.16
1828,0.98,1.08
1829,0.99,1.04
1830,0.98,1.08
1831,0.99,1.04
1832,0.965,1.14
1833,0.98,1.08
1834,0.975,1.1
1835,0.99,1.04
1836,0.975,1.1
1837,0.975,1.1
1838,0.98,1.08
1839,0.975,1.1
1840,0.95,1.2
1841,0.955,1.18
1842,0.98,1.08
1843,0.975,1.1
1844,0.98,1.08
1845,0.97,1.12
1846,0.97,1.12
1847,0.975,1.1
1848,0.985,1.06
1849,0.98,1.08
1850,0.98,1.08
1851,0.99,1.04
1852,0.985,1.06
1853,0.985,1.06
1854,0.98,1.08
1855,0.975,1.1
1856,0.965,1.14
1857,0.98,1.08
1858,0.985,1.06
1859,0.98,1.08
1860,0.965,1.14
1861,0.97,1.12
1862,0.945,1.22
1863,0.965,1.14
1864,0.975,1.1
1865,0.985,1.06
1866,0.98,1.08
1867,0.985,1.06
1868,0.985,1.06
1869,0.995,1.02
1870,0.98,1.08
1871,0.985,1.06
1872,0.98,1.08
1873,0.975,1.1
1874,0.975,1.1
1875,0.99,1.04
1876,0.985,1.06
1877,0.97,1.12
1878,0.99,1.04
1879,0.98,1.08
1880,0.98,1.08
1881,0.97,1.12
1882,0.995,1.02
1883,0.99,1.04
1884,0.985,1.06
1885,0.975,1.1
1886,0.985,1.06
1887,0.99,1.04
1888,0.965,1.14
1889,0.97,1.12
1890,0.98,1.08
1891,0.965,1.14
1892,0.985,1.06
1893,0.985,1.06
1894,0.97,1.12
1895,0.975,1.1
1896,0.97,1.12
1897,0.975,1.1
1898,0.98,1.08
1899,0.97,1.12
1900,0.97,1.12
1901,0.985,1.06
1902,0.955,1.18
1903,0.975,1.1
1904,0.97,1.12
1905,0.98,1.08
1906,0.985,1.06
1907,0.98,1.08
1908,0.98,1.08
1909,0.975,1.1
1910,0.98,1.08
1911,0.975,1.1
1912,0.985,1.06
1913,0.985,1.06
1914,0.985,1.06
1915,0.97,1.12
1916,0.97,1.12
1917,0.98,1.08
1918,0.98,1.08
1919,0.98,1.08
1920,0.985,1.06
1921,0.955,1.18
1922,0.97,1.12
1923,0.98,1.08
1924,0.985,1.06
1925,0.96,1.16
1926,0.97,1.12
1927,0.95,1.2
1928,0.975,1.1
1929,0.98,1.08
1930,0.98,1.08
1931,0.98,1.08
1932,0.975,1.1
1933,0.95,1.2
1934,0.975,1.1
1935,0.98,1.08
1936,0.985,1.06
1937,0.99,1.04
1938,0.965,1.14
1939,0.98,1.08
1940,0.96,1.16
1941,0.965,1.14
1942,0.975,1.1
1943,0.97,1.12
1944,0.995,1.02
1945,0.975,1.1
1946,0.985,1.06
1947,0.965,1.14
1948,0.965,1.14
1949,0.96,1.16
1950,0.985,1.06
1951,0.965,1.14
1952,0.965,1.14
1953,0.985,1.06
1954,0.975,1.1
1955,0.995,1.02
1956,0.985,1.06
1957,0.98,1.08
1958,0.975,1.1
1959,0.95,1.2
1960,0.99,1.04
1961,0.97,1.12
1962,0.985,1.06
1963,0.975,1.1
1964,0.975,1.1
1965,0.975,1.1
1966,0.975,1.1
1967,0.99,1.04
1968,0.99,1.04
1969,0.97,1.12
1970,0.975,1.1
1971,0.97,1.12
1972,0.98,1.08
1973,0.98,1.08
1974,0.995,1.02
1975,0.98,1.08
1976,0.97,1.12
1977,0.975,1.1
1978,0.975,1.1
1979,0.975,1.1
1980,0.99,1.04
1981,0.97,1.12
1982,0.99,1.04
1983,0.98,1.08
1984,0.985,1.06
1985,0.99,1.04
1986,0.975,1.1
1987,0.96,1.16
1988,0.98,1.08
1989,0.97,1.12
1990,0.995,1.02
1991,0.98,1.08
1992,0.98,1.08
1993,0.975,1.1
1994,0.975,1.1
1995,0.97,1.12
1996,0.985,1.06
1997,0.96,1.16
1998,0.97,1.12
1999,0.985,1.06
2000,0.97,1.12
2001,0.995,1.02
2002,0.965,1.14
2003,0.98,1.08
2004,0.98,1.08
2005,0.975,1.1
2006,0.98,1.08
2007,0.985,1.06
2008,0.97,1.12
2009,0.97,1.12
2010,0.97,1.12
2011,0.98,1.08
2012,0.95,1.2
2013,0.94,1.24
2014,0.975,1.1
2015,0.99,1.04
2016,0.98,1.08
2017,0.95,1.2
2018,0.97,1.12
2019,0.975,1.1
2020,0.97,1.12
2021,0.99,1.04
2022,0.98,1.08
2023,0.955,1.18
2024,0.99,1.04
2025,0.98,1.08
2026,0.98,1.08
2027,0.98,1.08
2028,0.975,1.1
2029,0.99,1.04
2030,0.99,1.04
2031,0.975,1.1
2032,0.975,1.1
2033,0.98,1.08
2034,0.99,1.04
2035,0.97,1.12
2036,0.97,1.12
2037,0.98,1.08
2038,0.97,1.12
2039,0.995,1.02
2040,0.985,1.06
2041,0.965,1.14
2042,0.98,1.08
2043,0.96,1.16
2044,0.97,1.12
2045,0.97,1.12
2046,0.975,1.1
2047,0.98,1.08
2048,0.975,1.1
2049,0.98,1.08
2050,0.99,1.04
2051,0.96,1.16
2052,0.975,1.1
2053,0.97,1.12
2054,0.98,1.08
2055,0.965,1.14
2056,0.965,1.14
2057,0.97,1.12
2058,0.965,1.14
2059,0.97,1.12
2060,0.99,1.04
2061,0.975,1.1
2062,0.975,1.1
2063,0.98,1.08
2064,0.98,1.08
2065,0.98,1.08
2066,0.95,1.2
2067,0.98,1.08
2068,0.985,1.06
2069,0.96,1.16
2070,0.97,1.12
2071,0.98,1.08
2072,0.99,1.04
2073,0.985,1.06
2074,0.97,1.12
2075,0.965,1.14
2076,0.98,1.08
2077,0.98,1.08
2078,0.965,1.14
2079,0.975,1.1
2080,0.985,1.06
2081,0.97,1.12
2082,0.97,1.12
2083,0.985,1.06
2084,0.97,1.12
2085,0.965,1.14
2086,0.995,1.02
2087,0.985,1.06
2088,0.98,1.08
2089,0.965,1.14
2090,0.975,1.1
2091,0.97,1.12
2092,0.985,1.06
2093,0.965,1.14
2094,0.985,1.06
2095,0.98,1.08
2096,0.99,1.04
2097,0.99,1.04
2098,0.965,1.14
2099,0.97,1.12
2100,0.975,1.1
2101,0.985,1.06
2102,0.96,1.16
2103,0.975,1.1
2104,0.985,1.06
2105,0.965,1.14
2106,0.985,1.06
2107,0.97,1.12
2108,0.975,1.1
2109,0.98,1.08
2110,0.985,1.06
2111,0.965,1.14
2112,0.98,1.08
2113,0.98,1.08
2114,0.975,1.1
2115,0.975,1.1
2116,0.98,1.08
2117,0.975,1.1
2118,0.96,1.16
2119,0.985,1.06
2120,0.98,1.08
2121,0.99,1.04
2122,0.975,1.1
2123,0.98,1.08
2124,0.985,1.06
2125,0.98,1.08
2126,0.98,1.08
2127,0.985,1.06
2128,0.975,1.1
2129,0.975,1.1
2130,0.975,1.1
2131,0.975,1.1
2132,0.99,1.04
2133,0.975,1.1
2134,0.98,1.08
2135,0.975,1.1
2136,0.975,1.1
2137,0.97,1.12
2138,0.98,1.08
2139,0.965,1.14
2140,0.99,1.04
2141,0.995,1.02
2142,0.99,1.04
2143,0.98,1.08
2144,0.975,1.1
2145,0.99,1.04
2146,0.97,1.12
2147,1.0,1.0
2148,0.98,1.08
2149,0.985,1.06
2150,1.0,1.0
2151,0.99,1.04
2152,0.975,1.1
2153,0.97,1.12
2154,0.96,1.16
2155,0.985,1.06
2156,0.98,1.08
2157,0.98,1.08
2158,0.97,1.12
2159,0.98,1.08
2160,0.99,1.04
2161,0.98,1.08
2162,0.975,1.1
2163,0.985,1.06
2164,0.985,1.06
2165,0.975,1.1
2166,0.975,1.1
2167,0.97,1.12
2168,0.98,1.08
2169,0.985,1.06
2170,0.985,1.06
2171,0.98,1.08
2172,0.98,1.08
2173,0.96,1.16
2174,0.975,1.1
2175,0.985,1.06
2176,0.975,1.1
2177,0.975,1.1
2178,0.975,1.1
2179,0.97,1.12
2180,0.98,1.08
2181,0.98,1.08
2182,0.975,1.1
2183,0.985,1.06
2184,0.985,1.06
2185,0.955,1.18
2186,0.96,1.16
2187,0.99,1.04
2188,0.97,1.12
2189,0.99,1.04
2190,0.975,1.1
2191,0.98,1.08
2192,0.985,1.06
2193,0.98,1.08
2194,0.985,1.06
2195,0.98,1.08
2196,0.965,1.14
2197,0.97,1.12
2198,0.975,1.1
2199,0.98,1.08
2200,0.96,1.16
2201,0.97,1.12
2202,0.985,1.06
2203,0.96,1.16
2204,0.995,1.02
2205,0.98,1.08
2206,0.965,1.14
2207,0.98,1.08
2208,0.985,1.06
2209,0.98,1.08
2210,0.98,1.08
2211,0.975,1.1
2212,0.985,1.06
2213,0.98,1.08
2214,0.985,1.06
2215,0.985,1.06
2216,0.97,1.12
2217,0.985,1.06
2218,0.98,1.08
2219,0.985,1.06
2220,0.995,1.02
2221,0.98,1.08
2222,0.965,1.14
2223,0.955,1.18
2224,0.975,1.1
2225,0.985,1.06
2226,0.98,1.08
2227,0.97,1.12
2228,0.985,1.06
2229,0.985,1.06
2230,0.99,1.04
2231,0.985,1.06
2232,0.97,1.12
2233,0.96,1.16
2234,0.985,1.06
2235,0.97,1.12
2236,0.975,1.1
2237,0.98,1.08
2238,0.96,1.16
2239,0.985,1.06
2240,0.98,1.08
2241,0.98,1.08
2242,0.99,1.04
2243,0.985,1.06
2244,0.98,1.08
2245,0.97,1.12
2246,0.98,1.08
2247,0.985,1.06
2248,0.985,1.06
2249,0.975,1.1
2250,0.99,1.04
2251,0.98,1.08
2252,0.975,1.1
2253,0.98,1.08
2254,0.97,1.12
2255,0.98,1.08
2256,0.965,1.14
2257,0.975,1.1
2258,0.98,1.08
2259,0.985,1.06
2260,0.97,1.12
2261,0.975,1.1
2262,0.97,1.12
2263,0.98,1.08
2264,0.99,1.04
2265,0.985,1.06
2266,0.99,1.04
2267,0.98,1.08
2268,0.985,1.06
2269,0.985,1.06
2270,0.98,1.08
2271,0.97,1.12
2272,0.975,1.1
2273,0.985,1.06
2274,0.965,1.14
2275,0.965,1.14
2276,0.975,1.1
2277,0.975,1.1
2278,0.975,1.1
2279,0.965,1.14
2280,0.965,1.14
2281,0.99,1.04
2282,0.985,1.06
2283,0.985,1.06
2284,0.98,1.08
2285,0.965,1.14
2286,0.975,1.1
2287,0.98,1.08
2288,0.96,1.16
2289,0.96,1.16
2290,0.99,1.04
2291,0.99,1.04
2292,0.985,1.06
2293,0.98,1.08
2294,0.98,1.08
2295,0.975,1.1
2296,0.985,1.06
2297,0.985,1.06
2298,0.96,1.16
2299,0.97,1.12
2300,0.98,1.08
2301,0.985,1.06
2302,0.98,1.08
2303,0.97,1.12
2304,0.99,1.04
2305,0.975,1.1
2306,0.98,1.08
2307,0.985,1.06
2308,0.98,1.08
2309,0.95,1.2
2310,0.98,1.08
2311,0.985,1.06
2312,0.975,1.1
2313,0.97,1.12
2314,0.985,1.06
2315,0.975,1.1
2316,0.98,1.08
2317,0.975,1.1
2318,1.0,1.0
2319,0.985,1.06
2320,0.985,1.06
2321,0.965,1.14
2322,0.97,1.12
2323,0.98,1.08
2324,0.985,1.06
2325,0.965,1.14
2326,0.98,1.08
2327,0.97,1.12
2328,0.985,1.06
2329,0.99,1.04
2330,0.99,1.04
2331,0.98,1.08
2332,0.975,1.1
2333,0.99,1.04
2334,0.98,1.08
2335,0.98,1.08
2336,0.985,1.06
2337,0.975,1.1
2338,0.985,1.06
2339,0.98,1.08
2340,0.99,1.04
2341,0.98,1.08
2342,0.99,1.04
2343,0.985,1.06
2344,0.99,1.04
2345,0.96,1.16
2346,0.975,1.1
2347,0.985,1.06
2348,0.99,1.04
2349,0.985,1.06
2350,0.985,1.06
2351,0.98,1.08
2352,0.985,1.06
2353,0.98,1.08
2354,0.98,1.08
2355,0.985,1.06
2356,0.98,1.08
2357,0.965,1.14
2358,0.985,1.06
2359,0.98,1.08
2360,0.98,1.08
2361,0.98,1.08
2362,0.995,1.02
2363,0.985,1.06
2364,0.97,1.12
2365,0.99,1.04
2366,0.99,1.04
2367,0.995,1.02
2368,0.975,1.1
2369,0.965,1.14
2370,0.98,1.08
2371,0.99,1.04
2372,0.99,1.04
2373,0.975,1.1
2374,0.985,1.06
2375,0.995,1.02
2376,0.98,1.08
2377,0.975,1.1
2378,0.98,1.08
2379,0.97,1.12
2380,0.98,1.08
2381,0.98,1.08
2382,0.97,1.12
2383,0.955,1.18
2384,0.98,1.08
2385,0.985,1.06
2386,0.98,1.08
2387,0.975,1.1
2388,0.98,1.08
2389,0.97,1.12
2390,0.985,1.06
2391,0.98,1.08
2392,0.99,1.04
2393,0.985,1.06
2394,0.99,1.04
2395,0.975,1.1
2396,0.98,1.08
2397,0.945,1.22
2398,0.97,1.12
2399,0.99,1.04
2400,0.98,1.08
2401,0.965,1.14
2402,0.98,1.08
2403,0.965,1.14
2404,0.975,1.1
2405,0.975,1.1
2406,0.96,1.16
2407,0.96,1.16
2408,0.985,1.06
2409,0.975,1.1
2410,0.99,1.04
2411,0.975,1.1
2412,0.97,1.12
2413,0.98,1.08
2414,0.985,1.06
2415,0.965,1.14
2416,0.985,1.06
2417,0.975,1.1
2418,0.985,1.06
2419,0.975,1.1
2420,0.98,1.08
2421,0.99,1.04
2422,0.985,1.06
2423,0.97,1.12
2424,0.98,1.08
2425,0.975,1.1
2426,0.985,1.06
2427,0.99,1.04
2428,0.98,1.08
2429,0.985,1.06
2430,0.985,1.06
2431,0.975,1.1
2432,0.985,1.06
2433,0.97,1.12
2434,0.985,1.06
2435,0.98,1.08
2436,0.975,1.1
2437,0.985,1.06
2438,0.975,1.1
2439,0.985,1.06
2440,0.985,1.06
2441,0.99,1.04
2442,0.995,1.02
2443,0.99,1.04
2444,0.99,1.04
2445,0.98,1.08
2446,0.975,1.1
2447,0.975,1.1
2448,0.985,1.06
2449,0.98,1.08
2450,0.97,1.12
2451,0.975,1.1
2452,0.98,1.08
2453,0.985,1.06
2454,0.985,1.06
2455,0.985,1.06
2456,0.985,1.06
2457,0.975,1.1
2458,0.985,1.06
2459,0.97,1.12
2460,0.98,1.08
2461,0.98,1.08
2462,0.97,1.12
2463,0.99,1.04
2464,0.985,1.06
2465,0.975,1.1
2466,0.98,1.08
2467,0.98,1.08
2468,0.98,1.08
2469,0.98,1.08
2470,0.97,1.12
2471,0.985,1.06
2472,0.965,1.14
2473,0.975,1.1
2474,0.995,1.02
2475,0.98,1.08
2476,0.99,1.04
2477,0.99,1.04
2478,1.0,1.0
2479,0.995,1.02
2480,0.99,1.04
2481,0.985,1.06
2482,0.98,1.08
2483,0.99,1.04
2484,0.99,1.04
2485,0.975,1.1
2486,0.96,1.16
2487,0.985,1.06
2488,0.995,1.02
2489,0.965,1.14
2490,0.99,1.04
2491,0.995,1.02
2492,0.985,1.06
2493,0.97,1.12
2494,0.985,1.06
2495,0.985,1.06
2496,0.98,1.08
2497,0.995,1.02
2498,0.975,1.1
2499,0.98,1.08
2500,0.985,1.06
2501,0.98,1.08
2502,0.99,1.04
2503,0.98,1.08
2504,0.975,1.1
2505,0.99,1.04
2506,0.98,1.08
2507,0.985,1.06
2508,0.965,1.14
2509,0.98,1.08
2510,0.99,1.04
2511,0.97,1.12
2512,0.985,1.06
2513,0.975,1.1
2514,0.975,1.1
2515,0.985,1.06
2516,0.98,1.08
2517,0.99,1.04
2518,0.98,1.08
2519,0.98,1.08
2520,0.995,1.02
2521,0.985,1.06
2522,0.97,1.12
2523,0.99,1.04
2524,0.985,1.06
2525,0.985,1.06
2526,0.965,1.14
2527,0.99,1.04
2528,1.0,1.0
2529,0.97,1.12
2530,0.985,1.06
2531,0.99,1.04
2532,0.97,1.12
2533,0.975,1.1
2534,0.99,1.04
2535,0.985,1.06
2536,0.985,1.06
2537,0.985,1.06
2538,0.975,1.1
2539,0.975,1.1
2540,0.975,1.1
2541,0.99,1.04
2542,0.985,1.06
2543,0.97,1.12
2544,0.985,1.06
2545,0.985,1.06
2546,0.985,1.06
2547,0.985,1.06
2548,0.98,1.08
2549,0.98,1.08
2550,0.99,1.04
2551,0.985,1.06
2552,0.985,1.06
2553,0.975,1.1
2554,0.995,1.02
2555,0.98,1.08
2556,0.975,1.1
2557,0.985,1.06
2558,0.975,1.1
2559,0.97,1.12
2560,0.97,1.12
2561,0.98,1.08
2562,0.975,1.1
2563,0.99,1.04
2564,0.965,1.14
2565,0.98,1.08
2566,0.99,1.04
2567,0.98,1.08
2568,0.99,1.04
2569,0.985,1.06
2570,0.99,1.04
2571,0.975,1.1
2572,0.98,1.08
2573,0.985,1.06
2574,0.965,1.14
2575,0.985,1.06
2576,0.985,1.06
2577,0.99,1.04
2578,0.99,1.04
2579,0.99,1.04
2580,0.99,1.04
2581,0.985,1.06
2582,0.99,1.04
2583,0.985,1.06
2584,0.99,1.04
2585,0.985,1.06
2586,0.98,1.08
2587,0.98,1.08
2588,0.96,1.16
2589,0.98,1.08
2590,0.995,1.02
2591,0.985,1.06
2592,0.98,1.08
2593,0.985,1.06
2594,0.98,1.08
2595,0.99,1.04
2596,0.97,1.12
2597,0.99,1.04
2598,0.99,1.04
2599,0.965,1.14
2600,0.995,1.02
2601,0.985,1.06
2602,0.99,1.04
2603,0.965,1.14
2604,0.98,1.08
2605,0.985,1.06
2606,0.99,1.04
2607,0.995,1.02
2608,0.975,1.1
2609,0.975,1.1
2610,0.99,1.04
2611,0.975,1.1
2612,0.98,1.08
2613,0.97,1.12
2614,0.975,1.1
2615,0.975,1.1
2616,0.985,1.06
2617,0.985,1.06
2618,0.975,1.1
2619,0.985,1.06
2620,0.99,1.04
2621,0.98,1.08
2622,0.985,1.06
2623,0.97,1.12
2624,0.985,1.06
2625,0.99,1.04
2626,0.99,1.04
2627,0.965,1.14
2628,0.985,1.06
2629,0.985,1.06
2630,0.98,1.08
2631,0.99,1.04
2632,0.985,1.06
2633,0.965,1.14
2634,0.975,1.1
2635,0.99,1.04
2636,0.995,1.02
2637,0.98,1.08
2638,0.975,1.1
2639,0.98,1.08
2640,0.99,1.04
2641,0.985,1.06
2642,0.99,1.04
2643,0.975,1.1
2644,0.975,1.1
2645,0.98,1.08
2646,0.985,1.06
2647,0.985,1.06
2648,0.97,1.12
2649,0.965,1.14
2650,0.98,1.08
2651,0.97,1.12
2652,0.99,1.04
2653,0.99,1.04
2654,0.98,1.08
2655,0.985,1.06
2656,0.98,1.08
2657,0.985,1.06
2658,0.99,1.04
2659,0.975,1.1
2660,0.995,1.02
2661,0.99,1.04
2662,0.99,1.04
2663,0.985,1.06
2664,0.985,1.06
2665,0.995,1.02
2666,0.98,1.08
2667,0.975,1.1
2668,0.99,1.04
2669,0.98,1.08
2670,0.985,1.06
2671,0.97,1.12
2672,0.98,1.08
2673,0.98,1.08
2674,0.995,1.02
2675,0.97,1.12
2676,0.99,1.04
2677,0.99,1.04
2678,0.99,1.04
2679,1.0,1.0
2680,0.975,1.1
2681,0.985,1.06
2682,0.99,1.04
2683,0.975,1.1
2684,0.995,1.02
2685,0.975,1.1
2686,0.995,1.02
2687,0.985,1.06
2688,0.98,1.08
2689,0.98,1.08
2690,0.985,1.06
2691,0.985,1.06
2692,0.99,1.04
2693,0.985,1.06
2694,0.965,1.14
2695,0.985,1.06
2696,0.98,1.08
2697,0.99,1.04
2698,0.98,1.08
2699,0.99,1.04
2700,0.985,1.06
2701,0.99,1.04
2702,0.98,1.08
2703,0.985,1.06
2704,0.985,1.06
2705,0.99,1.04
2706,0.98,1.08
2707,0.975,1.1
2708,0.98,1.08
2709,0.97,1.12
2710,0.98,1.08
2711,0.97,1.12
2712,0.985,1.06
2713,0.99,1.04
2714,0.99,1.04
2715,0.965,1.14
2716,0.985,1.06
2717,0.98,1.08
2718,0.985,1.06
2719,0.975,1.1
2720,0.99,1.04
2721,0.995,1.02
2722,0.97,1.12
2723,0.99,1.04
2724,0.985,1.06
2725,0.99,1.04
2726,0.99,1.04
2727,0.975,1.1
2728,0.985,1.06
2729,0.98,1.08
2730,0.99,1.04
2731,0.98,1.08
2732,0.98,1.08
2733,0.97,1.12
2734,0.99,1.04
2735,0.98,1.08
2736,0.99,1.04
2737,0.99,1.04
2738,0.975,1.1
2739,0.975,1.1
2740,0.98,1.08
2741,0.985,1.06
2742,0.995,1.02
2743,0.98,1.08
2744,0.985,1.06
2745,0.97,1.12
2746,0.985,1.06
2747,0.985,1.06
2748,0.99,1.04
2749,0.99,1.04
2750,0.98,1.08
2751,0.985,1.06
2752,0.995,1.02
2753,0.98,1.08
2754,0.975,1.1
2755,0.98,1.08
2756,0.98,1.08
2757,0.975,1.1
2758,0.99,1.04
2759,0.99,1.04
2760,0.975,1.1
2761,0.98,1.08
2762,0.98,1.08
2763,0.99,1.04
2764,0.99,1.04
2765,0.975,1.1
2766,0.99,1.04
2767,0.98,1.08
2768,0.985,1.06
2769,0.99,1.04
2770,0.985,1.06
2771,0.985,1.06
2772,0.98,1.08
2773,0.995,1.02
2774,0.995,1.02
2775,0.985,1.06
2776,0.98,1.08
2777,0.985,1.06
2778,0.96,1.16
2779,0.98,1.08
2780,0.98,1.08
2781,0.995,1.02
2782,0.985,1.06
2783,0.975,1.1
2784,0.985,1.06
2785,0.995,1.02
2786,0.99,1.04
2787,0.985,1.06
2788,0.985,1.06
2789,0.995,1.02
2790,0.99,1.04
2791,0.985,1.06
2792,0.98,1.08
2793,0.985,1.06
2794,0.99,1.04
2795,0.98,1.08
2796,0.985,1.06
2797,0.985,1.06
2798,0.985,1.06
2799,0.975,1.1
2800,0.98,1.08
2801,0.985,1.06
2802,0.99,1.04
2803,0.99,1.04
2804,0.995,1.02
2805,0.985,1.06
2806,0.985,1.06
2807,0.98,1.08
2808,0.985,1.06
2809,0.985,1.06
2810,0.99,1.04
2811,0.99,1.04
2812,0.98,1.08
2813,0.98,1.08
2814,0.985,1.06
2815,0.975,1.1
2816,0.985,1.06
2817,0.985,1.06
2818,0.985,1.06
2819,0.985,1.06
2820,0.975,1.1
2821,1.0,1.0
2822,0.98,1.08
2823,0.985,1.06
2824,0.99,1.04
2825,0.985,1.06
2826,0.985,1.06
2827,0.98,1.08
2828,0.98,1.08
2829,0.99,1.04
2830,0.99,1.04
2831,0.99,1.04
2832,0.985,1.06
2833,0.975,1.1
2834,0.975,1.1
2835,0.99,1.04
2836,0.985,1.06
2837,0.985,1.06
2838,0.985,1.06
2839,0.99,1.04
2840,0.99,1.04
2841,0.99,1.04
2842,0.995,1.02
2843,0.985,1.06
2844,0.99,1.04
2845,0.985,1.06
2846,0.985,1.06
2847,0.985,1.06
2848,0.985,1.06
2849,0.975,1.1
2850,0.985,1.06
2851,0.98,1.08
2852,0.965,1.14
2853,0.995,1.02
2854,0.985,1.06
2855,0.985,1.06
2856,0.98,1.08
2857,0.97,1.12
2858,1.0,1.0
2859,0.985,1.06
2860,0.98,1.08
2861,0.995,1.02
2862,0.98,1.08
2863,0.985,1.06
2864,0.99,1.04
2865,0.98,1.08
2866,0.985,1.06
2867,0.965,1.14
2868,0.985,1.06
2869,0.99,1.04
2870,0.98,1.08
2871,0.985,1.06
2872,0.995,1.02
2873,0.98,1.08
2874,0.985,1.06
2875,0.985,1.06
2876,0.995,1.02
2877,0.98,1.08
2878,0.99,1.04
2879,0.98,1.08
2880,0.975,1.1
2881,0.985,1.06
2882,0.985,1.06
2883,0.985,1.06
2884,0.985,1.06
2885,0.985,1.06
2886,0.99,1.04
2887,0.975,1.1
2888,0.98,1.08
2889,0.975,1.1
2890,0.99,1.04
2891,0.98,1.08
2892,0.985,1.06
2893,0.98,1.08
2894,0.99,1.04
2895,0.985,1.06
2896,0.985,1.06
2897,0.98,1.08
2898,0.985,1.06
2899,0.99,1.04
2900,0.98,1.08
2901,0.99,1.04
2902,0.97,1.12
2903,0.99,1.04
2904,0.975,1.1
2905,0.98,1.08
2906,0.975,1.1
2907,0.98,1.08
2908,0.985,1.06
2909,0.995,1.02
2910,0.995,1.02
2911,0.995,1.02
2912,0.98,1.08
2913,0.99,1.04
2914,0.985,1.06
2915,0.975,1.1
2916,0.99,1.04
2917,0.995,1.02
2918,0.985,1.06
2919,0.99,1.04
2920,0.98,1.08
2921,0.985,1.06
2922,0.985,1.06
2923,0.99,1.04
2924,0.99,1.04
2925,0.99,1.04
2926,0.975,1.1
2927,0.99,1.04
2928,0.975,1.1
2929,0.995,1.02
2930,0.985,1.06
2931,0.97,1.12
2932,0.98,1.08
2933,0.99,1.04
2934,0.98,1.08
2935,0.985,1.06
2936,0.99,1.04
2937,0.98,1.08
2938,0.99,1.04
2939,0.995,1.02
2940,0.98,1.08
2941,0.98,1.08
2942,0.965,1.14
2943,0.99,1.04
2944,0.98,1.08
2945,0.985,1.06
2946,0.99,1.04
2947,0.975,1.1
2948,0.975,1.1
2949,0.985,1.06
2950,0.975,1.1
2951,0.985,1.06
2952,0.985,1.06
2953,0.98,1.08
2954,0.985,1.06
2955,0.98,1.08
2956,0.99,1.04
2957,0.99,1.04
2958,0.99,1.04
2959,1.0,1.0
2960,0.975,1.1
2961,0.97,1.12
2962,0.985,1.06
2963,0.975,1.1
2964,0.975,1.1
2965,0.985,1.06
2966,0.985,1.06
2967,0.985,1.06
2968,0.985,1.06
2969,0.985,1.06
2970,0.995,1.02
2971,0.985,1.06
2972,0.99,1.04
2973,0.99,1.04
2974,0.99,1.04
2975,0.995,1.02
2976,0.975,1.1
2977,0.965,1.14
2978,0.975,1.1
2979,0.975,1.1
2980,0.99,1.04
2981,0.99,1.04
2982,0.975,1.1
2983,0.97,1.12
2984,0.965,1.14
2985,0.975,1.1
2986,0.98,1.08
2987,0.995,1.02
2988,0.995,1.02
2989,0.975,1.1
2990,0.99,1.04
2991,0.97,1.12
2992,0.975,1.1
2993,0.965,1.14
2994,0.97,1.12
2995,0.985,1.06
2996,0.99,1.04
2997,0.99,1.04
2998,0.975,1.1
2999,0.97,1.12
3000,0.98,1.08
3001,0.985,1.06
3002,0.97,1.12
3003,0.975,1.1
3004,0.98,1.08
3005,0.98,1.08
3006,0.98,1.08
3007,0.985,1.06
3008,0.975,1.1
3009,0.97,1.12
3010,0.985,1.06
3011,0.99,1.04
3012,0.975,1.1
3013,0.995,1.02
3014,0.995,1.02
3015,0.975,1.1
3016,0.99,1.04
3017,0.975,1.1
3018,0.975,1.1
3019,0.995,1.02
3020,0.985,1.06
3021,0.985,1.06
3022,0.97,1.12
3023,0.99,1.04
3024,0.98,1.08
3025,0.985,1.06
3026,0.98,1.08
3027,0.975,1.1
3028,0.985,1.06
3029,0.985,1.06
3030,0.965,1.14
3031,0.98,1.08
3032,0.975,1.1
3033,0.995,1.02
3034,0.98,1.08
3035,0.975,1.1
3036,0.98,1.08
3037,0.975,1.1
3038,0.975,1.1
3039,0.985,1.06
3040,0.99,1.04
3041,0.98,1.08
3042,0.975,1.1
3043,0.985,1.06
3044,0.965,1.14
3045,0.955,1.18
3046,0.99,1.04
3047,0.97,1.12
3048,0.97,1.12
3049,0.98,1.08
3050,0.97,1.12
3051,0.985,1.06
3052,0.985,1.06
3053,0.98,1.08
3054,0.985,1.06
3055,0.97,1.12
3056,0.975,1.1
3057,0.965,1.14
3058,0.975,1.1
3059,0.99,1.04
3060,0.98,1.08
3061,0.985,1.06
3062,0.98,1.08
3063,0.99,1.04
3064,0.975,1.1
3065,0.995,1.02
3066,0.99,1.04
3067,0.985,1.06
3068,0.97,1.12
3069,0.98,1.08
3070,0.985,1.06
3071,0.975,1.1
3072,0.975,1.1
3073,0.985,1.06
3074,0.975,1.1
3075,0.975,1.1
3076,0.97,1.12
3077,0.98,1.08
3078,0.98,1.08
3079,0.975,1.1
3080,0.995,1.02
3081,0.98,1.08
3082,0.965,1.14
3083,0.985,1.06
3084,0.98,1.08
3085,0.985,1.06
3086,0.985,1.06
3087,0.975,1.1
3088,0.985,1.06
3089,0.985,1.06
3090,0.985,1.06
3091,0.99,1.04
3092,0.99,1.04
3093,0.98,1.08
3094,0.975,1.1
3095,0.975,1.1
3096,0.99,1.04
3097,0.99,1.04
3098,0.98,1.08
3099,0.975,1.1
3100,0.97,1.12
3101,0.995,1.02
3102,0.975,1.1
3103,0.985,1.06
3104,0.975,1.1
3105,0.985,1.06
3106,0.99,1.04
3107,0.975,1.1
3108,0.985,1.06
3109,0.975,1.1
3110,0.99,1.04
3111,0.975,1.1
3112,0.965,1.14
3113,0.98,1.08
3114,0.98,1.08
3115,0.995,1.02
3116,0.99,1.04
3117,0.98,1.08
3118,0.975,1.1
3119,0.985,1.06
3120,0.985,1.06
3121,0.98,1.08
3122,0.98,1.08
3123,0.985,1.06
3124,0.99,1.04
3125,0.98,1.08
3126,0.99,1.04
3127,0.98,1.08
3128,0.99,1.04
3129,0.975,1.1
3130,0.985,1.06
3131,0.98,1.08
3132,0.99,1.04
3133,0.975,1.1
3134,0.985,1.06
3135,0.98,1.08
3136,0.98,1.08
3137,0.985,1.06
3138,0.985,1.06
3139,0.975,1.1
3140,0.975,1.1
3141,0.965,1.14
3142,0.985,1.06
3143,0.985,1.06
3144,0.99,1.04
3145,0.99,1.04
3146,0.985,1.06
3147,0.98,1.08
3148,0.97,1.12
3149,0.98,1.08
3150,0.98,1.08
3151,0.98,1.08
3152,0.995,1.02
3153,0.98,1.08
3154,0.985,1.06
3155,0.98,1.08
3156,0.995,1.02
3157,1.0,1.0
3158,0.975,1.1
3159,0.99,1.04
3160,0.985,1.06
3161,0.985,1.06
3162,0.98,1.08
3163,0.98,1.08
3164,0.965,1.14
3165,0.97,1.12
3166,0.98,1.08
3167,0.985,1.06
3168,0.985,1.06
3169,0.98,1.08
3170,0.96,1.16
3171,0.975,1.1
3172,0.98,1.08
3173,0.99,1.04
3174,0.985,1.06
3175,0.99,1.04
3176,0.99,1.04
3177,0.99,1.04
3178,0.985,1.06
3179,0.99,1.04
3180,0.98,1.08
3181,0.99,1.04
3182,0.965,1.14
3183,0.99,1.04
3184,0.98,1.08
3185,0.985,1.06
3186,0.98,1.08
3187,0.98,1.08
3188,0.97,1.12
3189,0.99,1.04
3190,0.97,1.12
3191,0.97,1.12
3192,0.98,1.08
3193,0.99,1.04
3194,0.975,1.1
3195,0.975,1.1
3196,0.99,1.04
3197,0.99,1.04
3198,0.98,1.08
3199,0.98,1.08
3200,0.98,1.08
3201,0.985,1.06
3202,0.985,1.06
3203,0.99,1.04
3204,0.98,1.08
3205,0.98,1.08
3206,0.99,1.04
3207,0.975,1.1
3208,0.98,1.08
3209,0.98,1.08
3210,0.975,1.1
3211,0.985,1.06
3212,0.985,1.06
3213,0.98,1.08
3214,0.985,1.06
3215,0.99,1.04
3216,0.975,1.1
3217,0.99,1.04
3218,0.985,1.06
3219,0.99,1.04
3220,0.985,1.06
3221,0.975,1.1
3222,0.985,1.06
3223,0.975,1.1
3224,0.975,1.1
3225,0.99,1.04
3226,0.985,1.06
3227,0.99,1.04
3228,0.965,1.14
3229,0.99,1.04
3230,0.975,1.1
3231,0.985,1.06
3232,0.99,1.04
3233,0.985,1.06
3234,0.985,1.06
3235,0.985,1.06
3236,0.98,1.08
3237,0.985,1.06
3238,0.98,1.08
3239,0.985,1.06
3240,0.99,1.04
3241,0.985,1.06
3242,0.975,1.1
3243,0.985,1.06
3244,0.985,1.06
3245,0.985,1.06
3246,0.99,1.04
3247,0.975,1.1
3248,0.975,1.1
3249,0.995,1.02
3250,0.99,1.04
3251,0.985,1.06
3252,0.99,1.04
3253,0.99,1.04
3254,0.99,1.04
3255,0.995,1.02
3256,0.985,1.06
3257,0.985,1.06
3258,0.995,1.02
3259,0.98,1.08
3260,0.99,1.04
3261,0.99,1.04
3262,0.99,1.04
3263,0.96,1.16
3264,0.98,1.08
3265,0.995,1.02
3266,0.985,1.06
3267,0.99,1.04
3268,0.975,1.1
3269,0.97,1.12
3270,0.99,1.04
3271,0.975,1.1
3272,0.98,1.08
3273,0.975,1.1
3274,0.98,1.08
3275,0.985,1.06
3276,0.99,1.04
3277,0.98,1.08
3278,0.975,1.1
3279,0.99,1.04
3280,0.98,1.08
3281,0.985,1.06
3282,0.98,1.08
3283,0.975,1.1
3284,0.98,1.08
3285,0.995,1.02
3286,0.99,1.04
3287,0.99,1.04
3288,0.985,1.06
3289,0.995,1.02
3290,0.99,1.04
3291,0.995,1.02
3292,0.975,1.1
3293,0.99,1.04
3294,0.97,1.12
3295,0.98,1.08
3296,0.98,1.08
3297,0.98,1.08
3298,0.98,1.08
3299,0.985,1.06
3300,0.995,1.02
3301,0.99,1.04
3302,0.99,1.04
3303,0.98,1.08
3304,0.995,1.02
3305,0.975,1.1
3306,0.98,1.08
3307,0.985,1.06
3308,0.975,1.1
3309,0.99,1.04
3310,0.995,1.02
3311,0.985,1.06
3312,0.975,1.1
3313,0.985,1.06
3314,0.98,1.08
3315,0.99,1.04
3316,0.99,1.04
3317,0.98,1.08
3318,0.99,1.04
3319,0.985,1.06
3320,0.97,1.12
3321,0.985,1.06
3322,0.985,1.06
3323,0.99,1.04
3324,0.98,1.08
3325,0.99,1.04
3326,0.99,1.04
3327,0.98,1.08
3328,0.975,1.1
3329,0.965,1.14
3330,0.985,1.06
3331,0.99,1.04
3332,0.98,1.08
3333,0.975,1.1
3334,0.975,1.1
3335,0.975,1.1
3336,0.985,1.06
3337,0.98,1.08
3338,0.995,1.02
3339,0.99,1.04
3340,0.975,1.1
3341,0.99,1.04
3342,0.985,1.06
3343,0.98,1.08
3344,0.985,1.06
3345,0.97,1.12
3346,0.995,1.02
3347,0.99,1.04
3348,0.985,1.06
3349,0.985,1.06
3350,0.985,1.06
3351,0.975,1.1
3352,0.985,1.06
3353,0.975,1.1
3354,0.98,1.08
3355,0.99,1.04
3356,0.985,1.06
3357,0.99,1.04
3358,0.99,1.04
3359,0.98,1.08
3360,0.98,1.08
3361,0.98,1.08
3362,0.985,1.06
3363,0.995,1.02
3364,0.975,1.1
3365,0.985,1.06
3366,0.98,1.08
3367,0.985,1.06
3368,0.98,1.08
3369,0.995,1.02
3370,0.99,1.04
3371,0.98,1.08
3372,0.99,1.04
3373,0.98,1.08
3374,0.99,1.04
3375,1.0,1.0
3376,0.985,1.06
3377,0.99,1.04
3378,0.96,1.16
3379,0.975,1.1
3380,0.975,1.1
3381,0.99,1.04
3382,0.98,1.08
3383,0.97,1.12
3384,0.98,1.08
3385,0.965,1.14
3386,0.985,1.06
3387,1.0,1.0
3388,0.99,1.04
3389,0.99,1.04
3390,0.965,1.14
3391,0.96,1.16
3392,0.99,1.04
3393,0.975,1.1
3394,0.99,1.04
3395,0.98,1.08
3396,0.975,1.1
3397,0.98,1.08
3398,0.99,1.04
3399,0.99,1.04
3400,0.99,1.04
3401,0.98,1.08
3402,0.985,1.06
3403,0.99,1.04
3404,0.985,1.06
3405,0.985,1.06
3406,0.995,1.02
3407,0.99,1.04
3408,0.98,1.08
3409,0.965,1.14
3410,0.965,1.14
3411,0.995,1.02
3412,0.99,1.04
3413,0.98,1.08
3414,0.985,1.06
3415,0.985,1.06
3416,1.0,1.0
3417,0.995,1.02
3418,0.99,1.04
3419,0.995,1.02
3420,0.985,1.06
3421,0.99,1.04
3422,0.985,1.06
3423,0.975,1.1
3424,0.98,1.08
3425,0.98,1.08
3426,0.99,1.04
3427,0.98,1.08
3428,0.985,1.06
3429,0.985,1.06
3430,0.985,1.06
3431,0.985,1.06
3432,0.985,1.06
3433,0.99,1.04
3434,0.98,1.08
3435,0.99,1.04
3436,0.99,1.04
3437,0.975,1.1
3438,0.995,1.02
3439,0.97,1.12
3440,0.975,1.1
3441,0.99,1.04
3442,0.99,1.04
3443,0.98,1.08
3444,0.99,1.04
3445,0.98,1.08
3446,0.975,1.1
3447,0.995,1.02
3448,0.975,1.1
3449,0.975,1.1
3450,0.985,1.06
3451,0.97,1.12
3452,0.99,1.04
3453,0.995,1.02
3454,0.995,1.02
3455,0.985,1.06
3456,0.97,1.12
3457,0.98,1.08
3458,0.985,1.06
3459,0.99,1.04
3460,0.975,1.1
3461,0.985,1.06
3462,0.995,1.02
3463,0.985,1.06
3464,0.985,1.06
3465,0.975,1.1
3466,1.0,1.0
3467,0.995,1.02
3468,0.985,1.06
3469,0.99,1.04
3470,0.985,1.06
3471,1.0,1.0
3472,0.98,1.08
3473,0.99,1.04
3474,0.98,1.08
3475,0.995,1.02
3476,0.99,1.04
3477,0.98,1.08
3478,0.99,1.04
3479,0.97,1.12
3480,0.995,1.02
3481,0.985,1.06
3482,0.98,1.08
3483,0.99,1.04
3484,0.975,1.1
3485,0.985,1.06
3486,0.98,1.08
3487,0.99,1.04
3488,0.995,1.02
3489,0.965,1.14
3490,0.975,1.1
3491,0.965,1.14
3492,0.985,1.06
3493,0.985,1.06
3494,0.99,1.04
3495,0.985,1.06
3496,0.99,1.04
3497,0.975,1.1
3498,0.98,1.08
3499,0.98,1.08
3500,0.98,1.08
3501,0.995,1.02
3502,0.99,1.04
3503,0.975,1.1
3504,0.95,1.2
3505,0.98,1.08
3506,0.99,1.04
3507,0.98,1.08
3508,0.98,1.08
3509,0.975,1.1
3510,0.995,1.02
3511,0.975,1.1
3512,0.99,1.04
3513,0.98,1.08
3514,0.97,1.12
3515,0.995,1.02
3516,0.985,1.06
3517,0.99,1.04
3518,0.99,1.04
3519,0.97,1.12
3520,0.965,1.14
3521,0.99,1.04
3522,0.995,1.02
3523,0.975,1.1
3524,0.97,1.12
3525,0.975,1.1
3526,0.98,1.08
3527,0.98,1.08
3528,0.97,1.12
3529,0.985,1.06
3530,0.985,1.06
3531,0.98,1.08
3532,0.985,1.06
3533,0.985,1.06
3534,0.965,1.14
3535,0.99,1.04
3536,0.99,1.04
3537,0.985,1.06
3538,0.98,1.08
3539,0.985,1.06
3540,0.99,1.04
3541,0.975,1.1
3542,0.985,1.06
3543,0.975,1.1
3544,0.985,1.06
3545,0.985,1.06
3546,0.985,1.06
3547,0.985,1.06
3548,0.975,1.1
3549,0.985,1.06
3550,0.985,1.06
3551,0.99,1.04
3552,0.99,1.04
3553,0.99,1.04
3554,0.99,1.04
3555,0.97,1.12
3556,0.985,1.06
3557,0.98,1.08
3558,0.98,1.08
3559,0.995,1.02
3560,0.975,1.1
3561,0.97,1.12
3562,0.98,1.08
3563,0.975,1.1
3564,0.995,1.02
3565,0.995,1.02
3566,0.98,1.08
3567,0.995,1.02
3568,0.97,1.12
3569,0.975,1.1
3570,0.96,1.16
3571,0.975,1.1
3572,0.99,1.04
3573,0.99,1.04
3574,0.98,1.08
3575,0.99,1.04
3576,0.995,1.02
3577,0.975,1.1
3578,0.985,1.06
3579,0.985,1.06
3580,0.98,1.08
3581,0.98,1.08
3582,0.99,1.04
3583,0.985,1.06
3584,0.985,1.06
3585,0.98,1.08
3586,0.99,1.04
3587,0.98,1.08
3588,0.985,1.06
3589,0.995,1.02
3590,0.98,1.08
3591,0.985,1.06
3592,0.965,1.14
3593,0.985,1.06
3594,0.99,1.04
3595,0.98,1.08
3596,0.98,1.08
3597,0.97,1.12
3598,0.985,1.06
3599,0.99,1.04
3600,0.985,1.06
3601,0.99,1.04
3602,0.98,1.08
3603,0.98,1.08
3604,0.99,1.04
3605,0.99,1.04
3606,0.985,1.06
3607,0.985,1.06
3608,0.975,1.1
3609,0.975,1.1
3610,0.98,1.08
3611,0.99,1.04
3612,0.98,1.08
3613,0.985,1.06
3614,0.99,1.04
3615,0.975,1.1
3616,0.99,1.04
3617,0.98,1.08
3618,1.0,1.0
3619,0.99,1.04
3620,0.98,1.08
3621,0.985,1.06
3622,0.98,1.08
3623,0.985,1.06
3624,0.995,1.02
3625,0.985,1.06
3626,0.98,1.08
3627,0.975,1.1
3628,0.995,1.02
3629,0.99,1.04
3630,0.985,1.06
3631,0.98,1.08
3632,0.99,1.04
3633,0.985,1.06
3634,0.985,1.06
3635,0.975,1.1
3636,0.965,1.14
3637,0.995,1.02
3638,0.985,1.06
3639,0.97,1.12
3640,0.975,1.1
3641,0.98,1.08
3642,0.985,1.06
3643,0.985,1.06
3644,0.995,1.02
3645,0.98,1.08
3646,0.98,1.08
3647,0.975,1.1
3648,0.975,1.1
3649,0.975,1.1
3650,0.99,1.04
3651,0.97,1.12
3652,0.985,1.06
3653,0.985,1.06
3654,0.99,1.04
3655,0.99,1.04
3656,0.975,1.1
3657,0.985,1.06
3658,0.98,1.08
3659,0.985,1.06
3660,0.985,1.06
3661,0.99,1.04
3662,0.995,1.02
3663,0.975,1.1
3664,0.975,1.1
3665,0.97,1.12
3666,0.98,1.08
3667,0.975,1.1
3668,0.99,1.04
3669,0.995,1.02
3670,0.995,1.02
3671,0.985,1.06
3672,0.985,1.06
3673,0.965,1.14
3674,0.975,1.1
3675,0.985,1.06
3676,0.97,1.12
3677,0.97,1.12
3678,0.985,1.06
3679,0.99,1.04
3680,1.0,1.0
3681,0.995,1.02
3682,0.975,1.1
3683,0.97,1.12
3684,0.99,1.04
3685,0.99,1.04
3686,0.99,1.04
3687,0.98,1.08
3688,0.99,1.04
3689,0.98,1.08
3690,0.975,1.1
3691,0.97,1.12
3692,0.985,1.06
3693,0.995,1.02
3694,0.995,1.02
3695,0.995,1.02
3696,0.97,1.12
3697,0.985,1.06
3698,0.975,1.1
3699,0.98,1.08
3700,0.98,1.08
3701,0.985,1.06
3702,0.98,1.08
3703,0.985,1.06
3704,0.98,1.08
3705,0.995,1.02
3706,0.985,1.06
3707,0.975,1.1
3708,0.98,1.08
3709,0.99,1.04
3710,0.995,1.02
3711,0.99,1.04
3712,0.99,1.04
3713,0.995,1.02
3714,0.98,1.08
3715,0.97,1.12
3716,0.985,1.06
3717,0.965,1.14
3718,0.97,1.12
3719,0.99,1.04
3720,0.975,1.1
3721,0.985,1.06
3722,0.97,1.12
3723,0.99,1.04
3724,0.975,1.1
3725,0.975,1.1
3726,0.985,1.06
3727,0.975,1.1
3728,0.99,1.04
3729,0.97,1.12
3730,0.985,1.06
3731,0.95,1.2
3732,0.98,1.08
3733,0.99,1.04
3734,0.99,1.04
3735,0.975,1.1
3736,0.98,1.08
3737,0.96,1.16
3738,0.985,1.06
3739,0.99,1.04
3740,0.975,1.1
3741,0.975,1.1
3742,0.99,1.04
3743,0.975,1.1
3744,0.99,1.04
3745,0.995,1.02
3746,0.985,1.06
3747,0.99,1.04
3748,0.985,1.06
3749,0.985,1.06
3750,0.975,1.1
3751,0.99,1.04
3752,0.99,1.04
3753,0.99,1.04
3754,0.99,1.04
3755,0.995,1.02
3756,0.985,1.06
3757,0.99,1.04
3758,0.985,1.06
3759,0.985,1.06
3760,0.97,1.12
3761,0.995,1.02
3762,0.99,1.04
3763,0.99,1.04
3764,0.975,1.1
3765,1.0,1.0
3766,0.99,1.04
3767,0.97,1.12
3768,0.97,1.12
3769,0.985,1.06
3770,0.975,1.1
3771,0.97,1.12
3772,0.975,1.1
3773,0.97,1.12
3774,0.975,1.1
3775,0.98,1.08
3776,0.985,1.06
3777,0.975,1.1
3778,0.98,1.08
3779,0.98,1.08
3780,0.985,1.06
3781,0.995,1.02
3782,0.99,1.04
3783,0.96,1.16
3784,0.975,1.1
3785,0.995,1.02
3786,0.98,1.08
3787,0.98,1.08
3788,0.97,1.12
3789,0.985,1.06
3790,0.975,1.1
3791,0.98,1.08
3792,0.985,1.06
3793,0.975,1.1
3794,0.99,1.04
3795,0.98,1.08
3796,0.96,1.16
3797,0.965,1.14
3798,0.985,1.06
3799,0.965,1.14
3800,0.975,1.1
3801,0.985,1.06
3802,0.98,1.08
3803,0.985,1.06
3804,0.985,1.06
3805,0.975,1.1
3806,0.975,1.1
3807,0.985,1.06
3808,0.98,1.08
3809,0.985,1.06
3810,0.975,1.1
3811,0.975,1.1
3812,0.985,1.06
3813,0.995,1.02
3814,0.995,1.02
3815,0.98,1.08
3816,0.98,1.08
3817,0.975,1.1
3818,0.985,1.06
3819,0.985,1.06
3820,0.985,1.06
3821,0.995,1.02
3822,0.975,1.1
3823,0.99,1.04
3824,0.985,1.06
3825,0.98,1.08
3826,0.985,1.06
3827,0.97,1.12
3828,0.965,1.14
3829,0.99,1.04
3830,0.97,1.12
3831,0.985,1.06
3832,0.975,1.1
3833,0.985,1.06
3834,0.985,1.06
3835,0.98,1.08
3836,0.975,1.1
3837,0.98,1.08
3838,0.985,1.06
3839,0.975,1.1
3840,0.985,1.06
3841,0.99,1.04
3842,0.99,1.04
3843,0.995,1.02
3844,0.98,1.08
3845,0.98,1.08
3846,0.975,1.1
3847,0.96,1.16
3848,0.985,1.06
3849,0.975,1.1
3850,0.975,1.1
3851,0.975,1.1
3852,0.985,1.06
3853,0.98,1.08
3854,0.99,1.04
3855,0.97,1.12
3856,0.985,1.06
3857,0.975,1.1
3858,0.97,1.12
3859,0.985,1.06
3860,0.98,1.08
3861,0.995,1.02
3862,0.995,1.02
3863,0.98,1.08
3864,0.975,1.1
3865,0.99,1.04
3866,0.985,1.06
3867,0.98,1.08
3868,0.995,1.02
3869,0.97,1.12
3870,0.975,1.1
3871,0.98,1.08
3872,0.98,1.08
3873,0.95,1.2
3874,0.97,1.12
3875,0.975,1.1
3876,0.985,1.06
3877,0.985,1.06
3878,0.975,1.1
3879,0.985,1.06
3880,0.995,1.02
3881,0.985,1.06
3882,0.99,1.04
3883,0.98,1.08
3884,0.975,1.1
3885,0.985,1.06
3886,0.98,1.08
3887,0.98,1.08
3888,0.99,1.04
3889,0.99,1.04
3890,0.99,1.04
3891,0.97,1.12
3892,0.99,1.04
3893,0.97,1.12
3894,0.97,1.12
3895,0.99,1.04
3896,0.99,1.04
3897,0.98,1.08
3898,0.985,1.06
3899,0.98,1.08
3900,0.995,1.02
3901,0.98,1.08
3902,0.99,1.04
3903,0.98,1.08
3904,0.97,1.12
3905,0.985,1.06
3906,0.97,1.12
3907,0.98,1.08
3908,0.975,1.1
3909,0.97,1.12
3910,0.985,1.06
3911,0.99,1.04
3912,0.975,1.1
3913,0.985,1.06
3914,0.99,1.04
3915,0.985,1.06
3916,0.985,1.06
3917,0.985,1.06
3918,0.98,1.08
3919,0.98,1.08
3920,0.985,1.06
3921,0.98,1.08
3922,0.975,1.1
3923,0.98,1.08
3924,1.0,1.0
3925,0.99,1.04
3926,0.985,1.06
3927,0.99,1.04
3928,0.98,1.08
3929,0.97,1.12
3930,0.98,1.08
3931,0.97,1.12
3932,0.975,1.1
3933,0.985,1.06
3934,0.985,1.06
3935,0.98,1.08
3936,0.98,1.08
3937,0.98,1.08
3938,0.97,1.12
3939,0.99,1.04
3940,0.98,1.08
3941,0.97,1.12
3942,0.985,1.06
3943,0.99,1.04
3944,0.985,1.06
3945,0.98,1.08
3946,0.97,1.12
3947,0.98,1.08
3948,0.975,1.1
3949,0.965,1.14
3950,0.99,1.04
3951,0.99,1.04
3952,0.99,1.04
3953,0.965,1.14
3954,0.975,1.1
3955,0.965,1.14
3956,0.975,1.1
3957,0.98,1.08
3958,0.975,1.1
3959,0.985,1.06
3960,0.975,1.1
3961,0.975,1.1
3962,0.975,1.1
3963,0.99,1.04
3964,0.97,1.12
3965,0.98,1.08
3966,0.965,1.14
3967,0.975,1.1
3968,0.99,1.04
3969,0.96,1.16
3970,0.99,1.04
3971,0.985,1.06
3972,0.99,1.04
3973,0.99,1.04
3974,0.99,1.04
3975,0.99,1.04
3976,0.975,1.1
3977,0.975,1.1
3978,0.975,1.1
3979,0.99,1.04
3980,0.99,1.04
3981,0.97,1.12
3982,0.985,1.06
3983,0.99,1.04
3984,0.99,1.04
3985,0.98,1.08
3986,0.975,1.1
3987,0.99,1.04
3988,0.96,1.16
3989,0.985,1.06
3990,0.985,1.06
3991,0.99,1.04
3992,0.99,1.04
3993,0.975,1.1
3994,0.995,1.02
3995,0.975,1.1
3996,0.985,1.06
3997,0.98,1.08
3998,0.995,1.02
3999,0.995,1.02
4000,0.985,1.06
4001,0.99,1.04
4002,0.98,1.08
4003,0.975,1.1
4004,0.975,1.1
4005,0.98,1.08
4006,0.99,1.04
4007,0.97,1.12
4008,0.975,1.1
4009,0.975,1.1
4010,0.98,1.08
4011,0.99,1.04
4012,0.975,1.1
4013,0.98,1.08
4014,0.99,1.04
4015,0.99,1.04
4016,0.98,1.08
4017,0.975,1.1
4018,0.985,1.06
4019,0.995,1.02
4020,0.985,1.06
4021,0.99,1.04
4022,0.99,1.04
4023,0.95,1.2
4024,0.975,1.1
4025,0.985,1.06
4026,0.985,1.06
4027,0.99,1.04
4028,0.99,1.04
4029,0.99,1.04
4030,0.975,1.1
4031,0.98,1.08
4032,0.945,1.22
4033,0.985,1.06
4034,0.985,1.06
4035,0.97,1.12
4036,0.985,1.06
4037,0.98,1.08
4038,0.97,1.12
4039,0.995,1.02
4040,0.98,1.08
4041,0.98,1.08
4042,0.97,1.12
4043,0.975,1.1
4044,0.99,1.04
4045,0.98,1.08
4046,0.975,1.1
4047,0.98,1.08
4048,0.99,1.04
4049,0.995,1.02
4050,1.0,1.0
4051,0.97,1.12
4052,0.97,1.12
4053,0.97,1.12
4054,0.99,1.04
4055,0.975,1.1
4056,0.975,1.1
4057,0.985,1.06
4058,0.99,1.04
4059,0.975,1.1
4060,0.99,1.04
4061,0.98,1.08
4062,0.975,1.1
4063,0.985,1.06
4064,0.98,1.08
4065,0.99,1.04
4066,0.99,1.04
4067,0.995,1.02
4068,0.985,1.06
4069,0.985,1.06
4070,0.985,1.06
4071,0.97,1.12
4072,0.975,1.1
4073,0.985,1.06
4074,0.98,1.08
4075,0.98,1.08
4076,0.975,1.1
4077,0.995,1.02
4078,0.995,1.02
4079,0.985,1.06
4080,0.96,1.16
4081,0.98,1.08
4082,0.97,1.12
4083,0.965,1.14
4084,0.975,1.1
4085,0.985,1.06
4086,0.975,1.1
4087,0.985,1.06
4088,0.955,1.18
4089,0.985,1.06
4090,0.955,1.18
4091,0.965,1.14
4092,0.985,1.06
4093,0.985,1.06
4094,0.99,1.04
4095,0.975,1.1
4096,0.965,1.14
4097,0.975,1.1
4098,0.965,1.14
4099,0.99,1.04
4100,0.995,1.02
4101,0.99,1.04
4102,0.98,1.08
4103,0.985,1.06
4104,0.95,1.2
4105,0.985,1.06
4106,0.98,1.08
4107,0.985,1.06
4108,0.99,1.04
4109,0.98,1.08
4110,0.99,1.04
4111,0.98,1.08
4112,0.99,1.04
4113,0.98,1.08
4114,0.97,1.12
4115,0.99,1.04
4116,0.96,1.16
4117,0.985,1.06
4118,0.99,1.04
4119,0.975,1.1
4120,0.975,1.1
4121,0.99,1.04
4122,0.98,1.08
4123,0.99,1.04
4124,0.975,1.1
4125,0.96,1.16
4126,0.985,1.06
4127,0.96,1.16
4128,0.965,1.14
4129,0.96,1.16
4130,0.95,1.2
4131,0.96,1.16
4132,0.985,1.06
4133,0.98,1.08
4134,0.98,1.08
4135,0.99,1.04
4136,0.98,1.08
4137,0.985,1.06
4138,0.975,1.1
4139,0.935,1.26
4140,0.99,1.04
4141,0.975,1.1
4142,0.99,1.04
4143,0.98,1.08
4144,0.975,1.1
4145,0.995,1.02
4146,0.975,1.1
4147,0.995,1.02
4148,0.985,1.06
4149,0.985,1.06
4150,0.97,1.12
4151,0.99,1.04
4152,0.985,1.06
4153,0.985,1.06
4154,0.975,1.1
4155,0.975,1.1
4156,0.98,1.08
4157,0.99,1.04
4158,0.99,1.04
4159,0.975,1.1
4160,0.995,1.02
4161,0.985,1.06
4162,0.995,1.02
4163,0.99,1.04
4164,0.97,1.12
4165,0.98,1.08
4166,0.985,1.06
4167,0.98,1.08
4168,0.98,1.08
4169,0.985,1.06
4170,0.975,1.1
4171,0.965,1.14
4172,0.99,1.04
4173,0.99,1.04
4174,1.0,1.0
4175,0.965,1.14
4176,0.94,1.24
4177,0.985,1.06
4178,0.975,1.1
4179,0.99,1.04
4180,0.99,1.04
4181,0.98,1.08
4182,0.985,1.06
4183,0.985,1.06
4184,0.98,1.08
4185,0.975,1.1
4186,0.975,1.1
4187,0.95,1.2
4188,0.965,1.14
4189,0.985,1.06
4190,0.95,1.2
4191,0.995,1.02
4192,0.975,1.1
4193,0.985,1.06
4194,0.975,1.1
4195,0.985,1.06
4196,0.975,1.1
4197,0.975,1.1
4198,0.99,1.04
4199,0.985,1.06
4200,0.985,1.06
4201,0.99,1.04
4202,0.995,1.02
4203,0.98,1.08
4204,0.98,1.08
4205,0.985,1.06
4206,0.99,1.04
4207,0.985,1.06
4208,0.99,1.04
4209,0.97,1.12
4210,0.985,1.06
4211,0.98,1.08
4212,0.99,1.04
4213,0.98,1.08
4214,0.995,1.02
4215,0.99,1.04
4216,0.985,1.06
4217,0.975,1.1
4218,0.985,1.06
4219,0.97,1.12
4220,0.985,1.06
4221,0.99,1.04
4222,0.98,1.08
4223,0.985,1.06
4224,0.96,1.16
4225,0.97,1.12
4226,0.97,1.12
4227,0.975,1.1
4228,0.975,1.1
4229,0.97,1.12
4230,0.995,1.02
4231,0.97,1.12
4232,0.965,1.14
4233,0.975,1.1
4234,0.985,1.06
4235,0.975,1.1
4236,0.985,1.06
4237,0.98,1.08
4238,0.99,1.04
4239,0.985,1.06
4240,0.99,1.04
4241,0.995,1.02
4242,0.985,1.06
4243,0.99,1.04
4244,0.98,1.08
4245,0.985,1.06
4246,0.985,1.06
4247,0.98,1.08
4248,0.98,1.08
4249,0.965,1.14
4250,0.985,1.06
4251,0.98,1.08
4252,0.975,1.1
4253,0.99,1.04
4254,0.985,1.06
4255,0.98,1.08
4256,0.96,1.16
4257,0.99,1.04
4258,0.995,1.02
4259,0.97,1.12
4260,0.965,1.14
4261,0.98,1.08
4262,0.99,1.04
4263,0.97,1.12
4264,0.99,1.04
4265,0.98,1.08
4266,0.96,1.16
4267,0.98,1.08
4268,0.995,1.02
4269,0.975,1.1
4270,0.97,1.12
4271,0.985,1.06
4272,0.965,1.14
4273,0.975,1.1
4274,0.985,1.06
4275,0.97,1.12
4276,0.975,1.1
4277,0.975,1.1
4278,0.975,1.1
4279,0.99,1.04
4280,0.985,1.06
4281,0.985,1.06
4282,0.985,1.06
4283,0.98,1.08
4284,0.98,1.08
4285,0.98,1.08
4286,0.96,1.16
4287,0.97,1.12
4288,0.98,1.08
4289,0.99,1.04
4290,0.98,1.08
4291,0.985,1.06
4292,0.97,1.12
4293,0.99,1.04
4294,0.985,1.06
4295,0.99,1.04
4296,0.975,1.1
4297,0.98,1.08
4298,0.975,1.1
4299,0.99,1.04
4300,0.96,1.16
4301,0.985,1.06
4302,0.965,1.14
4303,0.98,1.08
4304,0.985,1.06
4305,0.975,1.1
4306,0.975,1.1
4307,0.995,1.02
4308,0.98,1.08
4309,0.985,1.06
4310,0.975,1.1
4311,0.985,1.06
4312,0.975,1.1
4313,0.985,1.06
4314,0.965,1.14
4315,0.95,1.2
4316,0.98,1.08
4317,1.0,1.0
4318,0.98,1.08
4319,0.97,1.12
4320,0.99,1.04
4321,0.99,1.04
4322,0.96,1.16
4323,0.975,1.1
4324,0.99,1.04
4325,0.98,1.08
4326,0.97,1.12
4327,0.99,1.04
4328,0.985,1.06
4329,0.985,1.06
4330,0.975,1.1
4331,0.97,1.12
4332,0.975,1.1
4333,0.98,1.08
4334,0.995,1.02
4335,0.985,1.06
4336,0.965,1.14
4337,0.985,1.06
4338,0.975,1.1
4339,0.975,1.1
4340,0.985,1.06
4341,0.99,1.04
4342,0.99,1.04
4343,0.985,1.06
4344,0.99,1.04
4345,0.985,1.06
4346,0.975,1.1
4347,0.985,1.06
4348,0.975,1.1
4349,0.985,1.06
4350,0.975,1.1
4351,0.99,1.04
4352,0.975,1.1
4353,0.98,1.08
4354,0.975,1.1
4355,0.99,1.04
4356,0.985,1.06
4357,0.975,1.1
4358,0.99,1.04
4359,0.965,1.14
4360,0.965,1.14
4361,0.985,1.06
4362,0.985,1.06
4363,0.985,1.06
4364,0.98,1.08
4365,0.98,1.08
4366,0.975,1.1
4367,0.95,1.2
4368,0.955,1.18
4369,0.98,1.08
4370,0.985,1.06
4371,0.98,1.08
4372,0.99,1.04
4373,0.99,1.04
4374,0.98,1.08
4375,0.985,1.06
4376,0.985,1.06
4377,0.995,1.02
4378,0.965,1.14
4379,0.99,1.04
4380,0.97,1.12
4381,1.0,1.0
4382,0.99,1.04
4383,0.995,1.02
4384,0.98,1.08
4385,0.97,1.12
4386,0.965,1.14
4387,0.975,1.1
4388,0.975,1.1
4389,0.99,1.04
4390,0.965,1.14
4391,0.98,1.08
4392,0.97,1.12
4393,0.99,1.04
4394,0.98,1.08
4395,0.97,1.12
4396,0.965,1.14
4397,0.975,1.1
4398,0.975,1.1
4399,1.0,1.0
4400,0.985,1.06
4401,1.0,1.0
4402,0.985,1.06
4403,0.98,1.08
4404,0.985,1.06
4405,0.97,1.12
4406,0.955,1.18
4407,0.975,1.1
4408,0.99,1.04
4409,0.975,1.1
4410,0.97,1.12
4411,0.99,1.04
4412,0.975,1.1
4413,0.98,1.08
4414,0.955,1.18
4415,0.97,1.12
4416,0.965,1.14
4417,0.985,1.06
4418,0.975,1.1
4419,0.975,1.1
4420,0.98,1.08
4421,0.985,1.06
4422,0.975,1.1
4423,0.98,1.08
4424,0.97,1.12
4425,0.99,1.04
4426,0.97,1.12
4427,0.98,1.08
4428,0.985,1.06
4429,0.96,1.16
4430,0.97,1.12
4431,0.99,1.04
4432,0.985,1.06
4433,0.985,1.06
4434,0.99,1.04
4435,0.98,1.08
4436,0.98,1.08
4437,0.985,1.06
4438,0.985,1.06
4439,0.985,1.06
4440,0.99,1.04
4441,0.995,1.02
4442,0.995,1.02
4443,0.985,1.06
4444,0.99,1.04
4445,0.965,1.14
4446,0.98,1.08
4447,0.98,1.08
4448,0.99,1.04
4449,0.985,1.06
4450,0.99,1.04
4451,0.985,1.06
4452,0.985,1.06
4453,0.965,1.14
4454,0.985,1.06
4455,0.965,1.14
4456,0.965,1.14
4457,0.945,1.22
4458,0.985,1.06
4459,0.975,1.1
4460,1.0,1.0
4461,0.965,1.14
4462,0.97,1.12
4463,0.975,1.1
4464,0.99,1.04
4465,0.97,1.12
4466,0.975,1.1
4467,0.975,1.1
4468,0.99,1.04
4469,0.99,1.04
4470,0.98,1.08
4471,0.965,1.14
4472,0.99,1.04
4473,0.98,1.08
4474,0.975,1.1
4475,0.97,1.12
4476,0.97,1.12
4477,0.975,1.1
4478,0.99,1.04
4479,0.97,1.12
4480,0.98,1.08
4481,0.985,1.06
4482,0.975,1.1
4483,0.98,1.08
4484,0.99,1.04
4485,0.99,1.04
4486,0.96,1.16
4487,0.98,1.08
4488,0.99,1.04
4489,0.995,1.02
4490,0.97,1.12
4491,0.985,1.06
4492,0.99,1.04
4493,0.985,1.06
4494,0.985,1.06
4495,0.995,1.02
4496,0.965,1.14
4497,0.98,1.08
4498,0.995,1.02
4499,0.965,1.14
4500,0.975,1.1
4501,0.99,1.04
4502,0.985,1.06
4503,0.98,1.08
4504,0.975,1.1
4505,0.975,1.1
4506,0.98,1.08
4507,0.975,1.1
4508,0.98,1.08
4509,0.98,1.08
4510,0.965,1.14
4511,0.99,1.04
4512,0.985,1.06
4513,0.975,1.1
4514,0.98,1.08
4515,0.975,1.1
4516,0.98,1.08
4517,0.98,1.08
4518,0.99,1.04
4519,0.975,1.1
4520,0.98,1.08
4521,0.98,1.08
4522,0.98,1.08
4523,0.975,1.1
4524,0.98,1.08
4525,0.99,1.04
4526,0.99,1.04
4527,0.97,1.12
4528,0.99,1.04
4529,0.99,1.04
4530,0.99,1.04
4531,0.98,1.08
4532,0.975,1.1
4533,0.98,1.08
4534,0.975,1.1
4535,0.985,1.06
4536,0.975,1.1
4537,0.975,1.1
4538,0.965,1.14
4539,0.99,1.04
4540,0.995,1.02
4541,0.98,1.08
4542,0.99,1.04
4543,0.965,1.14
4544,0.975,1.1
4545,0.99,1.04
4546,0.985,1.06
4547,0.98,1.08
4548,0.98,1.08
4549,0.975,1.1
4550,0.985,1.06
4551,0.98,1.08
4552,0.98,1.08
4553,0.98,1.08
4554,0.985,1.06
4555,0.98,1.08
4556,0.985,1.06
4557,0.975,1.1
4558,0.99,1.04
4559,0.985,1.06
4560,0.99,1.04
4561,0.975,1.1
4562,0.985,1.06
4563,0.97,1.12
4564,0.985,1.06
4565,0.985,1.06
4566,0.975,1.1
4567,0.975,1.1
4568,0.97,1.12
4569,0.97,1.12
4570,0.985,1.06
4571,0.975,1.1
4572,0.945,1.22
4573,0.995,1.02
4574,0.99,1.04
4575,0.965,1.14
4576,0.955,1.18
4577,0.985,1.06
4578,0.99,1.04
4579,0.97,1.12
4580,0.985,1.06
4581,0.97,1.12
4582,0.975,1.1
4583,0.995,1.02
4584,0.98,1.08
4585,0.985,1.06
4586,0.975,1.1
4587,0.97,1.12
4588,0.98,1.08
4589,0.985,1.06
4590,0.975,1.1
4591,0.97,1.12
4592,1.0,1.0
4593,0.985,1.06
4594,0.97,1.12
4595,0.98,1.08
4596,0.955,1.18
4597,0.985,1.06
4598,0.98,1.08
4599,0.985,1.06
4600,0.97,1.12
4601,0.97,1.12
4602,0.99,1.04
4603,0.985,1.06
4604,0.99,1.04
4605,0.99,1.04
4606,0.985,1.06
4607,0.985,1.06
4608,0.97,1.12
4609,0.98,1.08
4610,0.985,1.06
4611,0.985,1.06
4612,0.97,1.12
4613,0.97,1.12
4614,0.945,1.22
4615,0.99,1.04
4616,0.985,1.06
4617,0.96,1.16
4618,0.99,1.04
4619,0.95,1.2
4620,0.995,1.02
4621,0.975,1.1
4622,0.965,1.14
4623,0.98,1.08
4624,0.985,1.06
4625,0.995,1.02
4626,0.97,1.12
4627,0.955,1.18
4628,0.975,1.1
4629,0.975,1.1
4630,0.975,1.1
4631,0.97,1.12
4632,0.99,1.04
4633,0.975,1.1
4634,0.975,1.1
4635,0.955,1.18
4636,0.97,1.12
4637,0.96,1.16
4638,0.99,1.04
4639,0.98,1.08
4640,0.985,1.06
4641,0.985,1.06
4642,0.945,1.22
4643,0.97,1.12
4644,0.98,1.08
4645,0.965,1.14
4646,0.975,1.1
4647,0.97,1.12
4648,0.995,1.02
4649,0.98,1.08
4650,0.97,1.12
4651,0.96,1.16
4652,0.99,1.04
4653,0.975,1.1
4654,0.975,1.1
4655,0.97,1.12
4656,0.975,1.1
4657,0.98,1.08
4658,0.965,1.14
4659,0.965,1.14
4660,0.945,1.22
4661,0.97,1.12
4662,0.99,1.04
4663,0.97,1.12
4664,0.965,1.14
4665,0.975,1.1
4666,0.965,1.14
4667,0.98,1.08
4668,0.97,1.12
4669,0.99,1.04
4670,0.955,1.18
4671,0.985,1.06
4672,0.99,1.04
4673,0.975,1.1
4674,0.985,1.06
4675,0.975,1.1
4676,0.975,1.1
4677,0.985,1.06
4678,0.98,1.08
4679,0.97,1.12
4680,0.96,1.16
4681,0.975,1.1
4682,0.955,1.18
4683,0.98,1.08
4684,0.99,1.04
4685,0.985,1.06
4686,0.975,1.1
4687,0.98,1.08
4688,1.0,1.0
4689,0.935,1.26
4690,0.975,1.1
4691,0.96,1.16
4692,0.975,1.1
4693,0.99,1.04
4694,0.97,1.12
4695,0.97,1.12
4696,0.975,1.1
4697,0.99,1.04
4698,0.98,1.08
4699,0.995,1.02
4700,0.97,1.12
4701,0.945,1.22
4702,0.995,1.02
4703,0.975,1.1
4704,0.945,1.22
4705,0.985,1.06
4706,0.96,1.16
4707,0.985,1.06
4708,0.945,1.22
4709,0.95,1.2
4710,0.975,1.1
4711,0.975,1.1
4712,0.97,1.12
4713,0.985,1.06
4714,0.985,1.06
4715,0.97,1.12
4716,0.98,1.08
4717,0.99,1.04
4718,0.99,1.04
4719,0.96,1.16
4720,0.985,1.06
4721,0.965,1.14
4722,0.985,1.06
4723,0.985,1.06
4724,0.975,1.1
4725,0.945,1.22
4726,0.985,1.06
4727,0.94,1.24
4728,0.985,1.06
4729,0.965,1.14
4730,0.94,1.24
4731,0.97,1.12
4732,0.96,1.16
4733,0.955,1.18
4734,0.97,1.12
4735,0.925,1.3
4736,0.96,1.16
4737,0.98,1.08
4738,0.975,1.1
4739,0.95,1.2
4740,0.94,1.24
4741,0.98,1.08
4742,0.96,1.16
4743,0.955,1.18
4744,0.97,1.12
4745,0.995,1.02
4746,1.0,1.0
4747,0.96,1.16
4748,0.965,1.14
4749,0.975,1.1
4750,0.995,1.02
4751,0.965,1.14
4752,0.98,1.08
4753,0.985,1.06
4754,0.955,1.18
4755,0.975,1.1
4756,0.93,1.28
4757,0.945,1.22
4758,0.925,1.3
4759,0.965,1.14
4760,0.98,1.08
4761,0.97,1.12
4762,0.985,1.06
4763,0.955,1.18
4764,0.975,1.1
4765,0.975,1.1
4766,0.95,1.2
4767,0.955,1.18
4768,0.95,1.2
4769,0.955,1.18
4770,0.96,1.16
4771,0.945,1.22
4772,0.965,1.14
4773,0.98,1.08
4774,0.95,1.2
4775,0.96,1.16
4776,0.965,1.14
4777,0.935,1.26
4778,0.975,1.1
4779,0.97,1.12
4780,0.975,1.1
4781,0.945,1.22
4782,0.945,1.22
4783,0.96,1.16
4784,0.955,1.18
4785,0.96,1.16
4786,0.925,1.3
4787,0.975,1.1
4788,0.965,1.14
4789,0.975,1.1
4790,0.94,1.24
4791,0.95,1.2
4792,0.955,1.18
4793,0.975,1.1
4794,0.965,1.14
4795,0.97,1.12
4796,0.975,1.1
4797,0.945,1.22
4798,0.97,1.12
4799,0.935,1.26
4800,0.925,1.3
4801,0.97,1.12
4802,0.975,1.1
4803,0.965,1.14
4804,0.83,1.68
4805,0.935,1.26
4806,0.98,1.08
4807,0.96,1.16
4808,0.96,1.16
4809,0.965,1.14
4810,0.895,1.42
4811,0.945,1.22
4812,0.905,1.38
4813,0.945,1.22
4814,0.955,1.18
4815,0.92,1.32
4816,0.97,1.12
4817,0.93,1.28
4818,0.875,1.5
4819,0.835,1.66
4820,0.86,1.56
4821,0.895,1.42
4822,0.965,1.14
4823,0.91,1.36
4824,0.785,1.86
4825,0.965,1.14
4826,0.9,1.4
4827,0.19,4.24
4828,0.775,1.9
4829,0.585,2.66
4830,0.61,2.56
4831,0.725,2.1
4832,0.03,4.88
4833,0.03,4.88
4834,0.02,4.92
4835,0.035,4.86
4836,0.03,4.88
4837,0.035,4.86
4838,0.01,4.96
4839,0.015,4.94
4840,0.02,4.92
4841,0.005,4.98
4842,0.015,4.94
4843,0.015,4.94
4844,0.02,4.92
4845,0.015,4.94
4846,0.015,4.94
4847,0.025,4.9
4848,0.015,4.94
4849,0.025,4.9
4850,0.015,4.94
4851,0.015,4.94
4852,0.02,4.92
4853,0.01,4.96
4854,0.01,4.96
4855,0.01,4.96
4856,0.005,4.98
4857,0.02,4.92
4858,0.005,4.98
4859,0.005,4.98
4860,0.005,4.98
4861,0.005,4.98
4862,0.005,4.98
4863,0.005,4.98
4864,0.01,4.96
4865,0.01,4.96
4866,0.01,4.96
4867,0.005,4.98
4868,0.005,4.98
4869,0.005,4.98
4870,0.01,4.96
4871,0.005,4.98
4872,0.0,5.0
4873,0.01,4.96
4874,0.015,4.94
4875,0.01,4.96
4876,0.015,4.94
4877,0.005,4.98
4878,0.005,4.98
4879,0.01,4.96
4880,0.005,4.98
4881,0.005,4.98
4882,0.005,4.98
4883,0.01,4.96
4884,0.005,4.98
4885,0.01,4.96
4886,0.01,4.96
4887,0.01,4.96
4888,0.0,5.0
4889,0.01,4.96
4890,0.0,5.0
4891,0.01,4.96
4892,0.01,4.96
4893,0.005,4.98
4894,0.005,4.98
4895,0.005,4.98
4896,0.01,4.96
4897,0.005,4.98
4898,0.015,4.94
4899,0.005,4.98
4900,0.0,5.0
4901,0.01,4.96
4902,0.01,4.96
4903,0.01,4.96
4904,0.01,4.96
4905,0.005,4.98
4906,0.005,4.98
4907,0.005,4.98
4908,0.005,4.98
4909,0.0,5.0
4910,0.005,4.98
4911,0.0,5.0
4912,0.0,5.0
4913,0.01,4.96
4914,0.005,4.98
4915,0.005,4.98
4916,0.005,4.98
4917,0.005,4.98
4918,0.01,4.96
4919,0.005,4.98
4920,0.01,4.96
4921,0.005,4.98
4922,0.005,4.98
4923,0.005,4.98
4924,0.01,4.96
4925,0.005,4.98
4926,0.005,4.98
4927,0.0,5.0
4928,0.005,4.98
4929,0.005,4.98
4930,0.005,4.98
4931,0.005,4.98
4932,0.005,4.98
4933,0.005,4.98
4934,0.0,5.0
4935,0.005,4.98
4936,0.005,4.98
4937,0.01,4.96
4938,0.005,4.98
4939,0.005,4.98
4940,0.005,4.98
4941,0.0,5.0
4942,0.01,4.96
4943,0.01,4.96
4944,0.01,4.96
4945,0.015,4.94
4946,0.005,4.98
4947,0.005,4.98
4948,0.01,4.96
4949,0.015,4.94
4950,0.01,4.96
4951,0.01,4.96
4952,0.005,4.98
4953,0.0,5.0
4954,0.005,4.98
4955,0.005,4.98
4956,0.005,4.98
4957,0.005,4.98
4958,0.0,5.0
4959,0.005,4.98
4960,0.005,4.98
4961,0.01,4.96
4962,0.005,4.98
4963,0.005,4.98
4964,0.0,5.0
4965,0.01,4.96
4966,0.01,4.96
4967,0.01,4.96
4968,0.005,4.98
4969,0.005,4.98
4970,0.005,4.98
4971,0.01,4.96
4972,0.01,4.96
4973,0.01,4.96
4974,0.0,5.0
4975,0.005,4.98
4976,0.005,4.98
4977,0.005,4.98
4978,0.005,4.98
4979,0.01,4.96
4980,0.0,5.0
4981,0.005,4.98
4982,0.005,4.98
4983,0.005,4.98
4984,0.005,4.98
4985,0.01,4.96
4986,0.01,4.96
4987,0.01,4.96
4988,0.005,4.98
4989,0.01,4.96
4990,0.005,4.98
4991,0.005,4.98
4992,0.01,4.96
4993,0.01,4.96
4994,0.005,4.98
4995,0.01,4.96
4996,0.005,4.98
4997,0.01,4.96
4998,0.0,5.0
4999,0.005,4.98
