,NeuralAgentOpMe_TitFTatAgent_rng,TitFTatAgent
0,2.4,2.4
1,2.335,2.31
2,2.385,2.36
3,2.41,2.36
4,2.46,2.435
5,2.385,2.36
6,2.35,2.325
7,2.39,2.39
8,2.315,2.29
9,2.32,2.27
10,2.395,2.345
11,2.415,2.39
12,2.34,2.315
13,2.315,2.315
14,2.26,2.235
15,2.41,2.36
16,2.405,2.405
17,2.35,2.325
18,2.44,2.415
19,2.26,2.26
20,2.335,2.285
21,2.335,2.335
22,2.205,2.205
23,2.405,2.38
24,2.28,2.28
25,2.265,2.215
26,2.39,2.39
27,2.265,2.215
28,2.25,2.2
29,2.34,2.34
30,2.325,2.325
31,2.235,2.235
32,2.295,2.245
33,2.25,2.225
34,2.425,2.425
35,2.355,2.33
36,2.43,2.405
37,2.3,2.275
38,2.455,2.43
39,2.355,2.33
40,2.355,2.355
41,2.395,2.37
42,2.4,2.375
43,2.32,2.32
44,2.52,2.47
45,2.445,2.42
46,2.405,2.405
47,2.4,2.375
48,2.395,2.37
49,2.43,2.38
50,2.405,2.355
51,2.185,2.185
52,2.33,2.33
53,2.315,2.315
54,2.44,2.39
55,2.36,2.335
56,2.4,2.375
57,2.445,2.395
58,2.34,2.315
59,2.26,2.235
60,2.375,2.375
61,2.28,2.255
62,2.255,2.255
63,2.375,2.375
64,2.465,2.44
65,2.355,2.33
66,2.19,2.165
67,2.235,2.21
68,2.33,2.305
69,2.385,2.385
70,2.39,2.39
71,2.325,2.3
72,2.33,2.33
73,2.45,2.4
74,2.295,2.295
75,2.375,2.325
76,2.28,2.28
77,2.335,2.31
78,2.22,2.22
79,2.38,2.38
80,2.3,2.25
81,2.225,2.2
82,2.285,2.26
83,2.415,2.415
84,2.37,2.345
85,2.39,2.39
86,2.27,2.22
87,2.395,2.37
88,2.365,2.365
89,2.29,2.24
90,2.275,2.25
91,2.335,2.285
92,2.315,2.29
93,2.26,2.21
94,2.235,2.21
95,2.385,2.335
96,2.285,2.26
97,2.35,2.35
98,2.32,2.27
99,2.285,2.235
100,2.325,2.325
101,2.26,2.235
102,2.215,2.19
103,2.365,2.34
104,2.475,2.475
105,2.355,2.33
106,2.235,2.21
107,2.32,2.32
108,2.29,2.24
109,2.3,2.25
110,2.425,2.425
111,2.175,2.175
112,2.3,2.25
113,2.37,2.32
114,2.26,2.26
115,2.18,2.13
116,2.425,2.375
117,2.35,2.325
118,2.245,2.245
119,2.39,2.365
120,2.275,2.25
121,2.2,2.2
122,2.27,2.245
123,2.335,2.31
124,2.255,2.23
125,2.34,2.29
126,2.435,2.385
127,2.38,2.33
128,2.255,2.255
129,2.205,2.18
130,2.41,2.385
131,2.395,2.37
132,2.33,2.305
133,2.27,2.27
134,2.27,2.245
135,2.47,2.42
136,2.155,2.13
137,2.39,2.34
138,2.165,2.14
139,2.4,2.35
140,2.29,2.29
141,2.23,2.18
142,2.075,2.075
143,2.33,2.305
144,2.285,2.26
145,2.215,2.19
146,2.245,2.245
147,2.29,2.29
148,2.165,2.165
149,2.36,2.335
150,2.355,2.305
151,2.285,2.285
152,2.315,2.29
153,2.29,2.29
154,2.35,2.35
155,2.29,2.24
156,2.295,2.27
157,2.245,2.22
158,2.34,2.34
159,2.345,2.345
160,2.275,2.25
161,2.385,2.335
162,2.455,2.405
163,2.29,2.29
164,2.385,2.36
165,2.325,2.3
166,2.295,2.27
167,2.205,2.155
168,2.44,2.44
169,2.33,2.28
170,2.385,2.335
171,2.24,2.19
172,2.3,2.275
173,2.2,2.175
174,2.325,2.275
175,2.34,2.315
176,2.235,2.235
177,2.21,2.185
178,2.305,2.28
179,2.31,2.285
180,2.25,2.2
181,2.225,2.225
182,2.405,2.38
183,2.27,2.245
184,2.23,2.205
185,2.38,2.38
186,2.375,2.35
187,2.305,2.305
188,2.215,2.19
189,2.065,2.04
190,2.33,2.305
191,2.205,2.205
192,2.23,2.205
193,2.285,2.285
194,2.175,2.15
195,2.205,2.155
196,2.28,2.255
197,2.28,2.255
198,2.37,2.345
199,2.39,2.39
200,2.165,2.165
201,2.305,2.305
202,2.285,2.26
203,2.23,2.18
204,2.205,2.18
205,2.36,2.335
206,2.2,2.175
207,2.315,2.315
208,2.165,2.115
209,2.22,2.195
210,2.22,2.195
211,2.24,2.215
212,2.205,2.18
213,2.255,2.255
214,2.21,2.185
215,2.415,2.365
216,2.19,2.14
217,2.24,2.19
218,2.265,2.24
219,2.185,2.135
220,2.41,2.385
221,2.26,2.21
222,2.1,2.075
223,2.33,2.305
224,2.255,2.255
225,2.15,2.125
226,2.205,2.155
227,2.285,2.26
228,2.33,2.33
229,2.26,2.26
230,2.195,2.17
231,2.265,2.24
232,2.345,2.32
233,2.315,2.315
234,2.27,2.245
235,2.245,2.195
236,2.205,2.205
237,2.29,2.265
238,2.225,2.2
239,2.29,2.24
240,2.285,2.285
241,2.16,2.16
242,2.245,2.22
243,2.17,2.17
244,2.31,2.285
245,2.27,2.27
246,2.15,2.125
247,2.16,2.11
248,2.2,2.15
249,2.335,2.31
250,2.315,2.29
251,2.295,2.27
252,2.235,2.21
253,2.4,2.35
254,2.315,2.265
255,2.26,2.235
256,2.215,2.215
257,2.18,2.18
258,2.23,2.23
259,2.355,2.33
260,2.195,2.17
261,2.26,2.21
262,2.23,2.23
263,2.255,2.23
264,2.305,2.305
265,2.24,2.24
266,2.22,2.195
267,2.245,2.22
268,2.26,2.235
269,2.305,2.255
270,2.43,2.405
271,2.225,2.175
272,2.23,2.18
273,2.265,2.215
274,2.39,2.365
275,2.25,2.225
276,2.325,2.3
277,2.125,2.1
278,2.3,2.275
279,2.24,2.24
280,2.15,2.15
281,2.255,2.23
282,2.22,2.17
283,2.18,2.155
284,2.26,2.235
285,2.245,2.22
286,2.175,2.15
287,2.285,2.235
288,2.355,2.33
289,2.25,2.25
290,2.23,2.205
291,2.235,2.235
292,2.25,2.2
293,2.155,2.13
294,2.225,2.175
295,2.195,2.17
296,2.24,2.19
297,2.27,2.245
298,2.27,2.22
299,2.215,2.19
300,2.26,2.21
301,2.26,2.21
302,2.155,2.155
303,2.185,2.16
304,2.335,2.31
305,2.305,2.305
306,2.28,2.255
307,2.29,2.29
308,2.255,2.23
309,2.24,2.24
310,2.23,2.205
311,2.215,2.165
312,2.175,2.125
313,2.315,2.265
314,2.265,2.215
315,2.27,2.22
316,2.18,2.155
317,2.245,2.195
318,2.235,2.235
319,2.325,2.3
320,2.3,2.275
321,2.325,2.275
322,2.22,2.195
323,2.315,2.265
324,2.285,2.235
325,2.34,2.34
326,2.22,2.22
327,2.3,2.275
328,2.19,2.14
329,2.31,2.26
330,2.345,2.32
331,2.305,2.28
332,2.305,2.305
333,2.355,2.33
334,2.33,2.305
335,2.385,2.335
336,2.39,2.365
337,2.235,2.235
338,2.175,2.15
339,2.055,2.03
340,2.325,2.3
341,2.14,2.14
342,2.295,2.27
343,2.235,2.185
344,2.225,2.225
345,2.24,2.24
346,2.355,2.33
347,2.25,2.2
348,2.205,2.205
349,2.24,2.19
350,2.215,2.19
351,2.265,2.265
352,2.25,2.225
353,2.26,2.235
354,2.185,2.16
355,2.245,2.22
356,2.18,2.155
357,2.26,2.21
358,2.325,2.3
359,2.145,2.095
360,2.13,2.105
361,2.295,2.27
362,2.2,2.175
363,2.345,2.32
364,2.215,2.19
365,2.26,2.235
366,2.18,2.13
367,2.23,2.205
368,2.25,2.225
369,2.27,2.245
370,2.25,2.25
371,2.25,2.225
372,2.285,2.26
373,2.25,2.225
374,2.195,2.17
375,2.295,2.27
376,2.255,2.205
377,2.05,2.0
378,2.15,2.15
379,2.44,2.415
380,2.36,2.36
381,2.23,2.23
382,2.35,2.325
383,2.17,2.17
384,2.295,2.27
385,2.31,2.26
386,2.24,2.24
387,2.22,2.195
388,2.145,2.145
389,2.185,2.185
390,2.195,2.17
391,2.165,2.14
392,2.26,2.235
393,2.24,2.24
394,2.25,2.2
395,2.33,2.28
396,2.285,2.26
397,2.375,2.35
398,2.27,2.22
399,2.18,2.155
400,2.255,2.23
401,2.215,2.19
402,2.32,2.295
403,2.25,2.225
404,2.275,2.25
405,2.215,2.19
406,2.22,2.22
407,2.155,2.155
408,2.21,2.185
409,2.275,2.25
410,2.205,2.155
411,2.325,2.3
412,2.41,2.36
413,2.2,2.175
414,2.195,2.195
415,2.325,2.325
416,2.37,2.345
417,2.335,2.285
418,2.28,2.255
419,2.155,2.155
420,2.28,2.28
421,2.41,2.41
422,2.23,2.18
423,2.19,2.19
424,2.28,2.28
425,2.305,2.28
426,2.29,2.24
427,2.365,2.315
428,2.265,2.215
429,2.12,2.12
430,2.175,2.125
431,2.175,2.175
432,2.14,2.09
433,2.275,2.225
434,2.32,2.295
435,2.14,2.115
436,2.285,2.26
437,2.26,2.235
438,2.155,2.155
439,2.345,2.295
440,2.095,2.07
441,2.285,2.235
442,2.285,2.26
443,2.305,2.305
444,2.24,2.215
445,2.305,2.255
446,2.28,2.23
447,2.235,2.235
448,2.175,2.15
449,2.16,2.16
450,2.23,2.205
451,2.275,2.25
452,2.235,2.185
453,2.265,2.215
454,2.15,2.1
455,2.325,2.3
456,2.305,2.305
457,2.25,2.225
458,2.23,2.205
459,2.41,2.41
460,2.18,2.18
461,2.27,2.22
462,2.265,2.215
463,2.025,2.0
464,2.195,2.145
465,2.34,2.34
466,2.205,2.155
467,2.23,2.205
468,2.185,2.16
469,2.17,2.17
470,2.215,2.215
471,2.315,2.29
472,2.315,2.29
473,2.355,2.33
474,2.235,2.185
475,2.04,2.015
476,2.18,2.155
477,2.32,2.32
478,2.26,2.21
479,2.095,2.045
480,2.245,2.22
481,2.305,2.255
482,2.185,2.185
483,2.225,2.225
484,2.405,2.38
485,2.16,2.16
486,2.235,2.21
487,2.345,2.295
488,2.185,2.185
489,2.245,2.22
490,2.275,2.225
491,2.195,2.145
492,2.22,2.22
493,2.25,2.2
494,2.235,2.21
495,2.31,2.285
496,2.2,2.175
497,2.16,2.16
498,2.215,2.19
499,2.265,2.265
500,2.175,2.125
501,2.235,2.185
502,2.08,2.08
503,2.13,2.13
504,2.195,2.145
505,2.2,2.2
506,2.31,2.285
507,2.16,2.16
508,2.33,2.305
509,2.21,2.16
510,2.165,2.14
511,2.21,2.21
512,2.105,2.08
513,2.235,2.21
514,2.265,2.215
515,2.135,2.135
516,2.175,2.15
517,2.2,2.175
518,2.185,2.16
519,2.25,2.2
520,2.285,2.26
521,2.18,2.155
522,2.225,2.2
523,2.15,2.125
524,2.24,2.24
525,2.315,2.29
526,2.18,2.155
527,2.3,2.275
528,2.22,2.195
529,2.27,2.22
530,2.205,2.205
531,2.26,2.235
532,2.215,2.19
533,2.175,2.15
534,2.12,2.095
535,2.11,2.085
536,2.175,2.125
537,2.12,2.12
538,2.2,2.175
539,2.31,2.31
540,2.195,2.145
541,2.14,2.14
542,2.25,2.2
543,2.03,1.98
544,2.145,2.095
545,2.27,2.245
546,2.235,2.235
547,2.175,2.175
548,2.205,2.205
549,2.26,2.26
550,2.225,2.225
551,2.235,2.185
552,2.225,2.225
553,2.185,2.185
554,2.165,2.14
555,2.1,2.075
556,2.175,2.15
557,2.15,2.15
558,2.14,2.14
559,2.21,2.185
560,2.28,2.28
561,2.165,2.115
562,2.03,2.005
563,2.135,2.085
564,2.145,2.095
565,2.285,2.26
566,2.28,2.28
567,2.215,2.165
568,2.185,2.185
569,2.205,2.18
570,2.145,2.12
571,2.18,2.155
572,2.215,2.19
573,2.125,2.125
574,2.215,2.19
575,2.21,2.185
576,2.24,2.19
577,2.32,2.27
578,2.12,2.07
579,2.265,2.265
580,2.14,2.115
581,2.345,2.295
582,2.145,2.145
583,2.285,2.26
584,2.36,2.335
585,2.22,2.195
586,2.23,2.205
587,2.14,2.14
588,2.295,2.295
589,2.09,2.065
590,2.215,2.215
591,2.265,2.265
592,2.4,2.4
593,2.315,2.29
594,2.13,2.105
595,2.195,2.145
596,2.02,2.02
597,2.255,2.23
598,2.32,2.32
599,2.365,2.34
600,2.16,2.11
601,2.245,2.245
602,2.235,2.185
603,2.27,2.245
604,2.08,2.08
605,2.24,2.24
606,2.18,2.155
607,2.375,2.35
608,2.175,2.175
609,2.305,2.28
610,2.265,2.265
611,2.22,2.195
612,2.06,2.035
613,2.1,2.1
614,2.275,2.275
615,2.175,2.15
616,2.145,2.145
617,2.235,2.21
618,2.16,2.11
619,2.26,2.21
620,2.22,2.17
621,2.265,2.265
622,2.22,2.195
623,2.155,2.13
624,2.39,2.34
625,2.18,2.155
626,2.19,2.19
627,2.195,2.17
628,2.16,2.16
629,2.255,2.205
630,2.34,2.34
631,2.23,2.18
632,2.135,2.135
633,2.225,2.2
634,2.195,2.17
635,2.315,2.265
636,2.185,2.135
637,2.25,2.2
638,2.135,2.11
639,2.13,2.105
640,2.355,2.355
641,2.305,2.28
642,2.28,2.255
643,2.35,2.3
644,2.115,2.065
645,2.325,2.3
646,2.18,2.13
647,2.225,2.175
648,2.13,2.08
649,2.34,2.315
650,2.22,2.17
651,2.27,2.22
652,2.315,2.29
653,2.1,2.075
654,2.12,2.095
655,2.17,2.12
656,2.35,2.3
657,2.015,1.965
658,2.17,2.145
659,2.165,2.165
660,2.27,2.22
661,2.115,2.09
662,2.31,2.285
663,2.16,2.135
664,2.175,2.125
665,2.27,2.27
666,2.085,2.035
667,2.265,2.265
668,2.225,2.2
669,2.225,2.2
670,2.29,2.24
671,2.345,2.345
672,2.155,2.105
673,2.225,2.225
674,2.195,2.145
675,2.305,2.28
676,2.275,2.275
677,2.29,2.265
678,2.29,2.29
679,2.12,2.095
680,2.295,2.245
681,2.335,2.31
682,2.225,2.2
683,2.275,2.225
684,2.15,2.1
685,2.185,2.185
686,2.28,2.255
687,2.34,2.315
688,2.27,2.245
689,2.335,2.285
690,2.245,2.22
691,2.185,2.185
692,2.2,2.15
693,2.24,2.19
694,2.23,2.18
695,2.255,2.255
696,2.34,2.29
697,2.35,2.325
698,2.225,2.175
699,2.3,2.275
700,2.335,2.285
701,2.27,2.27
702,2.21,2.185
703,2.165,2.165
704,2.195,2.17
705,2.195,2.17
706,2.2,2.2
707,2.205,2.205
708,2.125,2.075
709,2.16,2.11
710,2.345,2.345
711,2.24,2.215
712,2.16,2.135
713,2.155,2.105
714,2.34,2.29
715,2.255,2.23
716,2.18,2.155
717,2.065,2.04
718,2.3,2.25
719,2.33,2.33
720,2.295,2.245
721,2.125,2.075
722,2.2,2.15
723,2.235,2.235
724,2.195,2.195
725,2.215,2.165
726,2.225,2.225
727,2.19,2.165
728,2.315,2.315
729,2.125,2.1
730,2.225,2.225
731,2.315,2.29
732,2.14,2.14
733,2.295,2.27
734,2.06,2.035
735,2.36,2.31
736,2.24,2.24
737,2.27,2.27
738,2.205,2.18
739,2.21,2.16
740,2.23,2.18
741,2.27,2.27
742,2.17,2.12
743,2.185,2.16
744,2.16,2.16
745,2.3,2.275
746,2.295,2.27
747,2.2,2.15
748,2.145,2.12
749,2.135,2.11
750,2.2,2.175
751,2.23,2.18
752,2.31,2.26
753,2.3,2.275
754,2.0,2.0
755,2.275,2.225
756,2.315,2.29
757,2.11,2.085
758,2.135,2.11
759,2.17,2.17
760,2.14,2.14
761,2.255,2.205
762,2.255,2.23
763,2.315,2.265
764,2.145,2.12
765,2.105,2.055
766,2.245,2.195
767,2.415,2.365
768,2.255,2.255
769,2.27,2.245
770,2.24,2.24
771,2.195,2.195
772,2.125,2.075
773,2.095,2.07
774,2.105,2.055
775,2.13,2.13
776,2.1,2.075
777,2.19,2.165
778,2.145,2.12
779,2.205,2.155
780,2.27,2.22
781,2.095,2.095
782,2.3,2.25
783,2.22,2.22
784,2.165,2.14
785,2.235,2.21
786,2.22,2.195
787,2.09,2.065
788,2.19,2.165
789,2.15,2.125
790,2.06,2.035
791,2.115,2.065
792,2.28,2.23
793,2.165,2.14
794,2.21,2.185
795,2.385,2.36
796,2.31,2.26
797,2.175,2.15
798,2.23,2.18
799,2.215,2.165
800,2.24,2.19
801,2.12,2.07
802,2.2,2.2
803,2.225,2.175
804,2.185,2.185
805,2.155,2.105
806,2.255,2.23
807,2.17,2.12
808,2.075,2.075
809,2.12,2.12
810,2.215,2.165
811,2.295,2.245
812,2.17,2.12
813,2.27,2.27
814,2.32,2.295
815,2.1,2.075
816,2.235,2.21
817,2.165,2.14
818,2.255,2.255
819,2.2,2.15
820,2.24,2.24
821,2.3,2.275
822,2.26,2.235
823,2.145,2.12
824,2.31,2.31
825,2.23,2.205
826,2.21,2.185
827,2.07,2.045
828,2.27,2.245
829,2.26,2.21
830,2.155,2.105
831,2.085,2.035
832,2.195,2.145
833,2.175,2.125
834,2.165,2.115
835,2.21,2.185
836,2.03,2.005
837,2.175,2.125
838,2.19,2.165
839,2.335,2.31
840,2.13,2.105
841,2.2,2.2
842,2.13,2.105
843,2.22,2.195
844,2.2,2.15
845,2.11,2.06
846,2.0,1.95
847,2.17,2.17
848,2.17,2.17
849,2.26,2.26
850,2.145,2.12
851,2.165,2.165
852,2.17,2.12
853,2.21,2.16
854,2.215,2.165
855,2.25,2.25
856,2.25,2.225
857,2.21,2.21
858,2.325,2.325
859,2.185,2.135
860,2.09,2.065
861,2.05,2.025
862,2.195,2.17
863,2.07,2.07
864,2.215,2.19
865,2.135,2.085
866,2.18,2.155
867,2.185,2.16
868,2.27,2.245
869,2.275,2.25
870,2.185,2.185
871,2.2,2.175
872,2.25,2.25
873,2.18,2.155
874,2.165,2.14
875,2.155,2.13
876,2.195,2.17
877,2.08,2.03
878,2.125,2.125
879,2.22,2.17
880,1.96,1.935
881,2.14,2.09
882,2.16,2.135
883,2.035,2.035
884,2.13,2.105
885,2.105,2.08
886,2.08,2.055
887,2.15,2.1
888,1.96,1.91
889,2.195,2.17
890,2.1,2.1
891,2.225,2.225
892,2.3,2.275
893,2.06,2.01
894,2.15,2.15
895,2.155,2.105
896,2.125,2.125
897,2.14,2.09
898,2.16,2.135
899,2.24,2.24
900,2.13,2.105
901,2.02,1.97
902,2.17,2.12
903,2.265,2.265
904,2.255,2.23
905,2.145,2.095
906,2.27,2.245
907,2.075,2.075
908,2.09,2.09
909,2.12,2.12
910,2.145,2.12
911,2.11,2.085
912,2.265,2.24
913,2.1,2.075
914,2.335,2.31
915,2.1,2.1
916,2.205,2.205
917,2.19,2.165
918,2.075,2.05
919,2.195,2.145
920,2.225,2.175
921,2.19,2.14
922,2.365,2.34
923,2.205,2.18
924,2.205,2.155
925,2.21,2.21
926,2.195,2.17
927,2.24,2.215
928,2.225,2.225
929,2.135,2.11
930,2.215,2.19
931,2.325,2.275
932,2.1,2.075
933,2.155,2.13
934,2.13,2.08
935,2.205,2.18
936,2.165,2.14
937,2.15,2.125
938,2.28,2.255
939,2.055,2.055
940,2.255,2.205
941,2.12,2.095
942,2.145,2.12
943,2.245,2.22
944,2.195,2.195
945,2.285,2.235
946,2.17,2.12
947,2.13,2.105
948,2.13,2.13
949,2.155,2.13
950,2.11,2.085
951,2.105,2.08
952,2.085,2.06
953,2.105,2.08
954,2.155,2.13
955,2.175,2.15
956,2.115,2.09
957,2.14,2.09
958,2.11,2.11
959,2.21,2.185
960,2.21,2.185
961,2.215,2.19
962,2.075,2.05
963,2.335,2.31
964,2.3,2.25
965,2.26,2.235
966,2.185,2.16
967,2.2,2.175
968,2.02,1.995
969,2.195,2.195
970,2.375,2.35
971,2.21,2.21
972,2.125,2.075
973,2.195,2.195
974,2.19,2.165
975,2.205,2.18
976,2.38,2.33
977,2.13,2.08
978,2.225,2.2
979,2.255,2.23
980,2.19,2.14
981,2.22,2.195
982,2.125,2.1
983,2.255,2.205
984,2.265,2.24
985,2.175,2.15
986,2.22,2.195
987,2.215,2.165
988,2.29,2.265
989,2.275,2.275
990,2.095,2.045
991,2.19,2.165
992,2.17,2.17
993,2.18,2.13
994,2.16,2.135
995,2.21,2.185
996,2.205,2.205
997,2.235,2.21
998,2.08,2.08
999,2.105,2.08
1000,2.21,2.185
1001,2.185,2.16
1002,2.19,2.14
1003,2.115,2.115
1004,2.125,2.125
1005,2.215,2.19
1006,2.0,1.975
1007,2.07,2.045
1008,2.175,2.15
1009,2.18,2.13
1010,2.27,2.27
1011,2.14,2.09
1012,2.23,2.205
1013,2.225,2.2
1014,2.14,2.115
1015,2.105,2.055
1016,2.155,2.155
1017,2.145,2.12
1018,2.205,2.155
1019,2.21,2.21
1020,2.21,2.185
1021,2.13,2.105
1022,2.21,2.185
1023,2.09,2.09
1024,2.285,2.285
1025,2.105,2.08
1026,2.25,2.2
1027,2.08,2.055
1028,2.12,2.07
1029,2.19,2.165
1030,2.105,2.08
1031,2.215,2.165
1032,2.225,2.2
1033,2.115,2.115
1034,2.3,2.275
1035,2.075,2.025
1036,2.205,2.18
1037,2.22,2.17
1038,2.185,2.135
1039,2.15,2.125
1040,2.195,2.17
1041,2.175,2.15
1042,2.19,2.14
1043,2.19,2.165
1044,2.28,2.23
1045,2.085,2.085
1046,2.185,2.135
1047,2.24,2.215
1048,2.01,2.01
1049,2.14,2.115
1050,2.155,2.105
1051,2.025,2.0
1052,2.025,2.0
1053,2.09,2.065
1054,2.12,2.12
1055,2.03,2.03
1056,2.18,2.155
1057,2.265,2.24
1058,2.035,2.01
1059,2.21,2.185
1060,2.2,2.175
1061,2.195,2.17
1062,2.07,2.07
1063,2.24,2.215
1064,2.1,2.1
1065,2.125,2.1
1066,2.2,2.175
1067,2.09,2.04
1068,2.06,2.035
1069,2.065,2.04
1070,2.21,2.185
1071,2.03,1.98
1072,2.195,2.17
1073,2.21,2.185
1074,1.995,1.945
1075,2.145,2.095
1076,2.12,2.095
1077,2.165,2.165
1078,2.23,2.23
1079,2.105,2.055
1080,2.095,2.07
1081,2.125,2.125
1082,2.23,2.18
1083,2.045,2.02
1084,2.08,2.055
1085,2.155,2.13
1086,2.11,2.06
1087,2.165,2.14
1088,2.18,2.155
1089,2.025,1.975
1090,2.29,2.24
1091,2.13,2.105
1092,2.14,2.14
1093,2.13,2.13
1094,2.17,2.12
1095,2.12,2.095
1096,2.11,2.085
1097,2.16,2.135
1098,2.18,2.13
1099,2.115,2.065
1100,2.155,2.105
1101,2.13,2.105
1102,2.08,2.055
1103,2.26,2.26
1104,2.185,2.16
1105,2.06,2.01
1106,2.165,2.115
1107,1.94,1.915
1108,2.085,2.085
1109,2.075,2.05
1110,2.115,2.065
1111,2.115,2.09
1112,2.225,2.225
1113,2.065,2.04
1114,2.165,2.14
1115,2.15,2.125
1116,2.13,2.105
1117,2.195,2.17
1118,2.015,1.965
1119,2.235,2.235
1120,2.1,2.1
1121,2.105,2.105
1122,2.155,2.13
1123,2.145,2.12
1124,2.11,2.11
1125,2.14,2.115
1126,2.175,2.15
1127,2.055,2.03
1128,2.045,2.02
1129,2.09,2.065
1130,2.2,2.15
1131,2.19,2.14
1132,2.155,2.105
1133,2.125,2.1
1134,2.225,2.2
1135,2.12,2.095
1136,2.16,2.11
1137,2.22,2.22
1138,2.12,2.095
1139,2.215,2.215
1140,2.175,2.15
1141,2.235,2.21
1142,2.235,2.21
1143,2.295,2.245
1144,2.15,2.125
1145,2.115,2.09
1146,2.005,2.005
1147,2.17,2.12
1148,2.235,2.21
1149,2.1,2.075
1150,2.035,1.985
1151,2.135,2.11
1152,2.105,2.105
1153,2.205,2.18
1154,2.265,2.215
1155,2.155,2.13
1156,1.995,1.995
1157,2.145,2.145
1158,2.15,2.15
1159,2.195,2.145
1160,2.27,2.245
1161,2.265,2.265
1162,2.285,2.285
1163,2.145,2.12
1164,2.22,2.17
1165,2.235,2.21
1166,2.13,2.105
1167,2.14,2.14
1168,2.0,1.975
1169,2.21,2.185
1170,2.095,2.07
1171,2.14,2.09
1172,2.165,2.165
1173,2.19,2.165
1174,2.215,2.165
1175,2.075,2.025
1176,2.1,2.1
1177,2.1,2.075
1178,2.105,2.055
1179,2.18,2.155
1180,2.29,2.265
1181,2.08,2.055
1182,2.26,2.26
1183,2.25,2.25
1184,2.225,2.225
1185,2.26,2.21
1186,2.175,2.125
1187,2.225,2.2
1188,2.075,2.025
1189,2.28,2.23
1190,2.08,2.055
1191,2.155,2.105
1192,2.15,2.1
1193,2.19,2.19
1194,2.08,2.055
1195,2.18,2.13
1196,2.13,2.13
1197,2.14,2.115
1198,2.145,2.12
1199,2.09,2.09
1200,2.235,2.235
1201,2.15,2.1
1202,2.19,2.165
1203,2.145,2.12
1204,2.215,2.19
1205,2.115,2.065
1206,2.085,2.06
1207,2.19,2.19
1208,2.07,2.02
1209,2.14,2.115
1210,2.305,2.305
1211,2.115,2.065
1212,2.095,2.07
1213,2.13,2.13
1214,2.055,2.005
1215,2.25,2.2
1216,2.245,2.195
1217,2.0,1.975
1218,2.195,2.145
1219,2.09,2.065
1220,2.19,2.14
1221,2.13,2.08
1222,2.17,2.12
1223,2.21,2.16
1224,2.155,2.13
1225,2.13,2.105
1226,2.13,2.105
1227,2.14,2.115
1228,2.065,2.04
1229,2.29,2.24
1230,2.11,2.06
1231,2.205,2.155
1232,2.15,2.125
1233,2.17,2.145
1234,1.995,1.995
1235,2.03,2.005
1236,2.2,2.175
1237,2.18,2.155
1238,2.14,2.115
1239,2.13,2.105
1240,2.16,2.16
1241,2.21,2.16
1242,2.205,2.18
1243,2.07,2.02
1244,2.095,2.095
1245,2.145,2.145
1246,2.24,2.24
1247,2.165,2.115
1248,2.09,2.065
1249,2.165,2.14
1250,2.265,2.24
1251,2.17,2.145
1252,2.16,2.135
1253,2.025,2.0
1254,2.115,2.09
1255,2.175,2.15
1256,2.015,1.965
1257,2.205,2.18
1258,2.09,2.04
1259,2.22,2.22
1260,2.17,2.145
1261,2.165,2.165
1262,1.99,1.94
1263,2.2,2.15
1264,2.07,2.07
1265,2.175,2.125
1266,2.12,2.095
1267,2.115,2.09
1268,2.175,2.15
1269,2.085,2.035
1270,2.18,2.155
1271,2.15,2.125
1272,2.1,2.05
1273,2.17,2.145
1274,2.03,2.03
1275,1.97,1.945
1276,2.215,2.215
1277,2.04,2.04
1278,2.17,2.145
1279,2.27,2.22
1280,2.095,2.07
1281,2.065,2.04
1282,2.25,2.2
1283,2.165,2.115
1284,2.1,2.075
1285,2.155,2.155
1286,2.085,2.06
1287,2.085,2.085
1288,2.125,2.1
1289,2.1,2.05
1290,2.06,2.01
1291,2.07,2.07
1292,2.25,2.225
1293,2.15,2.15
1294,2.05,2.025
1295,2.085,2.085
1296,2.22,2.195
1297,2.05,2.05
1298,2.085,2.06
1299,2.04,1.99
1300,1.96,1.91
1301,2.15,2.1
1302,2.145,2.12
1303,2.065,2.04
1304,2.075,2.075
1305,2.12,2.095
1306,2.055,2.055
1307,2.06,2.01
1308,2.165,2.115
1309,2.135,2.11
1310,1.985,1.96
1311,2.015,2.015
1312,2.035,2.01
1313,2.045,2.02
1314,2.035,1.985
1315,2.035,2.01
1316,2.045,1.995
1317,2.08,2.055
1318,2.115,2.09
1319,2.06,2.06
1320,2.16,2.11
1321,2.005,1.98
1322,1.975,1.925
1323,2.185,2.16
1324,2.025,1.975
1325,2.21,2.21
1326,2.0,1.975
1327,2.015,1.965
1328,2.1,2.1
1329,1.985,1.96
1330,2.13,2.105
1331,2.125,2.075
1332,2.1,2.05
1333,2.115,2.09
1334,2.2,2.175
1335,2.055,2.055
1336,2.125,2.075
1337,2.26,2.235
1338,2.135,2.11
1339,2.135,2.11
1340,1.94,1.915
1341,2.03,1.98
1342,1.99,1.99
1343,2.015,1.965
1344,2.09,2.065
1345,2.05,2.0
1346,2.02,1.995
1347,2.03,2.005
1348,2.095,2.095
1349,2.035,1.985
1350,2.07,2.02
1351,2.115,2.09
1352,2.195,2.145
1353,2.185,2.16
1354,2.055,2.055
1355,2.05,2.025
1356,1.965,1.94
1357,2.175,2.15
1358,2.215,2.165
1359,2.115,2.09
1360,2.09,2.04
1361,2.08,2.08
1362,2.01,2.01
1363,2.085,2.035
1364,2.14,2.09
1365,2.035,2.035
1366,2.125,2.075
1367,2.1,2.05
1368,2.09,2.04
1369,2.035,2.01
1370,2.29,2.265
1371,2.095,2.045
1372,2.15,2.1
1373,2.155,2.105
1374,2.085,2.085
1375,2.145,2.12
1376,2.07,2.07
1377,2.035,1.985
1378,2.1,2.075
1379,2.125,2.075
1380,2.055,2.005
1381,2.095,2.045
1382,2.115,2.09
1383,1.995,1.945
1384,2.045,1.995
1385,2.165,2.165
1386,2.115,2.065
1387,2.025,1.975
1388,1.95,1.925
1389,2.01,1.985
1390,2.06,2.01
1391,2.105,2.055
1392,2.085,2.06
1393,2.135,2.085
1394,2.04,2.04
1395,2.02,1.97
1396,2.11,2.06
1397,1.895,1.845
1398,2.11,2.085
1399,1.99,1.965
1400,2.2,2.175
1401,2.105,2.105
1402,2.13,2.08
1403,2.13,2.105
1404,1.94,1.915
1405,2.055,2.03
1406,2.045,2.02
1407,2.11,2.085
1408,2.11,2.085
1409,1.98,1.955
1410,2.055,2.055
1411,2.135,2.135
1412,2.115,2.09
1413,2.15,2.1
1414,2.17,2.145
1415,2.135,2.085
1416,2.015,1.965
1417,2.07,2.02
1418,2.15,2.125
1419,2.165,2.115
1420,2.115,2.09
1421,2.065,2.065
1422,2.105,2.08
1423,2.22,2.17
1424,2.035,2.035
1425,2.06,2.035
1426,2.13,2.105
1427,2.155,2.105
1428,2.185,2.16
1429,2.135,2.085
1430,2.015,1.99
1431,2.21,2.21
1432,2.195,2.17
1433,2.125,2.1
1434,2.03,2.03
1435,2.17,2.145
1436,2.135,2.11
1437,2.135,2.11
1438,2.185,2.16
1439,2.115,2.09
1440,2.125,2.075
1441,2.05,2.025
1442,2.245,2.22
1443,2.115,2.065
1444,2.1,2.075
1445,2.23,2.18
1446,2.14,2.09
1447,2.09,2.04
1448,2.105,2.055
1449,2.085,2.06
1450,2.2,2.175
1451,2.195,2.145
1452,2.225,2.225
1453,2.245,2.22
1454,2.205,2.18
1455,2.095,2.07
1456,2.25,2.225
1457,2.075,2.05
1458,2.3,2.25
1459,2.16,2.16
1460,2.2,2.15
1461,2.225,2.225
1462,2.215,2.165
1463,2.21,2.21
1464,2.13,2.105
1465,2.065,2.04
1466,2.1,2.075
1467,2.16,2.16
1468,1.955,1.93
1469,2.115,2.09
1470,2.055,2.005
1471,2.095,2.07
1472,2.245,2.22
1473,2.04,1.99
1474,2.095,2.07
1475,2.275,2.25
1476,2.065,2.015
1477,2.05,2.025
1478,2.09,2.065
1479,2.275,2.225
1480,2.115,2.115
1481,2.155,2.155
1482,2.025,2.0
1483,2.09,2.065
1484,2.085,2.06
1485,2.125,2.125
1486,2.07,2.07
1487,2.165,2.14
1488,2.125,2.1
1489,2.175,2.15
1490,2.165,2.14
1491,2.15,2.125
1492,2.205,2.18
1493,2.03,2.03
1494,2.1,2.075
1495,2.27,2.245
1496,2.345,2.32
1497,2.16,2.135
1498,2.285,2.26
1499,2.18,2.155
1500,2.2,2.15
1501,2.235,2.235
1502,2.32,2.295
1503,2.075,2.075
1504,2.175,2.15
1505,1.9,1.9
1506,2.125,2.075
1507,2.185,2.135
1508,2.105,2.08
1509,2.155,2.13
1510,2.165,2.115
1511,2.105,2.08
1512,2.19,2.14
1513,2.1,2.075
1514,2.105,2.055
1515,2.18,2.155
1516,2.17,2.145
1517,2.085,2.035
1518,1.985,1.985
1519,1.94,1.915
1520,2.115,2.09
1521,1.97,1.97
1522,2.185,2.185
1523,2.035,2.01
1524,2.165,2.14
1525,2.13,2.08
1526,2.07,2.045
1527,2.2,2.175
1528,2.19,2.19
1529,1.95,1.925
1530,2.16,2.16
1531,2.065,2.015
1532,2.21,2.16
1533,2.05,2.025
1534,2.06,2.035
1535,2.185,2.185
1536,2.085,2.06
1537,2.15,2.125
1538,2.105,2.08
1539,1.975,1.925
1540,2.135,2.11
1541,2.115,2.065
1542,2.11,2.085
1543,2.125,2.1
1544,2.14,2.14
1545,2.055,2.03
1546,2.13,2.105
1547,1.94,1.915
1548,1.955,1.955
1549,2.165,2.115
1550,2.16,2.135
1551,2.035,1.985
1552,2.11,2.11
1553,2.035,2.01
1554,2.05,2.025
1555,2.065,2.065
1556,2.09,2.065
1557,2.1,2.075
1558,2.205,2.155
1559,2.1,2.075
1560,2.03,1.98
1561,2.14,2.115
1562,2.15,2.125
1563,2.095,2.07
1564,2.1,2.05
1565,2.19,2.14
1566,2.12,2.095
1567,2.185,2.16
1568,2.055,2.005
1569,2.07,2.045
1570,2.06,2.035
1571,2.065,2.04
1572,2.245,2.195
1573,2.07,2.045
1574,2.055,2.005
1575,2.03,2.005
1576,2.195,2.17
1577,2.015,1.99
1578,2.13,2.105
1579,2.115,2.065
1580,2.08,2.03
1581,2.13,2.13
1582,2.08,2.08
1583,2.09,2.09
1584,2.1,2.075
1585,2.12,2.095
1586,2.03,2.005
1587,2.15,2.1
1588,2.13,2.13
1589,2.17,2.17
1590,2.175,2.15
1591,2.08,2.08
1592,2.09,2.04
1593,2.115,2.065
1594,2.105,2.055
1595,2.04,2.04
1596,2.055,2.03
1597,2.2,2.2
1598,1.975,1.95
1599,2.125,2.075
1600,2.12,2.095
1601,2.1,2.075
1602,2.12,2.07
1603,2.325,2.275
1604,2.03,2.005
1605,2.075,2.05
1606,2.16,2.135
1607,2.055,2.03
1608,2.075,2.05
1609,2.155,2.13
1610,2.14,2.09
1611,2.05,2.025
1612,2.145,2.12
1613,2.09,2.065
1614,2.045,2.02
1615,2.04,2.04
1616,2.135,2.085
1617,2.17,2.17
1618,1.955,1.93
1619,2.08,2.055
1620,2.14,2.09
1621,2.22,2.195
1622,2.135,2.135
1623,2.04,2.04
1624,2.235,2.21
1625,2.255,2.205
1626,2.185,2.16
1627,2.14,2.09
1628,1.965,1.94
1629,2.195,2.17
1630,2.24,2.215
1631,2.06,2.01
1632,2.165,2.14
1633,2.18,2.13
1634,2.135,2.11
1635,2.2,2.2
1636,2.135,2.11
1637,2.26,2.26
1638,2.215,2.215
1639,2.195,2.145
1640,2.08,2.03
1641,2.205,2.205
1642,2.055,2.03
1643,2.2,2.15
1644,2.14,2.115
1645,2.22,2.22
1646,2.135,2.135
1647,2.165,2.115
1648,2.195,2.17
1649,2.06,2.035
1650,2.245,2.22
1651,2.295,2.245
1652,2.18,2.13
1653,2.125,2.075
1654,2.325,2.275
1655,2.12,2.095
1656,2.23,2.18
1657,2.14,2.115
1658,2.145,2.145
1659,2.165,2.115
1660,2.18,2.13
1661,2.015,1.99
1662,2.055,2.03
1663,2.11,2.085
1664,2.22,2.22
1665,2.215,2.19
1666,2.155,2.13
1667,2.085,2.06
1668,2.19,2.14
1669,2.085,2.06
1670,2.125,2.125
1671,2.27,2.27
1672,2.215,2.19
1673,2.255,2.205
1674,2.115,2.065
1675,2.165,2.14
1676,2.185,2.185
1677,2.24,2.19
1678,2.165,2.115
1679,2.045,2.02
1680,2.175,2.15
1681,2.21,2.16
1682,2.22,2.17
1683,2.265,2.215
1684,2.24,2.215
1685,2.06,2.06
1686,2.02,1.995
1687,2.27,2.245
1688,2.2,2.15
1689,2.24,2.24
1690,2.28,2.23
1691,2.17,2.17
1692,2.225,2.2
1693,2.095,2.045
1694,2.175,2.15
1695,2.255,2.205
1696,2.115,2.09
1697,2.19,2.19
1698,2.095,2.095
1699,2.185,2.135
1700,2.27,2.245
1701,2.16,2.135
1702,2.275,2.225
1703,2.175,2.15
1704,2.27,2.27
1705,2.165,2.165
1706,2.25,2.225
1707,2.19,2.14
1708,2.195,2.17
1709,2.165,2.14
1710,2.085,2.06
1711,2.195,2.17
1712,2.11,2.06
1713,2.095,2.095
1714,2.125,2.075
1715,2.19,2.14
1716,2.19,2.19
1717,2.375,2.325
1718,2.115,2.115
1719,2.245,2.195
1720,2.035,2.01
1721,2.205,2.18
1722,2.095,2.045
1723,2.14,2.115
1724,2.215,2.215
1725,2.155,2.13
1726,2.055,2.03
1727,2.105,2.055
1728,2.125,2.1
1729,2.15,2.125
1730,2.175,2.15
1731,2.1,2.075
1732,2.16,2.16
1733,2.085,2.06
1734,2.15,2.125
1735,2.17,2.12
1736,2.135,2.11
1737,2.15,2.125
1738,2.05,2.025
1739,2.2,2.2
1740,2.105,2.08
1741,2.245,2.22
1742,2.195,2.145
1743,2.155,2.13
1744,2.075,2.05
1745,2.11,2.06
1746,2.125,2.125
1747,2.135,2.11
1748,2.135,2.085
1749,2.11,2.06
1750,2.24,2.215
1751,2.115,2.09
1752,2.01,2.01
1753,2.235,2.235
1754,2.15,2.125
1755,2.165,2.165
1756,2.095,2.045
1757,2.02,1.995
1758,2.095,2.07
1759,2.1,2.075
1760,2.04,2.015
1761,2.18,2.18
1762,2.14,2.14
1763,2.24,2.215
1764,2.055,2.005
1765,1.985,1.96
1766,2.02,2.02
1767,2.145,2.145
1768,2.135,2.135
1769,2.05,2.0
1770,2.275,2.25
1771,2.06,2.01
1772,2.065,2.015
1773,2.035,2.01
1774,2.095,2.07
1775,2.045,1.995
1776,2.095,2.095
1777,2.07,2.045
1778,1.96,1.96
1779,2.145,2.095
1780,2.175,2.175
1781,2.32,2.295
1782,2.12,2.12
1783,1.935,1.91
1784,2.16,2.11
1785,2.15,2.1
1786,2.185,2.16
1787,2.125,2.1
1788,2.09,2.065
1789,2.075,2.075
1790,2.015,1.965
1791,2.08,2.03
1792,2.02,1.995
1793,2.25,2.225
1794,2.1,2.075
1795,2.155,2.105
1796,2.075,2.025
1797,2.055,2.03
1798,2.075,2.05
1799,2.21,2.16
1800,2.105,2.08
1801,2.04,2.015
1802,2.075,2.075
1803,2.02,1.995
1804,2.035,2.01
1805,2.015,1.99
1806,2.07,2.07
1807,2.155,2.105
1808,2.165,2.14
1809,2.035,1.985
1810,2.02,1.995
1811,1.98,1.955
1812,2.005,1.98
1813,2.17,2.12
1814,2.095,2.07
1815,2.015,1.965
1816,2.015,1.99
1817,2.07,2.02
1818,2.055,2.03
1819,2.125,2.1
1820,1.925,1.9
1821,2.12,2.12
1822,1.875,1.875
1823,2.185,2.16
1824,2.065,2.04
1825,2.155,2.155
1826,1.96,1.91
1827,2.09,2.065
1828,2.05,2.0
1829,1.975,1.975
1830,2.03,2.005
1831,2.08,2.055
1832,2.115,2.09
1833,2.085,2.085
1834,2.225,2.2
1835,2.09,2.04
1836,1.965,1.94
1837,2.2,2.15
1838,2.115,2.115
1839,1.92,1.895
1840,2.155,2.13
1841,2.15,2.125
1842,2.13,2.105
1843,2.165,2.115
1844,2.12,2.12
1845,2.01,1.96
1846,2.05,2.05
1847,2.11,2.06
1848,2.095,2.045
1849,2.105,2.055
1850,2.14,2.115
1851,2.015,1.99
1852,2.125,2.075
1853,2.035,2.01
1854,2.1,2.05
1855,2.105,2.08
1856,2.16,2.16
1857,2.095,2.07
1858,2.065,2.04
1859,2.085,2.06
1860,2.11,2.06
1861,2.19,2.165
1862,2.21,2.185
1863,2.115,2.065
1864,1.995,1.945
1865,2.005,1.98
1866,1.97,1.97
1867,2.07,2.045
1868,1.96,1.91
1869,1.88,1.855
1870,2.03,1.98
1871,2.2,2.175
1872,1.95,1.925
1873,2.02,1.995
1874,2.055,2.03
1875,2.03,2.005
1876,2.005,1.98
1877,2.15,2.125
1878,2.035,2.01
1879,2.12,2.095
1880,2.145,2.145
1881,1.965,1.94
1882,2.01,1.96
1883,2.09,2.09
1884,2.035,2.01
1885,2.09,2.04
1886,2.155,2.13
1887,2.03,1.98
1888,2.17,2.12
1889,2.145,2.12
1890,1.99,1.99
1891,2.11,2.06
1892,2.07,2.045
1893,2.1,2.075
1894,2.06,2.06
1895,2.165,2.115
1896,1.97,1.97
1897,1.985,1.935
1898,2.15,2.1
1899,2.02,1.995
1900,1.93,1.88
1901,1.96,1.91
1902,2.06,2.01
1903,2.0,1.975
1904,2.13,2.105
1905,2.09,2.065
1906,1.975,1.95
1907,1.98,1.955
1908,2.0,1.975
1909,2.045,2.02
1910,2.065,2.015
1911,2.095,2.045
1912,1.91,1.885
1913,2.025,2.0
1914,2.155,2.13
1915,1.91,1.885
1916,2.06,2.035
1917,1.97,1.945
1918,2.04,1.99
1919,2.055,2.055
1920,2.075,2.05
1921,2.055,2.03
1922,2.03,2.005
1923,2.025,1.975
1924,2.04,1.99
1925,2.095,2.07
1926,2.15,2.125
1927,2.125,2.075
1928,2.005,2.005
1929,1.935,1.885
1930,1.985,1.96
1931,1.95,1.925
1932,1.925,1.925
1933,2.02,1.995
1934,2.01,1.985
1935,1.935,1.935
1936,1.935,1.885
1937,2.08,2.055
1938,1.985,1.935
1939,1.93,1.905
1940,1.965,1.915
1941,2.02,1.995
1942,2.05,2.0
1943,2.08,2.055
1944,1.95,1.925
1945,1.985,1.935
1946,2.03,2.005
1947,1.925,1.925
1948,2.05,2.025
1949,2.12,2.07
1950,2.07,2.045
1951,2.075,2.05
1952,2.115,2.09
1953,2.04,2.015
1954,2.175,2.125
1955,1.965,1.915
1956,1.995,1.97
1957,1.94,1.915
1958,2.185,2.16
1959,2.015,1.965
1960,2.015,1.99
1961,1.995,1.97
1962,2.18,2.155
1963,2.0,1.95
1964,1.975,1.95
1965,2.055,2.055
1966,2.2,2.175
1967,1.99,1.965
1968,2.08,2.055
1969,2.085,2.06
1970,2.07,2.045
1971,2.015,1.99
1972,1.94,1.89
1973,2.03,2.005
1974,2.135,2.085
1975,2.095,2.07
1976,2.09,2.04
1977,2.13,2.08
1978,2.035,2.01
1979,2.03,1.98
1980,1.955,1.93
1981,2.06,2.01
1982,2.005,2.005
1983,1.965,1.94
1984,2.135,2.11
1985,2.145,2.12
1986,2.225,2.225
1987,2.17,2.145
1988,2.135,2.11
1989,2.125,2.075
1990,2.005,1.98
1991,2.145,2.12
1992,2.23,2.205
1993,2.16,2.16
1994,1.915,1.865
1995,2.02,2.02
1996,2.03,2.005
1997,1.93,1.93
1998,2.005,1.955
1999,2.065,2.04
2000,2.05,2.025
2001,2.09,2.04
2002,2.085,2.06
2003,1.995,1.97
2004,2.095,2.07
2005,2.245,2.22
2006,2.145,2.12
2007,2.175,2.175
2008,2.07,2.045
2009,2.22,2.17
2010,2.21,2.185
2011,2.15,2.125
2012,2.255,2.205
2013,2.055,2.055
2014,2.095,2.045
2015,2.21,2.21
2016,2.095,2.045
2017,2.05,2.0
2018,2.02,1.995
2019,2.075,2.05
2020,2.16,2.135
2021,2.08,2.08
2022,2.11,2.085
2023,2.055,2.055
2024,2.13,2.08
2025,1.96,1.91
2026,2.04,1.99
2027,2.02,2.02
2028,2.175,2.15
2029,2.03,2.03
2030,1.995,1.995
2031,2.075,2.025
2032,2.11,2.085
2033,2.16,2.16
2034,2.13,2.08
2035,2.175,2.15
2036,2.165,2.14
2037,2.05,2.05
2038,2.095,2.07
2039,2.23,2.205
2040,2.075,2.05
2041,2.105,2.105
2042,2.0,1.975
2043,2.125,2.1
2044,2.08,2.055
2045,2.025,2.0
2046,2.07,2.045
2047,2.035,1.985
2048,2.02,1.97
2049,2.045,2.045
2050,2.04,2.015
2051,2.015,1.965
2052,1.985,1.96
2053,2.1,2.1
2054,1.945,1.92
2055,2.065,2.065
2056,1.955,1.93
2057,2.235,2.21
2058,2.09,2.065
2059,2.11,2.085
2060,2.125,2.075
2061,1.95,1.9
2062,2.105,2.055
2063,2.115,2.065
2064,1.985,1.96
2065,2.025,2.0
2066,2.12,2.095
2067,2.01,1.985
2068,2.05,2.0
2069,2.105,2.08
2070,2.025,2.0
2071,2.21,2.16
2072,2.1,2.05
2073,2.155,2.105
2074,2.06,2.01
2075,2.065,2.04
2076,2.17,2.17
2077,2.11,2.085
2078,2.08,2.03
2079,2.08,2.03
2080,1.995,1.97
2081,2.09,2.065
2082,2.045,2.045
2083,2.035,2.01
2084,2.065,2.04
2085,2.1,2.075
2086,2.215,2.165
2087,2.12,2.07
2088,2.08,2.055
2089,2.155,2.13
2090,2.085,2.06
2091,2.0,1.95
2092,2.15,2.1
2093,2.255,2.23
2094,2.025,2.0
2095,2.0,2.0
2096,2.005,2.005
2097,2.0,2.0
2098,2.12,2.095
2099,2.095,2.045
2100,2.135,2.085
2101,2.16,2.11
2102,2.045,1.995
2103,2.065,2.015
2104,2.035,2.01
2105,1.93,1.88
2106,1.995,1.945
2107,2.17,2.145
2108,2.24,2.19
2109,2.095,2.045
2110,2.025,2.0
2111,2.06,2.035
2112,2.135,2.135
2113,2.09,2.04
2114,2.065,2.065
2115,2.16,2.16
2116,2.1,2.075
2117,2.15,2.1
2118,2.045,1.995
2119,2.13,2.105
2120,2.075,2.075
2121,2.0,1.95
2122,2.015,2.015
2123,2.13,2.13
2124,2.1,2.1
2125,2.105,2.08
2126,1.875,1.85
2127,2.05,2.0
2128,2.12,2.095
2129,2.0,1.95
2130,2.13,2.105
2131,1.93,1.88
2132,1.975,1.925
2133,2.105,2.08
2134,2.075,2.05
2135,2.145,2.12
2136,1.99,1.965
2137,1.97,1.92
2138,2.035,1.985
2139,2.025,2.0
2140,1.94,1.94
2141,1.975,1.95
2142,1.995,1.97
2143,2.035,2.035
2144,2.21,2.16
2145,2.11,2.085
2146,1.975,1.95
2147,1.93,1.88
2148,2.215,2.19
2149,2.11,2.085
2150,2.12,2.12
2151,1.89,1.865
2152,2.065,2.04
2153,1.97,1.945
2154,2.18,2.13
2155,2.09,2.065
2156,2.01,2.01
2157,2.21,2.185
2158,1.985,1.935
2159,1.975,1.925
2160,2.02,2.02
2161,2.12,2.07
2162,1.995,1.97
2163,2.0,1.975
2164,1.895,1.87
2165,2.035,1.985
2166,2.155,2.13
2167,2.125,2.125
2168,2.085,2.06
2169,1.925,1.875
2170,1.995,1.995
2171,2.175,2.175
2172,2.045,2.045
2173,2.055,2.03
2174,2.14,2.115
2175,2.13,2.13
2176,2.045,2.02
2177,2.085,2.035
2178,1.85,1.825
2179,1.98,1.955
2180,2.13,2.08
2181,2.035,1.985
2182,1.9,1.875
2183,2.01,1.985
2184,2.11,2.085
2185,2.05,2.05
2186,1.885,1.86
2187,2.06,2.035
2188,2.01,1.96
2189,2.11,2.085
2190,2.045,1.995
2191,2.045,1.995
2192,1.945,1.92
2193,1.925,1.9
2194,1.995,1.97
2195,2.105,2.08
2196,2.0,2.0
2197,2.1,2.05
2198,1.965,1.965
2199,2.045,2.045
2200,2.045,2.045
2201,2.065,2.04
2202,1.995,1.97
2203,1.975,1.95
2204,1.955,1.955
2205,1.95,1.925
2206,1.97,1.945
2207,1.915,1.89
2208,1.965,1.915
2209,2.005,1.98
2210,2.05,2.025
2211,2.09,2.04
2212,2.12,2.095
2213,2.03,1.98
2214,2.02,1.995
2215,1.83,1.805
2216,1.92,1.895
2217,1.995,1.945
2218,2.015,1.99
2219,2.02,1.97
2220,1.92,1.92
2221,2.125,2.125
2222,2.105,2.055
2223,2.02,1.995
2224,2.175,2.125
2225,2.17,2.17
2226,2.04,1.99
2227,1.99,1.94
2228,2.055,2.03
2229,1.975,1.95
2230,2.02,2.02
2231,1.95,1.9
2232,1.975,1.925
2233,2.07,2.02
2234,2.05,2.0
2235,1.89,1.89
2236,2.04,1.99
2237,2.0,1.95
2238,2.045,2.02
2239,1.98,1.955
2240,2.1,2.1
2241,2.15,2.1
2242,2.095,2.095
2243,1.965,1.915
2244,2.035,2.01
2245,2.1,2.075
2246,2.01,1.96
2247,1.98,1.93
2248,2.03,2.005
2249,2.135,2.085
2250,2.06,2.01
2251,2.105,2.105
2252,1.92,1.92
2253,2.1,2.075
2254,2.085,2.085
2255,1.975,1.95
2256,2.14,2.115
2257,2.035,2.01
2258,2.035,2.01
2259,1.91,1.885
2260,1.93,1.905
2261,2.075,2.05
2262,1.99,1.965
2263,1.935,1.885
2264,2.0,2.0
2265,1.99,1.99
2266,1.93,1.905
2267,2.09,2.065
2268,2.055,2.03
2269,1.985,1.96
2270,2.15,2.125
2271,2.06,2.01
2272,2.055,2.03
2273,2.05,2.05
2274,2.015,1.99
2275,1.97,1.945
2276,2.12,2.07
2277,2.06,2.035
2278,2.145,2.12
2279,2.08,2.055
2280,1.98,1.955
2281,1.98,1.955
2282,2.095,2.095
2283,2.03,2.005
2284,1.925,1.9
2285,2.02,1.97
2286,2.01,1.96
2287,2.035,2.01
2288,2.095,2.07
2289,2.075,2.05
2290,2.035,2.01
2291,1.855,1.83
2292,2.07,2.045
2293,2.095,2.07
2294,1.89,1.84
2295,2.0,1.975
2296,2.08,2.03
2297,1.955,1.955
2298,2.045,1.995
2299,2.14,2.115
2300,2.065,2.015
2301,1.965,1.915
2302,2.1,2.075
2303,2.105,2.055
2304,2.015,2.015
2305,2.025,2.0
2306,2.045,2.02
2307,2.0,1.95
2308,1.995,1.97
2309,2.005,1.955
2310,2.04,2.04
2311,2.055,2.005
2312,1.99,1.965
2313,2.105,2.08
2314,2.03,2.005
2315,1.995,1.97
2316,1.915,1.89
2317,1.965,1.94
2318,1.905,1.88
2319,1.985,1.96
2320,1.91,1.86
2321,1.945,1.92
2322,2.165,2.115
2323,1.965,1.915
2324,1.965,1.94
2325,2.075,2.05
2326,2.08,2.03
2327,2.035,2.01
2328,1.985,1.96
2329,1.94,1.89
2330,1.99,1.965
2331,2.07,2.02
2332,2.085,2.085
2333,1.85,1.8
2334,2.08,2.055
2335,1.975,1.95
2336,1.95,1.9
2337,1.785,1.76
2338,2.03,2.005
2339,1.89,1.865
2340,1.95,1.925
2341,2.03,2.005
2342,2.08,2.08
2343,2.0,1.95
2344,1.95,1.925
2345,1.975,1.95
2346,2.045,1.995
2347,2.065,2.04
2348,2.06,2.035
2349,1.93,1.88
2350,2.02,1.97
2351,2.005,1.98
2352,1.975,1.925
2353,2.145,2.095
2354,2.09,2.065
2355,2.045,1.995
2356,2.0,1.95
2357,2.03,1.98
2358,2.12,2.07
2359,1.94,1.89
2360,2.005,1.955
2361,1.995,1.945
2362,1.99,1.965
2363,2.085,2.06
2364,2.12,2.095
2365,1.895,1.895
2366,1.895,1.895
2367,2.03,2.03
2368,2.03,2.005
2369,1.95,1.925
2370,2.215,2.215
2371,1.98,1.955
2372,2.055,2.005
2373,1.945,1.92
2374,2.055,2.03
2375,1.9,1.85
2376,1.945,1.92
2377,2.13,2.08
2378,1.925,1.9
2379,1.98,1.98
2380,2.185,2.16
2381,1.91,1.86
2382,2.055,2.005
2383,2.11,2.11
2384,2.06,2.06
2385,1.965,1.915
2386,2.06,2.06
2387,2.045,2.02
2388,1.985,1.96
2389,2.18,2.13
2390,1.965,1.965
2391,2.065,2.04
2392,2.015,2.015
2393,1.96,1.935
2394,1.94,1.89
2395,2.135,2.11
2396,2.125,2.075
2397,2.215,2.165
2398,2.045,1.995
2399,1.985,1.96
2400,1.97,1.97
2401,1.975,1.95
2402,2.04,1.99
2403,1.925,1.9
2404,1.915,1.915
2405,2.12,2.07
2406,2.045,2.02
2407,2.02,2.02
2408,2.0,1.975
2409,2.165,2.115
2410,2.1,2.05
2411,1.995,1.97
2412,2.075,2.05
2413,2.08,2.03
2414,2.155,2.105
2415,2.075,2.025
2416,2.09,2.09
2417,2.11,2.11
2418,2.03,1.98
2419,2.08,2.055
2420,2.055,2.005
2421,2.235,2.21
2422,2.295,2.27
2423,1.97,1.97
2424,2.11,2.085
2425,2.1,2.05
2426,1.88,1.83
2427,2.1,2.075
2428,2.0,1.95
2429,1.995,1.97
2430,2.085,2.06
2431,2.1,2.05
2432,2.02,2.02
2433,2.06,2.035
2434,1.995,1.995
2435,2.045,1.995
2436,2.12,2.095
2437,2.0,1.975
2438,1.995,1.97
2439,2.02,1.995
2440,1.98,1.955
2441,1.99,1.99
2442,1.92,1.92
2443,2.015,1.99
2444,2.015,1.99
2445,2.075,2.05
2446,2.025,1.975
2447,2.12,2.095
2448,1.965,1.915
2449,2.025,2.0
2450,2.075,2.05
2451,2.035,2.01
2452,2.065,2.04
2453,2.035,1.985
2454,1.975,1.975
2455,2.13,2.08
2456,1.995,1.945
2457,2.105,2.055
2458,2.02,1.995
2459,2.075,2.025
2460,2.14,2.115
2461,2.145,2.095
2462,2.105,2.08
2463,2.035,2.01
2464,2.135,2.11
2465,2.025,2.0
2466,2.02,1.97
2467,2.02,1.995
2468,2.01,1.96
2469,2.175,2.125
2470,2.05,2.05
2471,2.025,2.025
2472,1.995,1.97
2473,2.125,2.075
2474,2.005,1.98
2475,2.025,1.975
2476,2.135,2.085
2477,2.055,2.03
2478,1.83,1.805
2479,2.075,2.05
2480,2.0,1.95
2481,2.0,1.95
2482,2.035,2.01
2483,2.055,2.005
2484,2.05,2.025
2485,1.895,1.845
2486,2.055,2.03
2487,1.975,1.95
2488,1.935,1.935
2489,1.995,1.97
2490,2.055,2.03
2491,1.94,1.915
2492,2.11,2.06
2493,1.93,1.88
2494,2.12,2.095
2495,1.98,1.955
2496,1.985,1.96
2497,1.96,1.91
2498,1.975,1.925
2499,2.1,2.075
2500,2.04,1.99
2501,1.96,1.96
2502,2.005,1.98
2503,2.105,2.105
2504,2.055,2.03
2505,2.025,2.0
2506,1.945,1.945
2507,2.1,2.05
2508,2.065,2.04
2509,1.96,1.91
2510,1.92,1.87
2511,2.295,2.27
2512,2.03,2.03
2513,2.06,2.035
2514,2.07,2.07
2515,2.045,2.02
2516,2.16,2.11
2517,2.065,2.04
2518,2.045,2.02
2519,1.93,1.905
2520,2.07,2.02
2521,2.02,1.97
2522,2.005,2.005
2523,2.08,2.055
2524,2.095,2.095
2525,1.91,1.86
2526,1.96,1.935
2527,2.115,2.115
2528,2.085,2.035
2529,2.09,2.065
2530,1.97,1.92
2531,2.075,2.05
2532,2.22,2.17
2533,1.975,1.975
2534,2.03,1.98
2535,2.07,2.045
2536,2.05,2.05
2537,1.995,1.995
2538,2.05,2.05
2539,2.135,2.085
2540,1.945,1.92
2541,2.0,1.95
2542,2.13,2.08
2543,2.085,2.06
2544,1.975,1.925
2545,2.05,2.025
2546,2.045,2.02
2547,1.995,1.945
2548,2.005,2.005
2549,2.04,2.04
2550,2.13,2.08
2551,2.085,2.035
2552,2.07,2.07
2553,2.035,2.01
2554,2.02,1.995
2555,2.03,2.005
2556,2.01,1.96
2557,1.93,1.93
2558,2.025,1.975
2559,2.055,2.03
2560,2.195,2.17
2561,2.015,1.99
2562,2.07,2.02
2563,2.19,2.165
2564,2.035,2.01
2565,2.13,2.105
2566,1.925,1.9
2567,1.99,1.99
2568,2.06,2.01
2569,1.92,1.895
2570,2.035,2.01
2571,2.065,2.04
2572,2.005,1.955
2573,2.065,2.015
2574,2.08,2.03
2575,1.925,1.925
2576,2.025,2.0
2577,2.025,2.0
2578,2.045,2.02
2579,2.1,2.075
2580,1.97,1.92
2581,2.055,2.005
2582,1.855,1.805
2583,2.015,1.99
2584,2.1,2.075
2585,2.085,2.06
2586,2.045,2.02
2587,2.02,2.02
2588,2.035,2.01
2589,1.96,1.935
2590,2.06,2.035
2591,2.08,2.08
2592,2.075,2.05
2593,2.01,1.985
2594,1.93,1.905
2595,2.06,2.01
2596,2.045,2.02
2597,2.04,2.04
2598,1.995,1.97
2599,1.93,1.88
2600,1.97,1.945
2601,2.065,2.04
2602,1.95,1.925
2603,2.11,2.085
2604,1.99,1.965
2605,2.065,2.04
2606,1.98,1.98
2607,2.03,2.005
2608,1.92,1.895
2609,2.055,2.03
2610,2.155,2.13
2611,2.035,2.01
2612,2.115,2.065
2613,2.05,2.0
2614,2.025,2.0
2615,1.905,1.88
2616,1.835,1.835
2617,1.955,1.93
2618,2.2,2.15
2619,1.91,1.91
2620,2.08,2.055
2621,2.04,2.04
2622,2.045,1.995
2623,2.175,2.15
2624,2.145,2.095
2625,2.075,2.05
2626,2.135,2.085
2627,2.055,2.005
2628,2.04,1.99
2629,2.02,1.995
2630,2.065,2.015
2631,1.955,1.93
2632,2.1,2.05
2633,1.905,1.905
2634,2.08,2.03
2635,1.985,1.96
2636,1.97,1.97
2637,2.01,1.985
2638,2.125,2.075
2639,2.035,2.01
2640,1.94,1.89
2641,2.02,1.97
2642,1.955,1.93
2643,2.095,2.07
2644,1.99,1.965
2645,1.995,1.995
2646,1.94,1.89
2647,2.02,1.995
2648,2.005,2.005
2649,2.115,2.09
2650,2.05,2.025
2651,2.02,1.995
2652,1.935,1.885
2653,1.92,1.92
2654,2.06,2.06
2655,1.905,1.855
2656,2.05,2.0
2657,2.07,2.02
2658,1.93,1.93
2659,2.075,2.075
2660,1.885,1.835
2661,1.955,1.905
2662,2.04,1.99
2663,2.11,2.085
2664,1.995,1.97
2665,1.93,1.905
2666,2.035,2.01
2667,2.02,1.97
2668,1.975,1.95
2669,2.09,2.04
2670,2.16,2.11
2671,2.03,1.98
2672,1.91,1.885
2673,2.145,2.095
2674,2.115,2.065
2675,1.87,1.87
2676,1.91,1.885
2677,2.05,2.025
2678,2.05,2.025
2679,2.04,2.015
2680,2.08,2.08
2681,1.955,1.93
2682,1.945,1.895
2683,1.98,1.955
2684,1.985,1.935
2685,2.04,1.99
2686,2.14,2.115
2687,2.185,2.135
2688,2.095,2.045
2689,1.975,1.975
2690,2.025,2.0
2691,2.04,2.04
2692,2.045,2.02
2693,2.065,2.015
2694,2.085,2.06
2695,2.085,2.085
2696,1.97,1.97
2697,1.885,1.86
2698,1.92,1.895
2699,2.045,2.02
2700,2.06,2.01
2701,1.955,1.905
2702,2.03,2.005
2703,2.0,1.975
2704,2.065,2.065
2705,2.115,2.09
2706,2.085,2.06
2707,1.98,1.93
2708,2.005,1.98
2709,2.055,2.03
2710,2.05,2.025
2711,2.015,1.99
2712,2.05,2.0
2713,2.07,2.045
2714,2.0,2.0
2715,2.0,2.0
2716,2.05,2.025
2717,1.935,1.885
2718,2.06,2.01
2719,2.07,2.02
2720,1.845,1.795
2721,2.035,1.985
2722,2.095,2.095
2723,1.89,1.84
2724,1.95,1.925
2725,2.14,2.115
2726,1.96,1.91
2727,1.99,1.965
2728,2.08,2.03
2729,1.97,1.92
2730,1.995,1.97
2731,1.96,1.91
2732,2.04,2.015
2733,2.05,2.025
2734,2.06,2.035
2735,1.935,1.91
2736,2.03,2.005
2737,1.87,1.845
2738,2.025,2.0
2739,2.115,2.065
2740,2.055,2.005
2741,2.045,2.02
2742,2.005,1.955
2743,2.06,2.035
2744,2.105,2.105
2745,1.995,1.97
2746,2.035,2.01
2747,2.095,2.07
2748,2.005,1.98
2749,1.88,1.88
2750,1.975,1.925
2751,1.985,1.96
2752,2.055,2.055
2753,2.05,2.025
2754,2.03,1.98
2755,2.035,2.01
2756,2.005,1.98
2757,2.07,2.045
2758,2.03,2.03
2759,2.065,2.015
2760,1.95,1.925
2761,2.04,1.99
2762,2.035,1.985
2763,2.02,2.02
2764,2.06,2.01
2765,1.99,1.965
2766,2.04,2.015
2767,2.035,2.01
2768,2.0,1.975
2769,2.095,2.07
2770,2.075,2.05
2771,2.08,2.03
2772,2.045,2.045
2773,2.065,2.04
2774,1.965,1.94
2775,2.005,1.955
2776,1.905,1.855
2777,2.065,2.015
2778,2.05,2.0
2779,1.935,1.91
2780,2.045,1.995
2781,2.09,2.065
2782,2.07,2.02
2783,2.125,2.1
2784,2.045,2.045
2785,2.035,2.035
2786,2.02,1.995
2787,2.025,2.025
2788,2.195,2.145
2789,2.005,1.98
2790,2.01,1.985
2791,1.955,1.93
2792,2.055,2.005
2793,2.025,1.975
2794,1.885,1.86
2795,2.215,2.19
2796,2.04,1.99
2797,2.1,2.075
2798,2.03,2.005
2799,2.01,1.985
2800,2.005,1.955
2801,2.04,2.015
2802,2.145,2.12
2803,2.02,1.995
2804,2.14,2.09
2805,2.07,2.045
2806,2.095,2.07
2807,2.045,2.045
2808,2.055,2.055
2809,2.12,2.12
2810,2.025,1.975
2811,1.975,1.95
2812,2.115,2.065
2813,2.075,2.05
2814,1.94,1.94
2815,1.99,1.965
2816,2.025,2.0
2817,1.965,1.94
2818,1.99,1.965
2819,1.92,1.92
2820,2.075,2.05
2821,2.035,2.01
2822,2.09,2.09
2823,2.075,2.025
2824,1.985,1.96
2825,2.025,2.0
2826,2.055,2.005
2827,2.125,2.1
2828,1.87,1.845
2829,1.975,1.95
2830,2.035,1.985
2831,2.055,2.005
2832,2.02,1.97
2833,1.97,1.945
2834,1.955,1.905
2835,2.05,2.025
2836,1.97,1.945
2837,2.07,2.045
2838,2.09,2.065
2839,2.095,2.095
2840,2.13,2.08
2841,2.0,1.95
2842,1.86,1.86
2843,1.795,1.795
2844,1.965,1.915
2845,1.95,1.9
2846,2.0,2.0
2847,2.0,1.975
2848,2.045,1.995
2849,1.98,1.955
2850,1.995,1.945
2851,2.075,2.05
2852,2.02,1.995
2853,1.875,1.85
2854,2.045,1.995
2855,2.105,2.055
2856,1.88,1.88
2857,2.06,2.035
2858,2.065,2.04
2859,2.12,2.12
2860,2.03,2.005
2861,1.98,1.955
2862,2.01,1.985
2863,1.905,1.88
2864,2.025,1.975
2865,2.01,2.01
2866,1.925,1.9
2867,2.035,1.985
2868,2.05,2.0
2869,1.915,1.89
2870,2.005,1.98
2871,1.98,1.955
2872,2.03,1.98
2873,1.945,1.895
2874,2.0,1.975
2875,2.05,2.05
2876,1.94,1.915
2877,1.95,1.925
2878,2.015,1.99
2879,2.16,2.135
2880,1.935,1.885
2881,2.085,2.035
2882,1.975,1.925
2883,2.035,2.035
2884,2.005,1.98
2885,1.98,1.93
2886,2.05,2.0
2887,2.065,2.015
2888,2.065,2.065
2889,1.985,1.96
2890,1.87,1.845
2891,1.885,1.835
2892,1.91,1.885
2893,1.965,1.965
2894,2.09,2.04
2895,2.04,1.99
2896,1.965,1.915
2897,2.185,2.16
2898,1.94,1.915
2899,2.035,2.01
2900,2.075,2.05
2901,1.99,1.965
2902,2.17,2.12
2903,2.045,2.02
2904,1.955,1.955
2905,2.1,2.05
2906,1.945,1.945
2907,1.97,1.97
2908,1.96,1.935
2909,2.02,1.995
2910,2.045,1.995
2911,1.95,1.925
2912,1.93,1.905
2913,1.99,1.965
2914,2.03,1.98
2915,2.085,2.035
2916,1.985,1.935
2917,1.91,1.885
2918,1.88,1.855
2919,2.09,2.065
2920,1.995,1.945
2921,1.965,1.94
2922,2.11,2.06
2923,2.055,2.03
2924,2.005,1.98
2925,2.075,2.05
2926,2.015,1.965
2927,1.975,1.925
2928,2.07,2.045
2929,2.025,1.975
2930,2.045,2.045
2931,1.93,1.88
2932,2.04,2.015
2933,2.125,2.125
2934,2.055,2.03
2935,2.085,2.06
2936,1.99,1.965
2937,2.02,1.995
2938,2.045,2.045
2939,1.965,1.915
2940,2.085,2.06
2941,2.115,2.065
2942,2.05,2.0
2943,2.11,2.06
2944,2.195,2.17
2945,1.9,1.9
2946,2.19,2.14
2947,1.995,1.97
2948,1.96,1.935
2949,2.13,2.105
2950,2.0,2.0
2951,1.975,1.95
2952,2.135,2.085
2953,2.04,2.015
2954,2.145,2.12
2955,2.115,2.09
2956,2.07,2.02
2957,2.135,2.11
2958,2.09,2.065
2959,2.025,2.0
2960,2.165,2.115
2961,1.93,1.88
2962,2.1,2.075
2963,2.075,2.05
2964,2.065,2.015
2965,2.02,1.995
2966,2.07,2.02
2967,2.02,1.97
2968,2.06,2.035
2969,2.0,1.95
2970,1.985,1.985
2971,2.055,2.03
2972,1.98,1.93
2973,2.02,1.995
2974,2.14,2.115
2975,1.99,1.94
2976,2.065,2.015
2977,1.96,1.96
2978,2.045,1.995
2979,2.04,2.015
2980,2.02,1.97
2981,1.985,1.96
2982,2.015,1.965
2983,2.05,2.05
2984,1.995,1.945
2985,1.925,1.875
2986,2.245,2.195
2987,2.1,2.1
2988,1.995,1.97
2989,2.16,2.11
2990,1.975,1.925
2991,2.15,2.125
2992,2.04,2.015
2993,2.045,2.02
2994,2.03,1.98
2995,1.935,1.885
2996,2.17,2.12
2997,2.085,2.085
2998,2.065,2.04
2999,2.135,2.11
3000,2.0,1.95
3001,2.145,2.12
3002,2.085,2.035
3003,2.045,1.995
3004,2.165,2.165
3005,2.04,2.04
3006,2.045,2.02
3007,1.995,1.995
3008,2.17,2.12
3009,2.105,2.08
3010,2.145,2.12
3011,1.96,1.935
3012,2.025,2.0
3013,1.975,1.95
3014,2.195,2.17
3015,2.135,2.085
3016,2.13,2.13
3017,2.11,2.11
3018,2.13,2.105
3019,1.985,1.96
3020,2.135,2.11
3021,2.03,2.005
3022,2.14,2.09
3023,2.095,2.07
3024,2.17,2.12
3025,2.165,2.115
3026,2.185,2.16
3027,2.12,2.095
3028,1.995,1.945
3029,2.075,2.025
3030,2.09,2.065
3031,2.14,2.14
3032,1.965,1.915
3033,2.09,2.04
3034,1.92,1.895
3035,2.045,1.995
3036,2.12,2.07
3037,2.01,1.96
3038,2.155,2.105
3039,2.005,1.955
3040,2.1,2.075
3041,2.05,2.0
3042,2.005,1.955
3043,1.95,1.9
3044,2.135,2.085
3045,2.075,2.025
3046,2.115,2.09
3047,2.125,2.075
3048,1.99,1.965
3049,2.02,1.995
3050,1.9,1.85
3051,2.015,1.965
3052,2.105,2.105
3053,1.96,1.91
3054,2.16,2.11
3055,2.07,2.045
3056,2.06,2.035
3057,2.2,2.2
3058,2.195,2.195
3059,2.105,2.08
3060,2.08,2.055
3061,2.015,1.965
3062,2.08,2.055
3063,2.01,1.985
3064,2.255,2.205
3065,1.96,1.91
3066,1.995,1.945
3067,2.175,2.175
3068,2.07,2.02
3069,2.095,2.07
3070,2.105,2.105
3071,2.055,2.03
3072,2.145,2.12
3073,1.945,1.895
3074,2.15,2.125
3075,2.055,2.03
3076,2.04,2.04
3077,2.0,2.0
3078,2.06,2.035
3079,1.98,1.955
3080,2.01,1.985
3081,2.125,2.075
3082,2.065,2.04
3083,2.06,2.035
3084,2.05,2.0
3085,1.975,1.975
3086,2.11,2.06
3087,2.04,2.015
3088,2.11,2.06
3089,2.065,2.015
3090,2.04,1.99
3091,2.015,2.015
3092,1.97,1.945
3093,2.095,2.07
3094,1.985,1.985
3095,2.17,2.145
3096,1.87,1.82
3097,2.11,2.06
3098,1.915,1.865
3099,2.075,2.025
3100,1.975,1.925
3101,2.005,2.005
3102,2.015,1.99
3103,2.045,2.02
3104,2.075,2.025
3105,2.13,2.08
3106,2.015,1.965
3107,2.04,1.99
3108,2.045,2.02
3109,2.12,2.095
3110,2.115,2.065
3111,2.015,2.015
3112,1.895,1.895
3113,1.99,1.94
3114,2.045,2.02
3115,1.94,1.89
3116,1.995,1.995
3117,1.99,1.965
3118,2.095,2.07
3119,2.04,2.015
3120,2.125,2.1
3121,1.89,1.865
3122,1.98,1.955
3123,2.045,2.045
3124,2.075,2.05
3125,1.975,1.95
3126,1.985,1.96
3127,2.065,2.015
3128,2.025,2.0
3129,2.03,1.98
3130,2.085,2.06
3131,1.975,1.95
3132,1.87,1.845
3133,2.03,1.98
3134,2.135,2.11
3135,1.945,1.895
3136,2.075,2.05
3137,2.0,1.95
3138,1.95,1.9
3139,2.105,2.08
3140,1.985,1.96
3141,2.055,2.03
3142,2.075,2.025
3143,2.02,1.995
3144,2.075,2.025
3145,2.13,2.105
3146,2.005,2.005
3147,2.075,2.05
3148,2.065,2.04
3149,2.0,1.975
3150,1.975,1.95
3151,2.085,2.06
3152,1.885,1.885
3153,2.09,2.04
3154,2.065,2.04
3155,2.11,2.085
3156,1.92,1.92
3157,1.935,1.885
3158,2.115,2.09
3159,2.005,1.98
3160,2.11,2.06
3161,2.045,2.02
3162,2.1,2.05
3163,2.035,2.01
3164,2.08,2.03
3165,1.895,1.87
3166,1.92,1.87
3167,2.05,2.05
3168,1.96,1.935
3169,2.05,2.025
3170,1.995,1.97
3171,1.94,1.89
3172,1.965,1.965
3173,2.045,2.02
3174,2.115,2.065
3175,1.99,1.94
3176,1.96,1.91
3177,1.97,1.945
3178,2.04,2.015
3179,1.98,1.955
3180,1.92,1.895
3181,1.88,1.855
3182,2.035,2.035
3183,1.745,1.745
3184,1.965,1.94
3185,1.97,1.92
3186,1.935,1.91
3187,1.97,1.92
3188,2.05,2.0
3189,2.055,2.005
3190,1.99,1.94
3191,1.995,1.945
3192,2.01,1.985
3193,1.975,1.95
3194,2.06,2.035
3195,2.035,2.035
3196,2.02,2.02
3197,2.04,1.99
3198,1.955,1.93
3199,1.815,1.765
3200,2.035,1.985
3201,1.915,1.89
3202,2.02,1.995
3203,2.02,1.995
3204,2.025,2.025
3205,1.95,1.9
3206,2.065,2.015
3207,1.94,1.915
3208,1.945,1.92
3209,1.945,1.92
3210,2.04,2.015
3211,2.035,2.01
3212,1.965,1.94
3213,2.02,1.995
3214,1.94,1.89
3215,2.055,2.055
3216,1.94,1.915
3217,2.025,2.0
3218,2.05,2.025
3219,1.97,1.97
3220,2.015,1.99
3221,1.9,1.85
3222,1.97,1.92
3223,1.995,1.945
3224,1.945,1.945
3225,1.975,1.95
3226,2.09,2.04
3227,1.935,1.91
3228,1.97,1.92
3229,1.945,1.92
3230,1.97,1.92
3231,2.045,2.02
3232,1.945,1.92
3233,2.035,2.01
3234,1.99,1.99
3235,2.1,2.05
3236,2.06,2.01
3237,1.87,1.82
3238,2.005,1.955
3239,2.035,2.01
3240,1.875,1.825
3241,2.115,2.065
3242,1.99,1.99
3243,2.1,2.075
3244,1.9,1.875
3245,1.93,1.88
3246,2.06,2.035
3247,2.055,2.03
3248,1.945,1.92
3249,1.91,1.885
3250,2.0,1.975
3251,2.0,1.95
3252,2.035,2.01
3253,1.99,1.94
3254,2.065,2.065
3255,2.18,2.155
3256,2.04,2.015
3257,1.895,1.87
3258,2.135,2.085
3259,2.09,2.04
3260,2.08,2.055
3261,2.03,2.005
3262,1.905,1.88
3263,1.985,1.935
3264,1.93,1.93
3265,2.1,2.05
3266,2.055,2.03
3267,1.98,1.955
3268,2.04,2.015
3269,1.925,1.9
3270,2.115,2.09
3271,2.055,2.005
3272,2.05,2.05
3273,1.8,1.8
3274,1.94,1.915
3275,2.035,2.01
3276,2.035,2.01
3277,1.945,1.92
3278,1.985,1.96
3279,1.98,1.955
3280,1.95,1.925
3281,1.945,1.92
3282,2.07,2.045
3283,2.12,2.07
3284,2.025,2.025
3285,2.16,2.135
3286,2.15,2.125
3287,1.91,1.885
3288,1.99,1.965
3289,2.025,2.0
3290,2.035,1.985
3291,2.055,2.03
3292,2.04,2.04
3293,1.855,1.805
3294,2.03,2.03
3295,2.08,2.03
3296,2.02,1.995
3297,2.045,2.02
3298,2.115,2.115
3299,1.86,1.86
3300,2.12,2.095
3301,2.0,1.95
3302,1.965,1.94
3303,2.14,2.115
3304,1.89,1.865
3305,1.955,1.93
3306,2.05,2.05
3307,2.045,1.995
3308,2.06,2.035
3309,1.99,1.94
3310,1.94,1.89
3311,1.935,1.91
3312,2.055,2.03
3313,2.1,2.075
3314,1.96,1.91
3315,2.04,2.015
3316,1.96,1.935
3317,1.95,1.925
3318,1.995,1.945
3319,1.9,1.875
3320,2.065,2.015
3321,1.955,1.905
3322,1.825,1.8
3323,1.92,1.92
3324,2.025,1.975
3325,2.075,2.025
3326,1.925,1.875
3327,1.995,1.97
3328,1.995,1.945
3329,1.925,1.925
3330,2.035,1.985
3331,1.94,1.915
3332,2.055,2.005
3333,1.965,1.94
3334,1.915,1.865
3335,2.105,2.08
3336,1.825,1.8
3337,1.93,1.905
3338,1.945,1.895
3339,1.935,1.91
3340,2.07,2.02
3341,2.025,1.975
3342,2.035,2.01
3343,2.045,2.02
3344,1.915,1.89
3345,1.925,1.925
3346,1.915,1.865
3347,1.91,1.885
3348,1.86,1.835
3349,1.86,1.81
3350,2.065,2.04
3351,2.07,2.02
3352,1.885,1.86
3353,2.01,1.985
3354,1.87,1.845
3355,1.98,1.955
3356,1.885,1.86
3357,2.04,1.99
3358,2.015,1.99
3359,1.91,1.885
3360,2.005,1.98
3361,1.94,1.915
3362,1.875,1.85
3363,2.04,1.99
3364,2.11,2.06
3365,1.855,1.855
3366,1.96,1.91
3367,2.02,1.97
3368,1.92,1.895
3369,2.005,1.955
3370,2.015,2.015
3371,1.845,1.82
3372,1.81,1.81
3373,1.965,1.965
3374,2.005,1.98
3375,2.02,1.97
3376,1.835,1.785
3377,1.875,1.825
3378,2.13,2.08
3379,2.095,2.045
3380,1.86,1.835
3381,1.945,1.945
3382,2.05,2.0
3383,1.955,1.93
3384,1.965,1.94
3385,2.085,2.035
3386,1.98,1.93
3387,1.97,1.945
3388,1.975,1.925
3389,1.92,1.895
3390,1.965,1.915
3391,1.98,1.955
3392,2.03,2.005
3393,1.94,1.94
3394,1.925,1.9
3395,1.98,1.98
3396,1.94,1.89
3397,2.045,1.995
3398,1.945,1.92
3399,1.9,1.85
3400,1.975,1.95
3401,1.99,1.965
3402,2.105,2.08
3403,1.935,1.91
3404,1.93,1.905
3405,2.035,2.035
3406,2.0,1.95
3407,1.825,1.8
3408,1.895,1.895
3409,2.035,2.01
3410,1.92,1.87
3411,2.015,1.965
3412,1.935,1.91
3413,1.94,1.915
3414,1.955,1.955
3415,2.02,1.97
3416,2.09,2.04
3417,1.95,1.9
3418,1.905,1.855
3419,2.025,1.975
3420,2.08,2.03
3421,2.06,2.035
3422,2.07,2.045
3423,1.98,1.955
3424,2.09,2.065
3425,1.895,1.845
3426,2.0,1.975
3427,1.98,1.955
3428,2.045,2.02
3429,1.99,1.965
3430,1.975,1.975
3431,1.99,1.965
3432,1.835,1.835
3433,2.0,1.95
3434,1.855,1.855
3435,1.925,1.875
3436,1.935,1.885
3437,1.895,1.87
3438,1.905,1.855
3439,2.06,2.035
3440,1.965,1.94
3441,1.995,1.97
3442,1.915,1.89
3443,1.975,1.95
3444,2.015,1.99
3445,1.92,1.895
3446,2.09,2.04
3447,1.94,1.915
3448,2.025,1.975
3449,1.98,1.955
3450,1.93,1.93
3451,1.89,1.84
3452,2.01,2.01
3453,2.135,2.11
3454,2.04,2.04
3455,1.945,1.92
3456,2.05,2.0
3457,1.92,1.895
3458,1.9,1.85
3459,1.965,1.965
3460,1.815,1.765
3461,1.865,1.865
3462,2.0,1.95
3463,1.96,1.935
3464,2.005,1.955
3465,2.05,2.025
3466,2.045,1.995
3467,1.91,1.885
3468,1.985,1.935
3469,1.98,1.93
3470,1.925,1.875
3471,2.025,1.975
3472,2.0,1.975
3473,1.985,1.96
3474,1.885,1.885
3475,1.885,1.835
3476,2.15,2.15
3477,1.91,1.885
3478,2.02,1.995
3479,1.97,1.92
3480,2.16,2.135
3481,2.015,1.965
3482,1.915,1.865
3483,1.98,1.98
3484,2.055,2.055
3485,2.025,1.975
3486,1.995,1.97
3487,1.93,1.905
3488,2.05,2.025
3489,2.025,1.975
3490,2.075,2.05
3491,2.055,2.005
3492,1.96,1.91
3493,1.95,1.9
3494,1.915,1.865
3495,1.99,1.99
3496,1.92,1.895
3497,1.97,1.92
3498,1.995,1.945
3499,1.925,1.875
3500,1.965,1.915
3501,1.9,1.875
3502,1.965,1.94
3503,1.915,1.89
3504,1.975,1.975
3505,2.055,2.03
3506,2.01,2.01
3507,1.96,1.91
3508,2.08,2.055
3509,2.005,1.955
3510,1.95,1.9
3511,1.955,1.905
3512,1.995,1.97
3513,1.905,1.88
3514,1.94,1.94
3515,1.89,1.84
3516,1.96,1.91
3517,1.875,1.825
3518,1.965,1.915
3519,2.055,2.03
3520,1.86,1.835
3521,2.08,2.03
3522,1.99,1.94
3523,1.92,1.895
3524,1.995,1.945
3525,2.0,2.0
3526,2.12,2.095
3527,2.025,1.975
3528,1.895,1.845
3529,1.975,1.95
3530,2.02,2.02
3531,2.07,2.045
3532,2.055,2.005
3533,2.05,2.0
3534,2.005,1.98
3535,1.995,1.97
3536,2.005,2.005
3537,1.88,1.83
3538,2.08,2.055
3539,2.055,2.005
3540,2.03,1.98
3541,1.975,1.925
3542,2.025,1.975
3543,2.005,1.955
3544,1.905,1.88
3545,1.945,1.895
3546,1.96,1.91
3547,2.0,1.95
3548,2.13,2.08
3549,2.045,1.995
3550,1.875,1.825
3551,1.94,1.915
3552,1.98,1.93
3553,1.94,1.89
3554,2.005,1.955
3555,1.855,1.805
3556,1.97,1.945
3557,1.97,1.92
3558,1.96,1.96
3559,1.925,1.925
3560,1.94,1.89
3561,2.005,1.98
3562,1.89,1.89
3563,1.855,1.855
3564,2.07,2.045
3565,1.99,1.965
3566,1.88,1.855
3567,1.985,1.96
3568,1.94,1.89
3569,1.95,1.9
3570,2.015,1.965
3571,1.935,1.935
3572,2.005,1.98
3573,1.97,1.945
3574,1.995,1.945
3575,2.02,1.97
3576,1.97,1.945
3577,2.065,2.04
3578,2.09,2.09
3579,2.065,2.015
3580,2.045,2.02
3581,1.93,1.905
3582,1.925,1.875
3583,1.985,1.96
3584,1.91,1.86
3585,1.955,1.955
3586,1.995,1.945
3587,2.155,2.105
3588,2.065,2.04
3589,1.885,1.835
3590,1.965,1.94
3591,2.085,2.06
3592,1.935,1.91
3593,2.025,1.975
3594,1.945,1.92
3595,2.005,1.955
3596,1.935,1.885
3597,1.99,1.965
3598,2.105,2.08
3599,2.015,1.99
3600,2.025,2.0
3601,1.965,1.94
3602,2.06,2.035
3603,1.915,1.865
3604,1.925,1.9
3605,1.775,1.775
3606,1.98,1.955
3607,1.94,1.915
3608,1.945,1.92
3609,1.98,1.955
3610,1.87,1.87
3611,1.87,1.82
3612,1.845,1.82
3613,1.925,1.925
3614,1.97,1.92
3615,1.885,1.835
3616,2.055,2.005
3617,1.92,1.87
3618,1.885,1.86
3619,1.965,1.94
3620,1.955,1.93
3621,2.03,1.98
3622,1.9,1.85
3623,1.99,1.965
3624,1.97,1.92
3625,1.935,1.91
3626,2.03,2.03
3627,2.06,2.01
3628,1.925,1.875
3629,1.865,1.84
3630,1.98,1.98
3631,2.04,2.015
3632,2.0,1.975
3633,1.94,1.94
3634,1.94,1.94
3635,2.01,2.01
3636,1.88,1.83
3637,1.985,1.96
3638,1.915,1.865
3639,1.835,1.81
3640,2.07,2.02
3641,1.995,1.945
3642,2.07,2.02
3643,1.955,1.93
3644,1.92,1.92
3645,1.98,1.955
3646,1.945,1.895
3647,1.9,1.875
3648,2.095,2.045
3649,1.985,1.935
3650,1.91,1.885
3651,2.05,2.025
3652,1.955,1.93
3653,1.935,1.91
3654,1.885,1.835
3655,1.975,1.925
3656,1.915,1.89
3657,1.97,1.97
3658,1.92,1.87
3659,2.03,2.005
3660,1.965,1.94
3661,1.94,1.915
3662,1.89,1.865
3663,2.025,2.0
3664,1.965,1.94
3665,1.88,1.855
3666,1.89,1.865
3667,1.955,1.905
3668,1.985,1.96
3669,1.995,1.97
3670,2.07,2.045
3671,1.995,1.995
3672,2.0,1.95
3673,1.965,1.915
3674,1.915,1.89
3675,1.89,1.89
3676,2.035,1.985
3677,1.865,1.815
3678,1.865,1.865
3679,1.915,1.89
3680,1.85,1.8
3681,2.025,2.0
3682,1.98,1.98
3683,1.98,1.955
3684,2.03,2.03
3685,1.995,1.945
3686,1.8,1.775
3687,1.885,1.86
3688,1.935,1.885
3689,1.96,1.935
3690,1.89,1.865
3691,2.05,2.025
3692,1.985,1.96
3693,1.925,1.925
3694,1.955,1.905
3695,2.07,2.045
3696,2.105,2.055
3697,2.02,1.995
3698,2.035,2.01
3699,1.945,1.92
3700,2.055,2.03
3701,2.115,2.065
3702,2.025,2.0
3703,1.99,1.99
3704,2.08,2.055
3705,1.935,1.91
3706,1.895,1.87
3707,1.98,1.955
3708,1.93,1.905
3709,1.95,1.9
3710,1.995,1.97
3711,2.035,1.985
3712,2.01,1.985
3713,1.885,1.835
3714,1.895,1.87
3715,1.895,1.845
3716,1.99,1.965
3717,2.12,2.095
3718,1.94,1.915
3719,1.995,1.97
3720,2.07,2.045
3721,1.885,1.86
3722,1.97,1.945
3723,2.01,1.985
3724,2.025,2.0
3725,2.0,2.0
3726,2.035,1.985
3727,2.13,2.105
3728,2.02,1.97
3729,2.1,2.075
3730,1.975,1.925
3731,1.995,1.945
3732,2.035,1.985
3733,1.995,1.97
3734,1.95,1.925
3735,1.95,1.925
3736,2.13,2.105
3737,2.035,2.01
3738,2.13,2.105
3739,1.935,1.91
3740,2.015,1.965
3741,2.1,2.1
3742,1.975,1.975
3743,2.045,2.045
3744,2.085,2.06
3745,1.98,1.955
3746,2.025,1.975
3747,2.045,1.995
3748,1.96,1.91
3749,1.98,1.93
3750,1.955,1.93
3751,1.875,1.85
3752,1.885,1.835
3753,2.0,1.975
3754,1.91,1.885
3755,2.01,1.985
3756,2.005,1.955
3757,2.015,1.965
3758,2.05,2.025
3759,1.955,1.93
3760,2.08,2.03
3761,1.92,1.895
3762,2.07,2.07
3763,2.03,2.03
3764,2.14,2.115
3765,2.01,1.985
3766,2.035,1.985
3767,2.115,2.065
3768,1.97,1.97
3769,2.02,1.995
3770,2.135,2.085
3771,1.98,1.93
3772,1.84,1.79
3773,2.035,1.985
3774,2.045,1.995
3775,2.01,1.96
3776,1.91,1.86
3777,2.02,1.995
3778,1.96,1.935
3779,2.105,2.055
3780,2.01,1.985
3781,2.015,2.015
3782,2.085,2.035
3783,2.01,1.96
3784,2.1,2.075
3785,2.055,2.03
3786,1.975,1.925
3787,2.0,1.975
3788,2.005,1.955
3789,2.045,2.045
3790,1.98,1.955
3791,1.955,1.955
3792,2.075,2.025
3793,2.03,2.005
3794,2.04,2.015
3795,1.9,1.85
3796,1.955,1.905
3797,2.04,2.015
3798,2.18,2.13
3799,2.01,2.01
3800,2.085,2.06
3801,1.885,1.86
3802,1.96,1.91
3803,2.12,2.095
3804,2.045,1.995
3805,2.035,2.01
3806,2.005,2.005
3807,2.135,2.11
3808,2.12,2.07
3809,1.93,1.88
3810,1.94,1.89
3811,2.0,1.975
3812,2.015,1.965
3813,2.015,1.965
3814,1.96,1.96
3815,2.085,2.06
3816,2.04,1.99
3817,2.245,2.22
3818,1.985,1.96
3819,1.98,1.955
3820,1.91,1.86
3821,1.89,1.865
3822,1.99,1.94
3823,2.025,2.0
3824,1.885,1.835
3825,2.07,2.02
3826,2.14,2.115
3827,2.085,2.035
3828,2.065,2.04
3829,1.995,1.97
3830,2.065,2.015
3831,2.01,1.96
3832,1.935,1.885
3833,2.11,2.06
3834,2.085,2.085
3835,1.8,1.775
3836,2.09,2.065
3837,2.18,2.155
3838,2.0,2.0
3839,2.035,2.01
3840,2.07,2.07
3841,1.885,1.86
3842,2.01,1.96
3843,1.99,1.965
3844,1.9,1.85
3845,2.075,2.075
3846,2.115,2.065
3847,2.07,2.02
3848,1.99,1.965
3849,2.055,2.03
3850,1.975,1.925
3851,1.97,1.945
3852,2.075,2.05
3853,2.055,2.005
3854,1.905,1.905
3855,2.025,2.0
3856,2.02,1.995
3857,2.03,2.005
3858,2.005,1.98
3859,2.065,2.015
3860,2.035,1.985
3861,2.035,2.01
3862,2.015,1.965
3863,2.04,1.99
3864,1.97,1.945
3865,1.975,1.925
3866,1.875,1.825
3867,1.94,1.915
3868,1.895,1.87
3869,2.05,2.0
3870,2.015,1.965
3871,1.985,1.96
3872,1.9,1.875
3873,1.935,1.91
3874,2.13,2.13
3875,2.095,2.045
3876,2.13,2.08
3877,1.92,1.895
3878,1.985,1.985
3879,2.06,2.01
3880,2.045,1.995
3881,2.02,1.97
3882,2.075,2.05
3883,1.94,1.915
3884,1.95,1.9
3885,2.09,2.04
3886,2.035,1.985
3887,1.93,1.88
3888,1.935,1.935
3889,2.05,2.0
3890,2.03,2.005
3891,1.985,1.96
3892,2.015,1.965
3893,1.915,1.89
3894,2.02,1.995
3895,2.065,2.04
3896,2.005,1.98
3897,2.045,2.02
3898,2.1,2.1
3899,2.0,1.975
3900,2.0,1.95
3901,2.2,2.175
3902,1.98,1.98
3903,2.03,2.03
3904,2.045,1.995
3905,2.005,1.98
3906,1.975,1.925
3907,1.995,1.945
3908,1.965,1.915
3909,2.0,1.975
3910,2.0,1.95
3911,1.96,1.96
3912,1.94,1.89
3913,2.02,1.97
3914,1.935,1.935
3915,1.95,1.9
3916,1.96,1.935
3917,2.045,1.995
3918,2.01,1.96
3919,2.055,2.005
3920,2.05,2.0
3921,2.07,2.07
3922,2.04,1.99
3923,2.065,2.015
3924,2.005,1.98
3925,1.925,1.9
3926,2.005,1.98
3927,2.015,1.99
3928,2.025,2.0
3929,2.04,2.04
3930,2.095,2.07
3931,1.97,1.945
3932,2.035,1.985
3933,1.925,1.9
3934,2.14,2.115
3935,2.02,1.995
3936,2.025,2.0
3937,1.935,1.91
3938,1.945,1.92
3939,2.08,2.03
3940,2.005,1.98
3941,2.16,2.16
3942,2.01,1.985
3943,2.07,2.02
3944,1.885,1.885
3945,2.175,2.125
3946,2.14,2.09
3947,2.095,2.045
3948,2.09,2.04
3949,2.015,1.965
3950,1.975,1.925
3951,2.005,1.98
3952,1.935,1.935
3953,1.9,1.85
3954,2.035,1.985
3955,1.965,1.94
3956,2.035,2.01
3957,2.075,2.025
3958,1.99,1.965
3959,2.14,2.09
3960,2.02,1.995
3961,1.94,1.89
3962,2.055,2.03
3963,2.025,2.0
3964,2.06,2.035
3965,2.005,1.98
3966,2.045,1.995
3967,2.14,2.09
3968,2.09,2.04
3969,1.935,1.91
3970,1.925,1.9
3971,2.005,1.98
3972,1.985,1.96
3973,1.98,1.93
3974,1.92,1.87
3975,2.0,1.975
3976,1.995,1.97
3977,2.01,1.96
3978,2.125,2.1
3979,1.975,1.95
3980,1.93,1.88
3981,2.085,2.035
3982,2.03,2.005
3983,1.975,1.925
3984,1.98,1.93
3985,1.985,1.96
3986,1.92,1.87
3987,2.08,2.055
3988,1.96,1.935
3989,2.01,1.985
3990,2.14,2.09
3991,2.105,2.055
3992,2.025,1.975
3993,2.015,1.99
3994,1.98,1.955
3995,1.96,1.935
3996,2.045,2.045
3997,2.09,2.065
3998,1.98,1.955
3999,2.055,2.005
4000,2.04,2.04
4001,1.98,1.98
4002,1.995,1.995
4003,2.08,2.08
4004,1.98,1.98
4005,1.995,1.97
4006,1.94,1.915
4007,2.12,2.095
4008,2.155,2.13
4009,2.01,1.985
4010,1.99,1.965
4011,1.93,1.905
4012,1.91,1.885
4013,1.83,1.805
4014,1.935,1.885
4015,1.92,1.895
4016,1.865,1.865
4017,2.105,2.055
4018,2.055,2.03
4019,2.025,1.975
4020,2.02,1.97
4021,1.955,1.905
4022,1.965,1.94
4023,2.01,1.96
4024,2.045,1.995
4025,2.06,2.035
4026,2.135,2.11
4027,2.095,2.07
4028,1.955,1.905
4029,1.99,1.965
4030,1.965,1.94
4031,1.905,1.905
4032,2.09,2.065
4033,2.065,2.065
4034,2.05,2.025
4035,2.08,2.055
4036,1.97,1.945
4037,1.965,1.915
4038,2.075,2.025
4039,2.045,2.02
4040,1.965,1.94
4041,1.955,1.955
4042,2.05,2.0
4043,1.935,1.885
4044,1.905,1.855
4045,2.045,2.045
4046,1.99,1.965
4047,1.855,1.805
4048,1.97,1.92
4049,1.97,1.97
4050,1.985,1.935
4051,1.86,1.81
4052,2.015,1.99
4053,1.94,1.915
4054,2.09,2.065
4055,2.035,2.01
4056,2.095,2.07
4057,1.94,1.915
4058,2.0,1.95
4059,1.98,1.955
4060,1.985,1.935
4061,1.9,1.875
4062,1.925,1.925
4063,2.12,2.095
4064,1.97,1.92
4065,1.985,1.935
4066,1.965,1.94
4067,1.94,1.915
4068,1.99,1.99
4069,1.97,1.97
4070,2.085,2.035
4071,2.04,2.015
4072,2.03,2.005
4073,2.07,2.045
4074,2.08,2.055
4075,2.165,2.14
4076,1.975,1.95
4077,1.915,1.89
4078,1.955,1.955
4079,2.13,2.08
4080,2.07,2.045
4081,1.965,1.915
4082,2.02,1.995
4083,2.125,2.075
4084,2.115,2.09
4085,2.025,2.0
4086,2.02,2.02
4087,2.01,1.96
4088,2.015,1.99
4089,1.97,1.92
4090,1.9,1.9
4091,2.0,2.0
4092,1.995,1.97
4093,1.9,1.85
4094,2.035,1.985
4095,1.92,1.895
4096,2.14,2.115
4097,2.065,2.04
4098,2.04,1.99
4099,2.085,2.06
4100,2.135,2.085
4101,2.105,2.08
4102,2.075,2.05
4103,2.035,2.01
4104,2.12,2.095
4105,1.925,1.925
4106,2.03,1.98
4107,2.115,2.065
4108,2.015,1.99
4109,2.07,2.07
4110,2.02,1.97
4111,1.995,1.97
4112,2.135,2.11
4113,2.085,2.06
4114,2.145,2.145
4115,1.965,1.965
4116,2.055,2.03
4117,2.035,1.985
4118,2.12,2.095
4119,2.07,2.07
4120,2.025,1.975
4121,1.955,1.93
4122,2.025,2.0
4123,1.99,1.99
4124,1.885,1.835
4125,1.96,1.935
4126,2.095,2.095
4127,2.05,2.025
4128,2.0,1.975
4129,1.95,1.9
4130,2.055,2.03
4131,2.065,2.015
4132,2.125,2.1
4133,1.96,1.91
4134,1.94,1.94
4135,1.99,1.94
4136,1.95,1.9
4137,2.09,2.04
4138,2.015,2.015
4139,2.0,1.975
4140,2.12,2.07
4141,1.98,1.93
4142,2.02,1.97
4143,1.995,1.945
4144,1.955,1.905
4145,1.985,1.935
4146,1.96,1.96
4147,1.99,1.965
4148,2.045,2.02
4149,1.965,1.915
4150,2.02,1.995
4151,1.99,1.965
4152,1.95,1.9
4153,2.145,2.095
4154,1.93,1.905
4155,2.06,2.01
4156,2.15,2.15
4157,1.93,1.905
4158,2.095,2.07
4159,2.01,1.985
4160,2.03,2.005
4161,2.075,2.025
4162,2.05,2.05
4163,2.195,2.17
4164,2.12,2.095
4165,2.025,1.975
4166,2.115,2.09
4167,2.1,2.075
4168,2.115,2.09
4169,1.925,1.875
4170,2.04,2.015
4171,2.025,1.975
4172,2.06,2.01
4173,1.96,1.91
4174,2.07,2.02
4175,1.93,1.93
4176,2.105,2.08
4177,2.08,2.03
4178,2.01,2.01
4179,1.99,1.99
4180,2.035,2.035
4181,2.075,2.075
4182,2.13,2.13
4183,2.055,2.055
4184,1.965,1.94
4185,2.085,2.085
4186,2.07,2.045
4187,2.075,2.05
4188,2.115,2.065
4189,2.17,2.145
4190,2.02,1.995
4191,2.125,2.1
4192,2.125,2.1
4193,2.045,2.02
4194,2.105,2.055
4195,2.135,2.11
4196,2.035,2.035
4197,2.115,2.09
4198,2.055,2.03
4199,2.03,1.98
4200,2.05,2.05
4201,1.92,1.895
4202,2.045,2.045
4203,2.11,2.06
4204,2.08,2.03
4205,2.095,2.07
4206,1.93,1.905
4207,2.005,1.98
4208,1.96,1.935
4209,2.095,2.045
4210,2.04,2.015
4211,1.985,1.96
4212,2.02,1.995
4213,1.955,1.905
4214,2.07,2.07
4215,2.075,2.05
4216,2.075,2.05
4217,2.155,2.13
4218,2.1,2.05
4219,2.03,2.03
4220,2.035,1.985
4221,1.965,1.915
4222,2.11,2.085
4223,2.155,2.105
4224,2.13,2.105
4225,2.18,2.155
4226,2.03,2.005
4227,2.15,2.1
4228,1.915,1.865
4229,1.905,1.88
4230,2.145,2.12
4231,2.055,2.03
4232,2.08,2.055
4233,2.11,2.06
4234,2.005,1.955
4235,1.945,1.92
4236,2.07,2.045
4237,2.1,2.075
4238,1.935,1.91
4239,1.965,1.965
4240,1.955,1.93
4241,1.97,1.945
4242,1.92,1.895
4243,1.91,1.86
4244,2.185,2.16
4245,1.94,1.915
4246,1.98,1.93
4247,2.075,2.05
4248,2.06,2.035
4249,1.795,1.795
4250,2.04,1.99
4251,2.215,2.215
4252,1.98,1.955
4253,2.055,2.03
4254,2.14,2.115
4255,1.99,1.965
4256,1.995,1.97
4257,2.095,2.045
4258,1.99,1.965
4259,2.04,2.04
4260,2.17,2.12
4261,2.095,2.07
4262,2.06,2.035
4263,2.085,2.035
4264,2.015,1.99
4265,2.025,1.975
4266,1.955,1.93
4267,2.045,1.995
4268,2.04,2.015
4269,2.0,1.975
4270,2.105,2.08
4271,1.955,1.905
4272,2.01,1.985
4273,2.04,1.99
4274,1.98,1.955
4275,2.11,2.11
4276,2.04,1.99
4277,2.015,1.99
4278,1.96,1.935
4279,1.93,1.905
4280,2.03,2.005
4281,2.125,2.075
4282,2.035,1.985
4283,1.895,1.845
4284,2.13,2.08
4285,2.055,2.005
4286,2.05,2.0
4287,2.16,2.135
4288,2.015,1.965
4289,1.975,1.95
4290,2.06,2.035
4291,1.99,1.99
4292,1.855,1.805
4293,1.98,1.93
4294,1.875,1.85
4295,2.05,2.0
4296,1.965,1.965
4297,2.06,2.035
4298,2.13,2.105
4299,1.9,1.875
4300,2.125,2.075
4301,2.115,2.065
4302,1.96,1.96
4303,2.145,2.12
4304,2.085,2.035
4305,1.955,1.905
4306,2.0,1.95
4307,2.085,2.06
4308,1.92,1.895
4309,2.115,2.09
4310,1.965,1.915
4311,2.045,1.995
4312,2.065,2.04
4313,2.135,2.11
4314,2.1,2.1
4315,1.94,1.89
4316,2.055,2.005
4317,1.97,1.92
4318,2.0,2.0
4319,1.94,1.915
4320,1.96,1.935
4321,2.165,2.14
4322,2.01,1.985
4323,2.11,2.06
4324,1.93,1.905
4325,2.005,1.955
4326,2.03,2.005
4327,2.06,2.035
4328,2.03,1.98
4329,1.99,1.99
4330,1.995,1.97
4331,2.08,2.055
4332,2.14,2.09
4333,1.98,1.98
4334,2.055,2.03
4335,2.13,2.08
4336,1.96,1.935
4337,2.11,2.11
4338,2.025,2.0
4339,2.01,1.985
4340,1.99,1.965
4341,1.94,1.89
4342,1.99,1.965
4343,1.99,1.965
4344,2.02,1.97
4345,2.045,1.995
4346,2.005,1.955
4347,1.98,1.98
4348,1.985,1.935
4349,2.075,2.05
4350,2.08,2.055
4351,1.995,1.945
4352,2.165,2.115
4353,2.085,2.085
4354,2.25,2.225
4355,1.905,1.855
4356,2.02,1.995
4357,1.995,1.945
4358,2.015,1.965
4359,2.03,2.03
4360,1.945,1.945
4361,1.98,1.955
4362,1.985,1.985
4363,2.12,2.095
4364,1.94,1.94
4365,2.115,2.09
4366,1.99,1.965
4367,2.035,2.01
4368,1.975,1.95
4369,1.94,1.94
4370,2.095,2.07
4371,2.12,2.07
4372,1.935,1.91
4373,2.045,2.045
4374,2.04,2.015
4375,2.065,2.04
4376,2.08,2.03
4377,1.955,1.905
4378,1.985,1.985
4379,1.97,1.945
4380,2.005,1.98
4381,2.075,2.05
4382,2.05,2.0
4383,2.04,1.99
4384,1.92,1.895
4385,2.165,2.115
4386,2.0,2.0
4387,2.16,2.135
4388,1.99,1.94
4389,2.125,2.125
4390,1.96,1.935
4391,1.995,1.97
4392,2.14,2.115
4393,2.1,2.05
4394,2.045,1.995
4395,2.1,2.075
4396,2.025,2.025
4397,2.015,2.015
4398,2.055,2.005
4399,1.975,1.95
4400,2.04,1.99
4401,2.08,2.055
4402,2.165,2.14
4403,1.98,1.955
4404,2.045,1.995
4405,2.02,1.97
4406,2.195,2.17
4407,2.1,2.075
4408,2.06,2.01
4409,2.165,2.14
4410,2.08,2.03
4411,2.015,1.99
4412,2.025,2.025
4413,1.96,1.935
4414,2.08,2.055
4415,1.9,1.85
4416,2.08,2.03
4417,2.08,2.055
4418,1.95,1.925
4419,2.03,1.98
4420,2.065,2.015
4421,1.98,1.955
4422,1.95,1.925
4423,1.9,1.875
4424,2.02,1.995
4425,2.005,2.005
4426,1.955,1.955
4427,2.035,2.01
4428,2.08,2.03
4429,2.02,1.97
4430,2.11,2.06
4431,2.105,2.055
4432,1.97,1.945
4433,2.015,1.965
4434,1.905,1.905
4435,2.095,2.045
4436,2.005,1.98
4437,2.225,2.2
4438,1.96,1.935
4439,2.105,2.105
4440,1.92,1.895
4441,2.095,2.095
4442,2.055,2.005
4443,1.98,1.955
4444,1.9,1.85
4445,2.115,2.115
4446,2.135,2.11
4447,1.945,1.92
4448,1.89,1.89
4449,2.055,2.005
4450,2.01,2.01
4451,2.115,2.09
4452,2.075,2.025
4453,2.045,2.02
4454,2.015,1.965
4455,1.985,1.935
4456,2.06,2.035
4457,2.095,2.07
4458,2.155,2.13
4459,1.88,1.855
4460,2.025,1.975
4461,1.965,1.94
4462,1.99,1.965
4463,2.03,2.005
4464,2.025,1.975
4465,1.935,1.91
4466,2.225,2.225
4467,2.13,2.105
4468,2.05,2.025
4469,2.115,2.09
4470,2.075,2.05
4471,1.97,1.92
4472,2.075,2.05
4473,1.9,1.85
4474,1.975,1.95
4475,2.075,2.025
4476,1.82,1.82
4477,2.08,2.08
4478,1.98,1.955
4479,2.06,2.01
4480,2.03,2.005
4481,2.035,2.01
4482,2.135,2.085
4483,2.055,2.03
4484,2.005,1.98
4485,2.01,1.985
4486,2.125,2.1
4487,2.085,2.06
4488,2.0,1.975
4489,1.915,1.89
4490,1.97,1.92
4491,1.94,1.89
4492,1.99,1.99
4493,1.9,1.9
4494,2.12,2.095
4495,1.965,1.94
4496,2.015,1.99
4497,2.075,2.075
4498,2.145,2.095
4499,2.13,2.08
4500,2.065,2.04
4501,1.975,1.95
4502,2.13,2.105
4503,2.01,1.985
4504,1.93,1.93
4505,2.05,2.025
4506,2.035,2.01
4507,2.02,1.97
4508,2.12,2.12
4509,2.065,2.04
4510,2.09,2.04
4511,1.915,1.89
4512,1.895,1.87
4513,1.955,1.93
4514,2.105,2.105
4515,1.92,1.895
4516,1.985,1.96
4517,2.0,2.0
4518,2.15,2.125
4519,2.04,1.99
4520,2.0,1.975
4521,1.93,1.905
4522,2.12,2.095
4523,1.925,1.925
4524,1.945,1.895
4525,1.95,1.925
4526,2.01,1.96
4527,2.05,2.025
4528,1.98,1.93
4529,2.07,2.02
4530,2.115,2.115
4531,2.15,2.15
4532,2.06,2.01
4533,2.04,1.99
4534,2.06,2.035
4535,2.065,2.065
4536,1.925,1.9
4537,2.08,2.055
4538,2.07,2.07
4539,2.04,2.015
4540,1.935,1.885
4541,1.96,1.91
4542,1.97,1.97
4543,2.065,2.04
4544,2.105,2.08
4545,1.985,1.96
4546,2.095,2.045
4547,2.04,2.04
4548,2.075,2.025
4549,1.98,1.955
4550,1.965,1.965
4551,1.96,1.935
4552,1.98,1.955
4553,2.045,2.02
4554,2.005,1.98
4555,1.885,1.86
4556,1.89,1.84
4557,2.135,2.085
4558,2.1,2.075
4559,1.99,1.99
4560,1.97,1.92
4561,2.025,2.0
4562,1.965,1.965
4563,1.86,1.86
4564,2.12,2.07
4565,2.14,2.09
4566,2.015,2.015
4567,1.955,1.905
4568,1.89,1.84
4569,2.02,1.995
4570,1.84,1.84
4571,2.025,2.0
4572,2.085,2.06
4573,1.91,1.86
4574,1.93,1.88
4575,1.955,1.955
4576,1.995,1.995
4577,1.945,1.92
4578,2.13,2.105
4579,2.025,2.025
4580,2.09,2.065
4581,2.12,2.095
4582,2.015,1.99
4583,2.01,1.96
4584,2.0,1.975
4585,2.08,2.03
4586,1.81,1.76
4587,2.07,2.045
4588,1.99,1.94
4589,1.835,1.835
4590,1.985,1.935
4591,2.03,1.98
4592,1.955,1.93
4593,1.98,1.98
4594,2.065,2.04
4595,1.955,1.905
4596,1.945,1.895
4597,2.0,1.95
4598,2.105,2.055
4599,2.015,1.99
4600,1.935,1.885
4601,2.055,2.055
4602,1.92,1.895
4603,2.075,2.05
4604,1.985,1.96
4605,2.005,1.98
4606,2.09,2.065
4607,2.015,1.99
4608,2.05,2.025
4609,2.025,1.975
4610,2.075,2.025
4611,1.97,1.945
4612,2.05,2.0
4613,1.905,1.855
4614,1.9,1.875
4615,2.02,2.02
4616,2.05,2.0
4617,2.04,2.015
4618,2.05,2.025
4619,2.03,1.98
4620,2.025,2.0
4621,1.97,1.97
4622,2.085,2.085
4623,2.02,1.995
4624,2.065,2.04
4625,1.985,1.935
4626,1.935,1.91
4627,1.94,1.915
4628,1.93,1.88
4629,1.965,1.965
4630,1.93,1.88
4631,1.87,1.845
4632,2.04,2.015
4633,2.04,2.04
4634,2.02,2.02
4635,1.9,1.875
4636,1.96,1.91
4637,1.925,1.9
4638,1.99,1.94
4639,2.02,1.995
4640,2.0,1.975
4641,2.075,2.05
4642,1.98,1.955
4643,2.05,2.0
4644,1.95,1.925
4645,2.035,2.035
4646,1.92,1.87
4647,2.055,2.005
4648,1.955,1.93
4649,1.99,1.94
4650,2.09,2.065
4651,2.005,1.98
4652,2.03,2.005
4653,2.035,2.01
4654,1.975,1.975
4655,1.965,1.915
4656,1.89,1.84
4657,1.97,1.97
4658,2.06,2.01
4659,2.035,2.01
4660,1.895,1.87
4661,1.995,1.97
4662,1.985,1.96
4663,2.115,2.09
4664,2.025,2.0
4665,2.07,2.045
4666,1.94,1.94
4667,1.945,1.945
4668,2.095,2.095
4669,2.115,2.09
4670,1.89,1.84
4671,2.08,2.055
4672,1.91,1.86
4673,1.975,1.925
4674,2.03,2.005
4675,1.93,1.905
4676,1.92,1.87
4677,2.175,2.175
4678,1.875,1.875
4679,1.97,1.945
4680,1.915,1.89
4681,2.015,2.015
4682,1.92,1.87
4683,2.01,1.96
4684,2.125,2.1
4685,1.98,1.955
4686,1.98,1.955
4687,2.13,2.08
4688,1.995,1.97
4689,1.97,1.97
4690,2.02,1.995
4691,1.905,1.905
4692,2.015,1.99
4693,1.945,1.945
4694,2.065,2.015
4695,1.8,1.8
4696,1.995,1.97
4697,1.895,1.87
4698,1.945,1.895
4699,2.03,2.005
4700,2.02,1.995
4701,2.04,2.04
4702,1.93,1.905
4703,2.11,2.085
4704,1.98,1.98
4705,1.93,1.88
4706,2.0,1.975
4707,2.0,1.975
4708,2.05,2.0
4709,2.01,1.985
4710,1.99,1.965
4711,2.035,1.985
4712,1.93,1.905
4713,1.945,1.945
4714,1.92,1.87
4715,2.015,1.99
4716,1.875,1.825
4717,1.945,1.895
4718,2.13,2.08
4719,1.995,1.97
4720,1.985,1.935
4721,1.995,1.945
4722,2.06,2.01
4723,1.94,1.915
4724,2.025,2.0
4725,2.095,2.07
4726,2.01,1.96
4727,1.95,1.9
4728,1.915,1.915
4729,1.955,1.905
4730,2.175,2.175
4731,2.08,2.03
4732,1.96,1.935
4733,2.065,2.04
4734,2.035,2.01
4735,2.04,2.04
4736,1.955,1.955
4737,2.07,2.045
4738,1.995,1.945
4739,1.985,1.935
4740,2.19,2.165
4741,2.045,2.02
4742,1.92,1.87
4743,2.065,2.015
4744,2.0,1.975
4745,2.02,1.97
4746,2.095,2.095
4747,2.015,1.965
4748,1.88,1.855
4749,2.15,2.125
4750,2.01,1.985
4751,2.07,2.02
4752,1.965,1.94
4753,2.075,2.05
4754,1.98,1.955
4755,1.905,1.88
4756,1.87,1.82
4757,2.025,2.0
4758,1.87,1.845
4759,2.015,1.965
4760,1.955,1.905
4761,1.995,1.995
4762,1.98,1.93
4763,2.09,2.065
4764,2.095,2.045
4765,1.95,1.95
4766,2.055,2.005
4767,2.08,2.03
4768,1.965,1.94
4769,2.0,1.95
4770,2.12,2.07
4771,2.015,1.99
4772,1.9,1.875
4773,1.975,1.95
4774,1.945,1.92
4775,2.03,2.005
4776,1.995,1.945
4777,2.115,2.09
4778,1.955,1.905
4779,2.04,1.99
4780,2.06,2.035
4781,1.965,1.965
4782,1.965,1.94
4783,2.01,1.985
4784,1.825,1.8
4785,2.125,2.1
4786,2.005,1.955
4787,1.96,1.91
4788,2.035,1.985
4789,2.025,1.975
4790,2.055,2.055
4791,1.975,1.975
4792,2.07,2.02
4793,1.97,1.945
4794,2.06,2.06
4795,2.075,2.025
4796,2.03,1.98
4797,1.95,1.95
4798,2.09,2.04
4799,2.095,2.07
4800,1.905,1.88
4801,1.975,1.925
4802,1.99,1.99
4803,1.97,1.945
4804,2.045,1.995
4805,2.005,1.98
4806,1.795,1.745
4807,1.98,1.93
4808,1.975,1.975
4809,2.04,2.015
4810,1.915,1.89
4811,1.93,1.88
4812,2.005,1.98
4813,2.09,2.04
4814,1.935,1.935
4815,1.97,1.92
4816,2.09,2.09
4817,1.955,1.955
4818,1.93,1.93
4819,1.965,1.915
4820,1.95,1.925
4821,2.015,1.965
4822,1.94,1.89
4823,1.92,1.895
4824,1.94,1.89
4825,1.875,1.825
4826,2.05,2.05
4827,1.985,1.96
4828,1.93,1.93
4829,2.015,1.965
4830,1.925,1.9
4831,1.96,1.91
4832,1.93,1.905
4833,1.985,1.96
4834,1.915,1.89
4835,2.11,2.06
4836,1.8,1.775
4837,1.785,1.76
4838,1.965,1.94
4839,1.975,1.95
4840,1.875,1.85
4841,1.96,1.935
4842,2.055,2.005
4843,1.91,1.86
4844,1.935,1.91
4845,1.98,1.955
4846,1.935,1.885
4847,1.815,1.79
4848,2.105,2.055
4849,1.945,1.895
4850,1.94,1.915
4851,2.005,1.955
4852,1.94,1.915
4853,2.03,2.03
4854,1.96,1.935
4855,2.03,2.03
4856,1.95,1.925
4857,1.985,1.96
4858,2.07,2.045
4859,1.855,1.83
4860,1.965,1.94
4861,1.97,1.945
4862,1.88,1.855
4863,1.94,1.915
4864,2.1,2.05
4865,1.89,1.865
4866,1.905,1.905
4867,1.925,1.875
4868,1.985,1.935
4869,1.945,1.895
4870,1.885,1.86
4871,1.92,1.87
4872,1.945,1.895
4873,1.915,1.89
4874,2.06,2.06
4875,2.005,2.005
4876,2.0,1.975
4877,1.9,1.9
4878,2.005,1.98
4879,2.02,1.97
4880,2.0,1.975
4881,1.905,1.905
4882,1.895,1.87
4883,2.01,1.985
4884,1.96,1.935
4885,1.915,1.89
4886,1.94,1.89
4887,1.875,1.85
4888,1.895,1.845
4889,1.99,1.94
4890,2.015,1.99
4891,2.01,1.985
4892,2.005,1.955
4893,1.95,1.925
4894,1.995,1.97
4895,1.915,1.89
4896,1.865,1.865
4897,1.935,1.91
4898,1.88,1.83
4899,1.815,1.765
4900,2.085,2.035
4901,1.96,1.935
4902,1.835,1.81
4903,2.05,2.025
4904,1.895,1.895
4905,1.875,1.85
4906,2.025,1.975
4907,1.81,1.785
4908,1.91,1.885
4909,1.895,1.87
4910,1.91,1.885
4911,1.94,1.915
4912,2.02,1.995
4913,2.015,1.965
4914,1.935,1.91
4915,1.86,1.86
4916,1.91,1.86
4917,1.885,1.885
4918,1.865,1.84
4919,1.925,1.9
4920,1.835,1.835
4921,1.965,1.94
4922,1.93,1.88
4923,1.955,1.905
4924,1.945,1.92
4925,1.955,1.93
4926,2.045,2.02
4927,1.84,1.79
4928,1.865,1.84
4929,2.005,1.955
4930,1.905,1.855
4931,1.81,1.785
4932,1.995,1.97
4933,2.01,2.01
4934,1.945,1.92
4935,1.88,1.855
4936,1.985,1.96
4937,1.885,1.86
4938,2.0,1.975
4939,1.97,1.92
4940,1.995,1.945
4941,2.0,1.975
4942,1.95,1.925
4943,1.915,1.89
4944,1.955,1.93
4945,1.95,1.925
4946,1.965,1.94
4947,1.875,1.85
4948,2.04,2.015
4949,2.035,1.985
4950,2.065,2.015
4951,2.01,1.985
4952,2.025,2.0
4953,1.835,1.81
4954,1.965,1.915
4955,1.88,1.83
4956,2.0,1.95
4957,1.955,1.905
4958,1.95,1.9
4959,2.12,2.07
4960,1.995,1.945
4961,1.9,1.875
4962,1.935,1.885
4963,1.945,1.92
4964,2.03,2.005
4965,1.85,1.825
4966,2.125,2.075
4967,1.91,1.885
4968,1.875,1.825
4969,2.01,2.01
4970,1.965,1.94
4971,1.955,1.93
4972,1.96,1.91
4973,1.93,1.905
4974,1.985,1.935
4975,2.065,2.04
4976,1.905,1.88
4977,2.07,2.045
4978,1.92,1.92
4979,1.975,1.95
4980,1.995,1.97
4981,1.995,1.97
4982,1.815,1.79
4983,2.045,1.995
4984,1.96,1.91
4985,2.0,1.95
4986,1.895,1.87
4987,1.95,1.9
4988,2.0,1.95
4989,1.865,1.815
4990,1.96,1.91
4991,1.99,1.99
4992,2.03,2.005
4993,2.01,1.985
4994,1.885,1.86
4995,2.01,1.985
4996,2.09,2.065
4997,1.86,1.835
4998,1.885,1.86
4999,1.965,1.94
