,NeuralAgentOpMe_Student17_200bAgent_rng.h5,NeuralAgentOpMe_Student16_200cAgent_rng.h5,NeuralAgentOpMe_RandomChoiceAgent_rng.h5,NeuralAgentOpMe_Student1_200bAgent_rng.h5,NeuralAgentOpMe_Student7_200aAgent_rng.h5,NeuralAgentOpMe_Student13_200aAgent_rng.h5,NeuralAgentOpMe_TitFTatAgent_rng.h5,NeuralAgentOpMe_Student13_200cAgent_rng.h5,NeuralAgentOpMe_Student5_200bAgent_rng.h5,NeuralAgentOpMe_Student3_200aAgent_rng.h5,NeuralAgentOpMe_BattleRoyal.h5,NeuralAgentOpMe_Student21_200aAgent_rng.h5,NeuralAgentOpMe_Student26_200bAgent_rng.h5,NeuralAgentOpMe_Student24_200cAgent_rng.h5,NeuralAgentOpMe_Student17_200aAgent_rng.h5,NeuralAgentOpMe_Student26_200cAgent_rng.h5,NeuralAgentOpMe_Student24_200bAgent_rng.h5,NeuralAgentOpMe_AlwaysDefectAgent_rng.h5,NeuralAgentOpMe_Student2_200cAgent_rng.h5,NeuralAgentOpMe_Student7_200mAgent_rng.h5,NeuralAgentOpMe_Student19_200bAgent_rng.h5,NeuralAgentOpMe_Student21_200cAgent_rng.h5,NeuralAgentOpMe_Student19_200cAgent_rng.h5,NeuralAgentOpMe_Student5_200mAgent_rng.h5,NeuralAgentOpMe_Student1_200mAgent_rng.h5,NeuralAgentOpMe_Student13_200bAgent_rng.h5,NeuralAgentOpMe_Student2_200aAgent_rng.h5,NeuralAgentOpMe_Student19_200mAgent_rng.h5,NeuralAgentOpMe_Student17_200mAgent_rng.h5,NeuralAgentOpMe_Student13_200mAgent_rng.h5,NeuralAgentOpMe_Student4_200aAgent_rng.h5,NeuralAgentOpMe_TitF2tatAgent_rng.h5,NeuralAgentOpMe_Student5_200aAgent_rng.h5,NeuralAgentOpMe_Student23_200mAgent_rng.h5,NeuralAgentOpMe_Student26_200mAgent_rng.h5,NeuralAgentOpMe_Student10_200mAgent_rng.h5,NeuralAgentOpMe_Student1_200cAgent_rng.h5,NeuralAgentOpMe_Student22_200mAgent_rng.h5,NeuralAgentOpMe_Student11_200mAgent_rng.h5,NeuralAgentOpMe_Student24_200mAgent_rng.h5,NeuralAgentOpMe_Student16_200bAgent_rng.h5,NeuralAgentOpMe_Student7_200bAgent_rng.h5,NeuralAgentOpMe_Student5_200cAgent_rng.h5,NeuralAgentOpMe_Student19_200aAgent_rng.h5,NeuralAgentOpMe_Student1_200aAgent_rng.h5,NeuralAgentOpMe_Student3_200bAgent_rng.h5,AlwaysDefectAgent,RandomChoiceAgent,Student10_200mAgent,Student11_200mAgent,Student13_200aAgent,Student13_200bAgent,Student13_200cAgent,Student13_200mAgent,Student16_200bAgent,Student16_200cAgent,Student17_200aAgent,Student17_200bAgent,Student17_200mAgent,Student19_200aAgent,Student19_200bAgent,Student19_200cAgent,Student19_200mAgent,Student1_200aAgent,Student1_200bAgent,Student1_200cAgent,Student1_200mAgent,Student21_200aAgent,Student21_200cAgent,Student22_200mAgent,Student23_200mAgent,Student24_200bAgent,Student24_200cAgent,Student24_200mAgent,Student26_200bAgent,Student26_200cAgent,Student26_200mAgent,Student2_200aAgent,Student2_200cAgent,Student3_200aAgent,Student3_200bAgent,Student4_200aAgent,Student5_200aAgent,Student5_200bAgent,Student5_200cAgent,Student5_200mAgent,Student7_200aAgent,Student7_200bAgent,Student7_200mAgent,TitF2tatAgent,TitFTatAgent
0,2.575,2.003,2.557,3.051,2.068,1.448,3.8709999999999996,1.97,2.348,2.2760000000000002,2.59,3.2649999999999997,2.684,1.8940000000000001,2.5989999999999993,2.5940000000000003,2.307,1.7850000000000001,2.508,2.7830000000000004,2.508,2.004,2.2359999999999998,1.991,2.0580000000000003,1.7550000000000001,2.458,2.203,2.062,2.022,2.701,3.518,2.04,3.0840000000000005,1.92,2.7809999999999997,2.266,2.1029999999999998,1.855,1.955,2.0540000000000003,2.215,3.289,2.2989999999999995,2.134,2.366,4.116,2.3689999999999998,1.322,1.879,3.5760000000000005,2.201,3.78,2.7409999999999997,1.1950000000000003,2.277,3.3609999999999998,3.8550000000000004,3.9599999999999995,1.7399999999999998,2.3520000000000003,2.196,3.025,2.7329999999999997,1.9149999999999998,1.6460000000000001,1.9809999999999999,2.3289999999999997,4.069999999999999,1.9860000000000002,1.2850000000000001,3.9519999999999995,3.3329999999999997,1.1810000000000003,1.46,2.231,1.8509999999999998,4.171,0.039,0.757,2.2640000000000002,2.335,1.397,1.2739999999999998,3.9730000000000003,2.132,2.751,2.958,2.833,1.4869999999999999,2.0100000000000002
1,2.758,2.5700000000000003,3.091,3.189,2.627,2.222,3.148,2.627,2.8089999999999997,2.6159999999999997,2.887,3.3009999999999997,2.9299999999999997,2.398,3.025,3.014,2.86,2.476,2.8070000000000004,3.2590000000000003,3.0879999999999996,2.6510000000000002,2.6919999999999997,2.665,2.5469999999999997,2.3040000000000003,2.814,2.7319999999999998,2.5230000000000006,2.67,3.132,3.536,2.659,3.178,2.54,3.2640000000000002,2.847,2.624,2.448,2.6350000000000002,2.552,2.648,3.3299999999999996,2.868,2.6550000000000002,2.8019999999999996,3.5879999999999996,2.7119999999999997,1.9789999999999999,2.354,3.6769999999999996,1.9170000000000003,3.5740000000000003,2.8240000000000003,2.352,3.1340000000000003,3.7010000000000005,3.7950000000000004,3.632,2.5789999999999997,3.048,2.5509999999999997,3.1719999999999997,3.406,2.056,2.1399999999999997,1.938,2.8129999999999997,3.558,2.565,1.9940000000000002,3.6759999999999997,3.7520000000000002,2.0340000000000003,2.5829999999999997,2.9379999999999997,2.533,3.596,0.056999999999999995,0.76,2.402,2.651,2.476,2.081,3.693,2.7359999999999998,2.602,2.5200000000000005,2.569,2.14,2.5869999999999997
2,1.5670000000000002,1.416,1.9929999999999999,2.745,1.6460000000000001,0.43600000000000005,3.412,1.473,1.7899999999999998,1.653,1.8379999999999999,2.8909999999999996,2.358,1.246,2.0289999999999995,2.318,1.8689999999999998,1.419,1.9300000000000002,2.1959999999999997,2.0170000000000003,1.476,1.8439999999999999,0.833,1.65,1.318,1.9099999999999997,1.549,1.797,1.4929999999999999,2.409,2.857,1.367,2.44,1.139,2.9010000000000002,1.581,1.497,1.3,1.528,1.5670000000000002,1.7310000000000003,2.478,1.12,1.6960000000000002,1.684,3.5,1.83,0.621,1.238,2.984,0.387,3.469,1.9289999999999998,0.8979999999999999,2.883,2.9170000000000003,3.59,3.56,1.7630000000000003,1.542,1.4300000000000002,2.553,2.9810000000000003,1.262,1.0290000000000001,1.13,2.668,3.3939999999999997,1.585,0.938,3.3600000000000003,3.564,0.417,1.682,1.973,1.3430000000000002,3.5340000000000003,0.024,0.768,1.43,2.13,1.6599999999999997,0.601,2.9850000000000003,1.7259999999999998,2.308,1.989,2.6660000000000004,1.2730000000000001,1.3539999999999999
3,1.2259999999999998,1.3039999999999998,1.39,1.8349999999999997,1.3940000000000001,0.6930000000000001,1.807,1.325,1.565,1.1970000000000003,1.8490000000000002,1.986,1.845,1.1520000000000001,1.556,1.709,1.564,1.282,1.491,1.761,1.4829999999999999,1.285,1.581,1.1440000000000001,1.4499999999999997,1.1260000000000001,1.56,1.342,1.4300000000000002,1.2630000000000001,1.7380000000000002,1.5899999999999999,1.298,1.845,1.1469999999999998,1.924,1.568,1.372,1.255,1.2249999999999999,1.45,1.568,1.8130000000000002,1.05,1.473,1.51,1.72,1.4420000000000002,0.859,1.3679999999999999,1.549,0.7350000000000001,1.614,1.922,1.0779999999999998,1.4240000000000002,1.643,1.741,1.8239999999999998,1.686,1.234,1.312,1.5879999999999999,2.1160000000000005,1.33,1.0779999999999998,1.51,1.479,1.8299999999999996,1.55,0.9940000000000001,1.448,1.8239999999999998,0.687,1.5919999999999999,1.669,1.486,1.7310000000000003,0.018,0.7469999999999999,1.7850000000000001,1.306,1.235,0.843,1.541,1.389,1.829,1.64,1.6969999999999998,1.61,1.471
4,2.5580000000000003,2.302,2.726,2.839,2.4579999999999997,1.9310000000000003,2.5839999999999996,2.342,2.561,2.484,2.616,2.976,2.636,2.273,2.7649999999999997,2.7629999999999995,2.7790000000000004,2.32,2.47,2.826,2.657,2.406,2.432,2.2969999999999997,2.394,2.3649999999999998,2.557,2.508,2.412,2.382,2.6849999999999996,2.9819999999999998,2.293,2.952,2.399,3.0500000000000003,2.588,2.457,2.3160000000000003,2.4,2.375,2.497,2.9270000000000005,2.524,2.4560000000000004,2.548,3.0360000000000005,2.447,1.884,2.13,2.9849999999999994,1.845,3.152,2.499,2.41,2.751,3.127,3.145,3.192,2.372,2.746,2.4299999999999997,2.887,3.048,2.837,2.02,2.948,2.59,3.1280000000000006,2.4189999999999996,1.825,2.8120000000000003,2.8120000000000003,1.8510000000000002,2.423,2.512,2.3880000000000003,3.195,0.039,0.7689999999999999,2.294,2.473,2.322,1.9139999999999997,2.789,2.536,2.974,2.471,2.87,2.039,2.427
5,3.813,3.2520000000000002,4.641,4.438,3.5160000000000005,2.8259999999999996,4.949,3.4940000000000007,3.6399999999999997,3.879,3.4979999999999998,4.57,3.7359999999999998,3.28,4.156000000000001,3.846,3.8549999999999995,3.166,3.936000000000001,4.358,4.325,3.436,3.569,4.05,3.463,3.3369999999999997,3.5439999999999996,3.6390000000000002,3.5520000000000005,3.7920000000000003,4.055,4.941000000000001,3.4019999999999997,4.611,3.589,4.58,3.779000000000001,3.522,3.4300000000000006,3.407,3.3899999999999997,3.182,4.592999999999999,3.871,3.338,3.643,4.968000000000001,3.6730000000000005,2.5300000000000002,2.6380000000000003,4.925,2.463,4.89,3.044,3.482,3.2980000000000005,4.937,4.901,4.988,2.8600000000000003,4.889,2.9050000000000002,3.2880000000000003,4.508,4.807,2.74,4.497,3.336,4.954,2.842,2.4970000000000003,4.976000000000001,4.968000000000001,2.4869999999999997,2.8549999999999995,3.053,2.8440000000000003,4.96,0.069,0.7939999999999999,2.6220000000000003,2.944,3.2370000000000005,2.65,4.877,3.7060000000000004,2.851,4.1080000000000005,3.5840000000000005,2.5549999999999997,2.842
6,0.356,0.563,0.567,1.087,0.704,0.029000000000000005,1.2029999999999998,0.45099999999999996,0.9650000000000001,0.43500000000000005,1.05,1.278,1.149,0.495,0.709,1.072,0.6799999999999999,0.549,0.7989999999999999,1.15,0.5549999999999999,0.616,0.835,0.085,0.71,0.429,1.0870000000000002,0.532,0.697,0.30700000000000005,1.044,1.056,0.46900000000000003,1.0459999999999998,0.196,1.266,0.768,0.531,0.43200000000000005,0.589,0.658,0.9870000000000001,1.1960000000000002,0.23399999999999999,0.7499999999999999,0.9019999999999999,1.58,0.692,0.4800000000000001,0.014000000000000002,0.06,0.012,0.978,1.0350000000000001,0.508,1.259,0.993,1.004,1.848,1.059,0.016,1.0849999999999997,1.624,1.314,1.253,0.306,1.152,1.03,0.6449999999999999,1.0459999999999998,0.30999999999999994,1.4,1.688,0.012,1.0150000000000001,1.0710000000000002,0.413,1.5429999999999997,0.003,0.7020000000000001,1.0739999999999998,1.313,0.365,0.065,0.9970000000000001,0.673,1.0950000000000002,1.082,1.448,0.992,0.9960000000000001
7,2.675,2.3920000000000003,3.1079999999999997,3.155,2.587,1.904,3.6109999999999998,2.362,2.823,2.78,2.854,3.433,2.9300000000000006,2.373,2.9459999999999997,2.85,2.798,2.4170000000000003,2.9539999999999997,3.011,2.8810000000000002,2.4210000000000003,2.6639999999999997,2.584,2.5230000000000006,2.397,2.833,2.776,2.619,2.6060000000000003,3.0450000000000004,3.5060000000000002,2.504,3.1799999999999997,2.4669999999999996,3.282,2.785,2.5799999999999996,2.343,2.504,2.502,2.6819999999999995,3.2670000000000003,2.805,2.6,2.685,3.532,2.678,1.7280000000000002,2.252,3.2840000000000003,1.6320000000000001,3.466,2.914,2.62,3.12,3.271,3.508,3.536,2.5119999999999996,2.832,2.5829999999999997,2.819,3.55,3.4870000000000005,2.016,3.6390000000000002,2.3760000000000003,2.974,2.523,1.815,3.6079999999999997,3.5879999999999996,1.6949999999999998,2.497,2.912,2.536,3.476,0.041999999999999996,0.7830000000000001,2.247,2.565,2.4370000000000003,1.7399999999999998,3.5589999999999997,2.725,2.743,2.962,2.415,2.064,2.283
8,2.103,2.0090000000000003,2.02,2.345,2.076,1.775,2.0949999999999998,1.9629999999999999,2.1350000000000002,2.034,2.217,2.2079999999999997,2.3240000000000003,2.0149999999999997,2.1719999999999997,2.2760000000000002,2.1439999999999997,2.0170000000000003,2.2350000000000003,2.336,2.154,2.019,2.1439999999999997,2.089,2.071,1.938,2.168,2.08,2.011,2.006,2.2239999999999998,2.246,1.9969999999999999,2.4229999999999996,2.019,2.347,2.164,2.038,2.021,2.0010000000000003,2.005,2.071,2.34,2.115,2.1109999999999998,2.104,1.7719999999999998,2.143,1.871,1.9150000000000003,2.3019999999999996,1.7939999999999998,1.871,1.839,1.8850000000000002,1.7759999999999998,1.573,1.9440000000000002,1.832,2.06,2.1370000000000005,2.19,1.732,2.4080000000000004,1.3780000000000001,1.9509999999999998,1.6200000000000003,1.582,1.999,1.653,1.8010000000000002,1.6199999999999999,1.7599999999999998,1.7759999999999998,1.8830000000000002,1.81,1.5619999999999998,1.9940000000000002,0.032999999999999995,0.769,2.101,2.215,2.1479999999999997,1.839,1.7870000000000001,2.1990000000000003,1.857,1.973,1.75,1.752,2.0840000000000005
9,2.396,2.266,2.778,3.102,2.249,1.404,3.6449999999999996,1.9950000000000003,2.5740000000000003,2.4230000000000005,2.675,3.3,2.806,2.0140000000000002,2.6610000000000005,2.7750000000000004,2.319,1.984,2.6770000000000005,2.9379999999999997,2.772,2.166,2.5420000000000003,2.029,2.2190000000000003,1.9420000000000002,2.5120000000000005,2.32,2.287,2.1100000000000003,2.79,3.4530000000000003,2.178,2.9859999999999998,1.925,3.1729999999999996,2.5759999999999996,2.18,2.1109999999999998,2.1350000000000002,2.2960000000000003,2.3230000000000004,3.2910000000000004,2.434,2.189,2.4869999999999997,3.7079999999999997,2.48,1.391,2.139,3.187,1.3439999999999999,3.656,2.6350000000000002,2.484,3.2560000000000002,3.697,3.6149999999999998,3.196,2.2640000000000002,2.588,2.351,3.2299999999999995,3.5200000000000005,3.675,1.8169999999999997,3.633,2.6390000000000002,3.665,2.282,1.4220000000000002,3.692,3.78,1.2,2.054,2.8289999999999997,2.263,3.7199999999999998,0.054000000000000006,0.7489999999999999,2.306,2.303,1.9120000000000001,1.3299999999999998,3.739,2.393,2.8590000000000004,2.8269999999999995,2.679,1.7600000000000002,2.303
10,1.935,1.907,1.733,1.834,1.876,1.9080000000000001,1.1150000000000002,1.9289999999999998,1.9170000000000003,1.935,2.036,1.381,1.8940000000000001,1.9579999999999997,1.9950000000000003,1.907,1.9169999999999998,1.9169999999999998,1.9289999999999998,1.6099999999999999,1.85,1.905,1.8990000000000002,1.9689999999999999,1.8669999999999998,1.92,2.016,1.936,1.841,1.937,1.887,1.918,1.8939999999999997,1.889,1.934,1.42,1.7670000000000001,1.9259999999999997,1.911,1.921,1.8800000000000001,1.9760000000000002,1.51,1.9969999999999999,1.893,1.951,1.052,1.9560000000000002,1.932,1.8820000000000001,1.924,1.9260000000000002,1.092,1.226,1.522,1.108,1.067,1.094,1.06,1.581,1.9369999999999998,1.716,1.091,1.2999999999999998,1.068,1.9300000000000002,1.049,1.3130000000000002,1.054,1.43,1.904,1.0719999999999998,1.092,1.9470000000000003,1.847,1.105,1.7540000000000002,1.111,0.036,0.762,1.1350000000000002,1.655,1.7550000000000001,1.967,1.0370000000000001,1.8679999999999999,1.106,1.7730000000000001,1.073,1.9470000000000003,1.59
11,0.985,0.9209999999999999,1.0660000000000003,1.3510000000000002,1.061,0.535,1.143,0.8880000000000001,1.0879999999999999,0.885,1.191,1.063,1.1640000000000001,0.914,1.092,1.039,1.0939999999999999,0.9470000000000001,1.246,1.2,1.066,0.9620000000000001,1.162,0.6849999999999999,1.073,0.975,1.1860000000000002,0.97,1.124,0.897,1.186,1.215,0.998,1.153,0.7469999999999999,1.095,1.166,1.0079999999999998,0.907,0.9879999999999999,1.058,1.149,1.0879999999999999,0.7939999999999999,1.0470000000000002,1.1569999999999998,1.02,1.0829999999999997,0.712,0.7749999999999999,0.8530000000000001,0.609,1.059,1.0470000000000002,0.915,1.052,1.004,1.075,1.044,1.066,0.807,1.018,1.028,1.121,1.002,0.8210000000000001,1.011,1.036,1.03,1.049,0.76,1.016,1.036,0.5760000000000001,1.006,1.004,1.0450000000000002,1.062,0.009,0.74,1.025,1.2399999999999998,0.967,0.6239999999999999,1.0150000000000001,1.05,1.0,1.1600000000000001,1.0510000000000002,1.033,1.0450000000000002
12,1.614,1.705,1.688,1.725,1.746,1.636,1.299,1.65,1.7589999999999997,1.691,1.7689999999999997,1.3690000000000002,1.746,1.654,1.656,1.779,1.685,1.7129999999999999,1.816,1.7510000000000001,1.688,1.6629999999999998,1.6800000000000002,1.6260000000000001,1.6369999999999998,1.6649999999999998,1.8060000000000003,1.7120000000000002,1.6960000000000002,1.72,1.645,1.7890000000000001,1.6949999999999998,1.627,1.6770000000000003,1.293,1.674,1.6700000000000004,1.672,1.7399999999999998,1.7449999999999999,1.834,1.701,1.7109999999999999,1.675,1.766,1.048,1.685,1.6469999999999998,1.7710000000000001,1.6969999999999998,1.6800000000000002,1.133,1.193,1.5379999999999998,1.074,1.1159999999999999,1.275,1.1960000000000002,1.097,1.7220000000000002,1.298,1.1099999999999999,1.6299999999999997,1.108,1.668,1.158,1.161,1.097,1.3920000000000001,1.686,1.1560000000000001,1.1720000000000002,1.686,1.2469999999999999,1.218,1.3099999999999998,1.073,0.039,0.7369999999999999,1.4,1.6059999999999999,1.504,1.6600000000000001,1.1649999999999998,1.5859999999999999,1.1560000000000001,1.228,1.196,1.677,1.3190000000000002
13,2.884,2.723,3.251,3.3120000000000003,2.808,2.235,3.45,2.743,2.81,2.9589999999999996,2.993,3.3890000000000002,3.089,2.535,3.049,3.0970000000000004,2.997,2.628,3.104,3.148,2.995,2.819,2.784,2.8430000000000004,2.731,2.601,2.864,2.9690000000000003,2.773,2.988,3.098,3.3310000000000004,2.729,3.15,2.635,3.393,2.932,2.8420000000000005,2.6260000000000003,2.675,2.752,2.7670000000000003,3.3899999999999997,2.855,2.741,2.8609999999999998,3.532,2.9419999999999997,2.183,2.313,3.3620000000000005,2.1270000000000002,3.554,2.903,2.803,3.1100000000000003,3.5020000000000002,3.4509999999999996,3.4519999999999995,2.536,3.219,2.5940000000000003,3.2039999999999997,3.396,3.535,2.336,3.518,3.123,3.554,2.557,2.2,3.436,3.5440000000000005,2.058,2.586,2.9450000000000003,2.5439999999999996,3.489,0.054000000000000006,0.7929999999999999,2.479,2.677,2.7529999999999997,2.179,3.6409999999999996,2.8579999999999997,2.589,2.664,2.524,2.34,2.5170000000000003
14,1.879,1.6199999999999999,2.144,2.391,1.7849999999999997,1.081,3.039,1.6009999999999998,2.027,1.891,2.245,2.732,1.9910000000000003,1.5539999999999998,1.957,2.1730000000000005,2.099,1.6919999999999997,2.0140000000000002,2.365,1.8850000000000002,1.6810000000000003,1.873,1.421,1.8359999999999999,1.6689999999999998,2.146,1.6439999999999997,1.7520000000000002,1.5719999999999998,2.19,2.343,1.671,2.516,1.3060000000000003,2.5680000000000005,2.1100000000000003,1.798,1.4259999999999997,1.69,1.542,1.939,2.593,1.9609999999999999,1.875,2.049,2.336,1.8039999999999998,1.076,1.525,2.633,0.921,3.056,2.206,2.055,2.932,3.2060000000000004,3.1990000000000003,3.316,2.103,1.75,2.029,2.371,3.096,3.346,1.367,3.1319999999999997,3.107,3.2640000000000002,2.081,1.25,2.9520000000000004,2.568,1.0019999999999998,1.9739999999999998,2.572,1.932,3.1559999999999997,0.027000000000000003,0.7710000000000001,2.2350000000000003,1.952,1.5619999999999998,1.1239999999999999,3.2950000000000004,1.908,3.164,2.0549999999999997,3.1630000000000003,1.682,2.1449999999999996
15,1.8239999999999998,1.704,1.8579999999999999,1.939,1.748,1.466,1.452,1.7150000000000003,1.781,1.6900000000000002,1.907,1.239,2.0140000000000002,1.6219999999999999,1.7080000000000002,1.988,1.7630000000000003,1.766,1.85,1.8559999999999999,1.8080000000000003,1.7950000000000004,1.811,1.637,1.766,1.669,1.9449999999999998,1.751,1.827,1.737,1.768,1.8489999999999998,1.7079999999999997,1.8830000000000002,1.592,1.7399999999999998,1.829,1.7600000000000002,1.6849999999999998,1.7,1.675,1.832,1.6940000000000002,1.7449999999999999,1.7260000000000002,1.7890000000000001,1.076,1.796,1.5139999999999998,1.5450000000000002,1.8539999999999999,1.416,1.236,1.363,1.3900000000000001,1.2710000000000001,1.2850000000000001,1.27,1.236,1.551,1.734,1.847,1.45,1.763,1.2579999999999998,1.5819999999999999,1.162,1.3039999999999998,1.207,1.6969999999999998,1.4769999999999999,1.108,1.2879999999999998,1.41,1.402,1.393,1.809,1.3980000000000001,0.018,0.736,1.331,2.008,1.634,1.47,1.165,1.7759999999999998,1.1829999999999998,1.2269999999999999,1.166,1.7380000000000002,1.4290000000000003
16,2.137,1.8699999999999999,2.304,2.354,1.864,1.475,2.7750000000000004,1.9880000000000002,2.1689999999999996,1.6989999999999998,2.287,2.749,2.32,1.8370000000000002,2.019,2.258,2.078,1.7440000000000002,2.257,2.4699999999999998,2.1239999999999997,1.9010000000000002,2.115,1.8559999999999999,1.925,1.795,2.1109999999999998,1.9899999999999998,2.0010000000000003,1.9289999999999998,2.342,2.38,1.8310000000000002,2.4800000000000004,1.829,2.416,2.207,1.9,1.8349999999999997,1.959,1.941,1.973,2.5780000000000003,2.072,2.005,2.1439999999999997,2.48,2.045,1.312,1.5699999999999998,2.3309999999999995,1.3259999999999998,2.627,2.613,2.104,2.7359999999999998,2.9550000000000005,2.835,2.848,1.9269999999999996,2.061,2.0780000000000003,2.393,2.8240000000000003,2.896,1.714,2.5500000000000003,2.466,2.844,2.0589999999999997,1.426,2.84,2.88,1.2630000000000001,2.148,2.449,2.159,2.8609999999999998,0.036,0.774,2.205,1.691,1.9620000000000002,1.459,2.8749999999999996,2.0780000000000003,2.509,2.093,2.783,1.86,2.165
17,3.0,2.6109999999999998,3.0439999999999996,3.122,2.7399999999999998,2.3609999999999998,3.3190000000000004,2.707,2.822,2.814,2.902,2.972,3.0380000000000003,2.533,2.902,2.871,2.9939999999999998,2.6159999999999997,2.966,3.0340000000000003,2.867,2.7009999999999996,2.886,2.795,2.7729999999999997,2.698,2.87,2.807,2.8009999999999997,2.7169999999999996,3.085,3.138,2.717,3.1119999999999997,2.732,3.194,2.8600000000000003,2.8260000000000005,2.668,2.609,2.6660000000000004,2.773,3.101,2.891,2.6630000000000003,2.779,3.316,2.8440000000000003,2.2199999999999998,2.397,3.261,2.226,3.2659999999999996,2.781,2.54,3.12,3.3369999999999997,3.225,3.272,2.5439999999999996,3.016,2.6220000000000003,3.135,3.314,3.2910000000000004,2.3689999999999998,3.345,2.7670000000000003,3.2960000000000003,2.5300000000000002,2.156,3.3,3.34,2.187,2.599,2.9210000000000003,2.587,3.2079999999999997,0.045,0.7979999999999999,2.509,2.6670000000000003,2.82,2.288,3.271,2.895,2.8569999999999998,2.775,2.8850000000000002,2.283,2.5729999999999995
18,1.843,1.807,2.245,2.411,1.9599999999999997,1.316,2.6740000000000004,1.7439999999999998,2.05,1.7570000000000001,2.2439999999999998,2.3409999999999997,2.1209999999999996,1.614,2.219,2.18,2.007,1.716,2.1189999999999998,2.288,1.919,1.9,1.968,1.6669999999999998,1.8170000000000002,1.653,2.062,1.8350000000000002,1.938,1.629,2.2039999999999997,2.246,1.6670000000000003,2.071,1.6309999999999998,2.5050000000000003,2.1079999999999997,1.813,1.779,1.802,1.734,1.986,2.402,1.998,1.8880000000000003,2.011,2.48,1.9420000000000002,1.34,1.7260000000000002,2.1410000000000005,1.1789999999999998,2.817,2.16,2.053,2.4450000000000003,2.694,2.586,2.936,1.911,1.77,1.9949999999999999,2.8009999999999997,2.8510000000000004,2.9289999999999994,1.6219999999999999,2.249,2.5159999999999996,2.772,2.159,1.412,2.932,2.7279999999999998,1.233,2.0980000000000003,2.5279999999999996,2.077,2.632,0.024,0.7409999999999999,1.925,1.8960000000000001,1.61,1.3199999999999998,2.5829999999999997,1.98,2.462,2.25,2.657,1.741,2.0050000000000003
19,1.5230000000000001,1.2790000000000001,1.5310000000000001,1.7060000000000002,1.4609999999999999,0.8530000000000001,1.56,1.351,1.591,1.4780000000000002,1.5399999999999998,1.7149999999999999,1.886,1.263,1.64,1.9209999999999998,1.625,1.334,1.6780000000000002,1.828,1.627,1.417,1.7120000000000002,1.1640000000000001,1.525,1.3360000000000003,1.621,1.295,1.506,1.3760000000000001,1.7,1.77,1.376,1.802,1.13,1.845,1.597,1.3489999999999998,1.345,1.481,1.4440000000000002,1.5690000000000002,1.886,1.379,1.6350000000000002,1.7019999999999995,1.516,1.573,0.9470000000000001,1.431,1.672,0.8310000000000001,1.532,1.545,1.041,1.175,1.086,1.2109999999999999,1.312,1.4529999999999998,1.5059999999999998,1.533,1.3820000000000001,1.719,1.121,1.111,1.337,1.478,1.3739999999999999,1.452,1.085,1.4439999999999997,1.4,0.7440000000000001,1.1119999999999999,1.5060000000000002,1.357,1.3729999999999998,0.020999999999999998,0.725,1.378,1.831,1.2099999999999997,0.942,1.205,1.5630000000000002,1.1829999999999998,1.2469999999999999,1.6509999999999998,1.222,1.4119999999999997
20,1.943,1.6330000000000002,2.222,2.5930000000000004,1.9120000000000001,0.8800000000000001,3.29,1.7459999999999998,2.034,1.7420000000000002,2.3049999999999997,2.081,2.463,1.6650000000000003,2.35,2.423,2.1740000000000004,1.7870000000000001,2.4289999999999994,2.527,2.287,1.7600000000000002,2.2190000000000003,1.58,2.019,1.6189999999999998,2.151,1.888,1.9620000000000002,1.6849999999999998,2.4669999999999996,2.728,1.7689999999999997,2.6580000000000004,1.386,2.821,2.0759999999999996,1.7880000000000003,1.775,1.625,1.78,2.085,2.654,1.991,1.9450000000000003,1.988,2.8920000000000003,2.007,0.8550000000000001,1.6219999999999999,2.625,0.735,2.911,2.622,1.95,3.0700000000000003,3.255,3.3,2.392,2.2659999999999996,2.2119999999999997,2.31,3.0780000000000003,3.0200000000000005,2.9509999999999996,1.1620000000000001,1.8699999999999999,2.566,3.2049999999999996,2.2640000000000002,1.1969999999999998,2.312,2.856,0.7889999999999999,2.2800000000000002,2.06,2.237,2.819,0.020999999999999998,0.729,1.9739999999999998,2.248,1.3259999999999998,0.932,3.3909999999999996,2.088,2.7269999999999994,2.884,2.6290000000000004,1.448,1.5
21,2.724,2.351,2.941,3.1100000000000003,2.521,2.0060000000000002,3.2909999999999995,2.5460000000000003,2.644,2.6559999999999997,2.7649999999999997,3.2169999999999996,2.9330000000000003,2.269,2.8160000000000003,2.79,2.761,2.3409999999999997,2.775,2.932,2.85,2.568,2.666,2.633,2.506,2.329,2.734,2.6940000000000004,2.5650000000000004,2.659,2.9520000000000004,3.277,2.434,3.103,2.3970000000000002,3.2119999999999997,2.739,2.471,2.414,2.46,2.5020000000000002,2.5729999999999995,3.072,2.776,2.5100000000000002,2.75,3.504,2.5770000000000004,1.8920000000000001,2.217,3.353,1.959,3.464,2.774,2.7569999999999997,3.0919999999999996,3.55,3.5200000000000005,3.5200000000000005,2.4989999999999997,2.8440000000000003,2.4259999999999997,3.2019999999999995,3.411,3.4839999999999995,2.0650000000000004,3.508,2.6679999999999997,3.536,2.3999999999999995,1.9140000000000001,3.564,3.532,1.9260000000000002,2.1659999999999995,2.784,2.427,3.562,0.041999999999999996,0.763,2.3560000000000003,2.519,2.5309999999999997,1.9300000000000002,3.4210000000000003,2.7380000000000004,2.877,2.463,2.945,2.1689999999999996,2.458
22,2.276,2.127,2.3340000000000005,2.456,2.2019999999999995,1.834,2.625,2.039,2.3389999999999995,2.1770000000000005,2.324,2.307,2.3850000000000002,2.149,2.383,2.4509999999999996,2.335,2.091,2.318,2.372,2.194,2.136,2.27,2.0949999999999998,2.222,2.093,2.3440000000000003,2.211,2.174,2.2050000000000005,2.3169999999999997,2.5060000000000002,2.168,2.535,2.091,2.618,2.277,2.213,2.1599999999999997,2.132,2.1260000000000003,2.2950000000000004,2.399,2.346,2.2520000000000002,2.239,2.116,2.2279999999999998,1.8190000000000002,2.052,2.5159999999999996,1.818,2.557,2.476,1.964,2.392,2.154,2.48,2.2600000000000002,2.273,2.107,2.306,2.512,2.375,2.644,1.873,2.157,1.716,2.045,2.305,1.7830000000000001,2.4440000000000004,2.464,1.6830000000000003,2.2640000000000002,2.5509999999999997,2.2779999999999996,2.25,0.030000000000000006,0.768,2.0149999999999997,2.302,1.893,1.783,2.1249999999999996,2.306,1.984,2.232,2.445,1.98,2.0789999999999997
23,2.791,2.35,3.468,3.6590000000000003,2.602,1.185,4.784999999999999,2.279,2.7789999999999995,2.739,2.864,4.07,3.106,2.063,3.471,3.1820000000000004,2.9109999999999996,2.1049999999999995,3.1519999999999997,3.604,3.195,2.2380000000000004,2.8049999999999997,1.72,2.5010000000000003,2.305,2.7319999999999998,2.661,2.466,2.408,3.37,4.797000000000001,2.332,4.266,2.367,4.011,3.003,2.357,2.1689999999999996,2.402,2.1769999999999996,2.485,4.202,3.0010000000000003,2.357,2.87,4.912000000000001,2.859,1.106,1.975,4.77,0.9029999999999999,4.775,2.8169999999999997,2.854,3.3370000000000006,4.86,4.848000000000001,4.840000000000001,2.456,4.453,2.502,3.226,4.575,4.8549999999999995,1.645,4.829000000000001,2.9480000000000004,4.862,2.477,1.306,4.892,4.9159999999999995,0.9720000000000001,2.4699999999999998,3.04,2.396,4.819,0.051000000000000004,0.8029999999999999,2.3519999999999994,2.4360000000000004,2.3370000000000006,1.177,4.885,2.7230000000000003,2.684,3.408,3.3699999999999997,1.7420000000000002,2.455
24,2.553,2.4219999999999997,2.715,2.795,2.3939999999999997,1.9779999999999998,2.765,2.4130000000000003,2.551,2.444,2.7020000000000004,2.863,2.747,2.2960000000000003,2.656,2.5759999999999996,2.6100000000000003,2.258,2.7019999999999995,2.735,2.594,2.426,2.5219999999999994,2.436,2.411,2.364,2.619,2.509,2.5580000000000003,2.321,2.7520000000000002,2.747,2.243,2.843,2.2890000000000006,2.871,2.599,2.492,2.4930000000000003,2.3850000000000002,2.366,2.398,3.024,2.59,2.426,2.608,2.944,2.54,2.033,2.213,2.857,2.001,2.995,2.7620000000000005,2.52,2.925,3.0620000000000003,3.0840000000000005,2.676,2.477,2.465,2.506,2.887,3.101,2.7369999999999997,2.063,2.633,2.758,2.756,2.522,2.0439999999999996,3.22,2.94,1.932,2.449,2.448,2.45,3.137,0.048,0.781,2.3099999999999996,2.5120000000000005,2.5100000000000002,1.9950000000000003,3.043,2.668,2.8240000000000003,2.48,2.711,2.0949999999999998,2.4579999999999997
25,3.035,2.824,3.2680000000000007,3.3310000000000004,2.73,2.127,3.599,2.752,2.948,2.867,2.9550000000000005,3.3649999999999998,3.075,2.586,3.104,3.059,3.065,2.5229999999999997,3.0279999999999996,3.151,3.0140000000000002,2.7339999999999995,2.893,2.7299999999999995,2.684,2.6260000000000003,2.8470000000000004,2.9400000000000004,2.8240000000000003,2.788,3.104,3.5189999999999997,2.6719999999999997,3.2640000000000002,2.6090000000000004,3.3760000000000003,3.082,2.662,2.71,2.7150000000000003,2.724,2.7299999999999995,3.4130000000000003,2.9330000000000003,2.7760000000000002,2.9359999999999995,3.6480000000000006,2.9859999999999998,2.023,2.463,3.4379999999999997,2.022,3.5010000000000003,2.905,2.693,3.274,3.564,3.528,3.572,2.609,3.3059999999999996,2.679,3.307,3.5309999999999997,3.6129999999999995,2.279,3.59,2.817,3.66,2.587,1.955,3.62,3.624,1.9140000000000001,2.62,3.043,2.607,3.59,0.063,0.829,2.4,2.6870000000000003,2.564,2.033,3.595,2.846,2.729,2.8289999999999997,2.191,1.9489999999999998,2.6570000000000005
26,2.018,1.939,2.17,2.23,2.1020000000000003,1.879,1.6019999999999999,1.948,2.193,2.007,2.1260000000000003,1.7710000000000001,2.146,2.0140000000000002,2.146,2.0900000000000003,2.006,2.0200000000000005,2.087,2.1510000000000002,2.1710000000000003,1.9740000000000002,2.114,2.042,2.0189999999999997,2.087,2.0989999999999998,2.064,2.094,1.9740000000000002,2.145,2.079,2.007,2.2039999999999997,1.989,2.2510000000000003,2.1719999999999997,1.9989999999999999,1.95,1.955,1.956,2.1159999999999997,2.187,2.1479999999999997,1.982,2.15,1.1720000000000002,2.0769999999999995,1.8359999999999999,1.9440000000000002,2.15,1.8689999999999998,1.431,1.9419999999999997,1.6329999999999998,1.1969999999999998,1.193,1.431,1.2879999999999998,2.1910000000000003,2.043,1.857,1.654,1.777,1.427,1.9829999999999999,1.4449999999999998,1.197,1.3279999999999998,1.9359999999999995,1.879,1.1720000000000002,1.424,1.86,2.1550000000000002,1.472,2.0640000000000005,1.2770000000000001,0.045,0.772,1.964,2.149,2.063,1.9280000000000002,1.373,2.108,1.334,1.8660000000000003,1.709,1.925,2.133
27,2.463,2.197,2.9739999999999998,3.032,2.3129999999999997,1.704,3.082,2.1109999999999998,2.535,2.35,2.621,3.285,2.7020000000000004,2.039,2.839,2.791,2.56,2.082,2.6950000000000003,3.1950000000000003,2.758,2.149,2.4010000000000002,2.206,2.2239999999999998,2.04,2.479,2.348,2.273,2.213,2.819,3.62,2.238,3.132,2.2,3.3899999999999997,2.5020000000000002,2.2270000000000003,2.253,2.1759999999999997,2.253,2.342,3.2699999999999996,2.433,2.1060000000000003,2.47,3.7399999999999998,2.607,1.559,2.089,3.3980000000000006,1.5030000000000001,3.2729999999999997,2.7489999999999997,2.768,3.073,3.7599999999999993,3.7670000000000003,3.908,2.3850000000000002,2.675,1.9480000000000004,3.041,3.596,3.946,1.8660000000000003,3.8920000000000003,2.894,3.938,1.989,1.577,3.9239999999999995,3.88,1.536,2.367,2.411,2.32,3.85,0.048,0.7700000000000001,2.089,2.423,2.133,1.7099999999999997,4.023,2.4509999999999996,2.485,2.352,2.7920000000000003,1.834,2.336
28,2.502,2.348,2.627,2.695,2.332,1.8719999999999999,2.967,2.3240000000000003,2.561,2.402,2.581,2.834,2.661,2.243,2.632,2.597,2.5960000000000005,2.196,2.588,2.726,2.592,2.2600000000000002,2.554,2.2809999999999997,2.293,2.234,2.489,2.4130000000000003,2.412,2.343,2.646,2.748,2.276,2.85,2.206,2.8440000000000003,2.494,2.2769999999999997,2.266,2.287,2.2990000000000004,2.4210000000000003,2.7640000000000002,2.557,2.327,2.476,3.04,2.524,1.7310000000000003,2.198,2.7199999999999998,1.704,3.022,2.363,2.3,2.998,2.558,2.934,2.548,2.415,2.504,2.447,2.901,2.954,2.9509999999999996,2.003,3.008,2.6889999999999996,2.589,2.4210000000000003,1.7730000000000001,2.992,2.972,1.719,2.4579999999999997,2.847,2.4099999999999997,2.9370000000000003,0.036,0.757,2.373,2.402,2.181,1.94,2.9230000000000005,2.508,2.8569999999999998,2.557,2.761,2.029,2.3689999999999998
29,2.727,2.2649999999999997,3.078,3.2730000000000006,2.5170000000000003,1.537,4.017,2.316,2.741,2.77,2.812,3.472,2.8899999999999997,2.003,3.102,2.8869999999999996,2.814,2.347,3.1390000000000002,3.271,2.965,2.319,2.585,2.4330000000000003,2.5460000000000003,2.263,2.7289999999999996,2.5780000000000003,2.503,2.249,3.033,3.8200000000000003,2.3920000000000003,3.3049999999999997,2.3579999999999997,3.6489999999999996,2.6689999999999996,2.5010000000000003,2.309,2.558,2.406,2.592,3.518,2.689,2.4400000000000004,2.7670000000000003,4.096,2.618,1.3559999999999999,1.968,3.761,1.3379999999999999,3.9829999999999997,2.869,2.351,2.325,3.961,3.897,4.112,2.1710000000000003,3.3810000000000002,2.0629999999999997,3.1500000000000004,3.8819999999999992,3.9620000000000006,1.761,3.9560000000000004,3.428,4.139,2.336,1.54,4.1,4.112,1.209,2.358,2.772,2.323,4.049,0.030000000000000006,0.7620000000000001,2.3470000000000004,2.428,2.504,1.4280000000000002,4.035,2.775,2.5469999999999997,2.971,2.4489999999999994,1.517,2.342
30,1.6509999999999998,1.4619999999999997,1.6239999999999999,1.9629999999999999,1.73,1.185,1.4689999999999999,1.5100000000000002,1.8239999999999998,1.7149999999999999,1.9120000000000001,1.686,1.8850000000000002,1.448,1.85,1.7079999999999997,1.802,1.455,1.8240000000000003,1.8800000000000001,1.6469999999999998,1.582,1.8220000000000003,1.44,1.5870000000000002,1.5589999999999997,1.86,1.634,1.7310000000000003,1.548,1.9,1.7849999999999997,1.529,1.975,1.3649999999999998,1.782,1.7259999999999998,1.582,1.4760000000000002,1.6789999999999998,1.4400000000000002,1.7259999999999998,1.7299999999999998,1.8370000000000002,1.643,1.829,1.3399999999999999,1.6809999999999998,1.2360000000000002,1.625,1.8200000000000003,1.035,1.233,1.318,1.4369999999999998,1.493,1.233,1.5110000000000001,1.092,1.3480000000000003,1.4869999999999999,1.204,1.578,1.8850000000000002,1.246,1.418,1.2600000000000002,1.274,1.3519999999999999,1.402,1.23,1.3199999999999998,1.448,1.107,1.44,1.3199999999999998,1.4720000000000002,1.343,0.018,0.768,1.209,1.9829999999999999,1.438,1.177,1.393,1.77,1.4809999999999999,1.293,1.114,1.239,1.3679999999999999
31,0.808,0.7510000000000001,1.202,1.8199999999999998,1.137,0.051000000000000004,2.0959999999999996,0.716,1.571,0.733,1.9529999999999998,2.315,2.0439999999999996,0.8709999999999999,1.5779999999999998,1.9289999999999998,1.495,1.058,1.786,2.025,1.198,0.8719999999999999,1.471,0.11699999999999999,1.2819999999999998,0.704,1.639,0.7249999999999999,1.3079999999999998,0.575,1.7550000000000001,1.818,0.837,2.006,0.4640000000000001,2.16,1.609,1.0870000000000002,0.817,0.817,1.113,1.489,2.153,0.339,1.31,1.511,2.3880000000000003,1.409,0.327,0.10800000000000001,0.263,0.039,2.3409999999999997,1.8739999999999999,0.9890000000000001,2.15,1.652,2.3920000000000003,2.2760000000000002,1.6990000000000003,0.154,1.324,2.247,2.2880000000000003,1.652,0.671,1.482,2.298,2.217,1.108,0.302,2.5919999999999996,2.1799999999999997,0.06000000000000001,1.34,2.081,1.5010000000000001,2.013,0.030000000000000006,0.7150000000000001,1.6649999999999998,1.9009999999999998,0.547,0.10400000000000001,1.629,1.092,1.887,1.439,1.691,1.403,1.6330000000000002
32,2.72,2.469,3.107,3.1180000000000008,2.633,2.012,3.5090000000000003,2.524,2.7670000000000003,2.6830000000000003,2.834,3.253,2.8899999999999997,2.354,2.966,2.928,2.8459999999999996,2.377,2.9419999999999997,3.061,2.7689999999999997,2.619,2.608,2.532,2.643,2.482,2.8369999999999997,2.6179999999999994,2.636,2.552,2.944,3.372,2.5330000000000004,3.14,2.408,3.2300000000000004,2.7,2.502,2.429,2.5490000000000004,2.567,2.579,3.211,2.7950000000000004,2.5450000000000004,2.722,3.56,2.745,1.875,2.248,3.173,1.857,3.408,2.9450000000000003,2.8099999999999996,3.075,3.4989999999999997,3.4479999999999995,3.504,2.433,2.976,2.457,3.043,3.4989999999999997,3.4269999999999996,2.093,3.575,2.646,3.5340000000000003,2.4319999999999995,1.8989999999999998,3.5760000000000005,3.5480000000000005,1.7579999999999998,2.373,2.8709999999999996,2.404,3.5130000000000003,0.051000000000000004,0.762,2.4189999999999996,2.572,2.3839999999999995,1.902,3.4730000000000003,2.734,2.6,2.5160000000000005,2.462,2.138,2.3579999999999997
33,1.269,1.1880000000000002,1.3599999999999999,1.5350000000000001,1.347,0.506,1.141,1.1949999999999998,1.438,1.281,1.5690000000000002,1.4229999999999998,1.432,1.1949999999999998,1.321,1.4129999999999998,1.455,1.3219999999999998,1.426,1.5870000000000002,1.438,1.178,1.4049999999999998,0.681,1.293,1.224,1.5290000000000001,1.192,1.3,1.105,1.5050000000000001,1.451,1.075,1.571,0.977,1.467,1.309,1.186,1.2120000000000002,1.221,1.2890000000000001,1.5219999999999998,1.643,1.011,1.325,1.331,1.268,1.3409999999999997,0.584,0.479,0.5559999999999999,0.153,1.125,1.2200000000000002,0.875,1.0710000000000002,1.221,1.2109999999999999,1.1440000000000001,1.125,0.6459999999999999,1.1520000000000001,1.1460000000000001,1.554,1.099,1.034,1.228,1.206,0.97,1.2630000000000001,1.004,1.368,1.2559999999999998,0.129,1.2810000000000001,1.0859999999999999,0.6779999999999999,1.1920000000000002,0.012,0.742,1.3980000000000001,1.23,1.2079999999999997,0.6460000000000001,1.185,1.3199999999999998,1.2500000000000002,1.214,1.3089999999999997,1.206,1.2109999999999999
34,2.9549999999999996,2.5349999999999997,3.569,3.4619999999999997,2.594,1.759,4.406000000000001,2.572,2.804,2.965,2.9739999999999998,3.8520000000000003,3.167,2.44,3.4859999999999998,3.1919999999999997,3.024,2.377,3.141,3.4899999999999998,3.346,2.677,2.751,2.572,2.754,2.569,2.8739999999999997,2.7,2.751,2.658,3.41,4.179,2.553,3.7020000000000004,2.418,3.85,3.087,2.77,2.553,2.7,2.5149999999999997,2.652,3.9219999999999997,2.9849999999999994,2.4739999999999998,2.8579999999999997,4.412,3.001,1.592,2.1900000000000004,4.359,1.509,4.4159999999999995,2.867,2.9590000000000005,3.332,4.343000000000001,4.454,4.436,2.4579999999999997,3.3009999999999997,2.447,3.3310000000000004,4.295,4.526999999999999,2.005,4.423,2.9419999999999993,4.338000000000001,2.4479999999999995,1.5630000000000002,4.508,4.343999999999999,1.5570000000000002,2.3840000000000003,2.935,2.434,4.5,0.051000000000000004,0.761,2.228,2.601,2.46,1.627,4.385000000000001,2.8000000000000003,2.623,2.4619999999999997,2.559,1.9739999999999998,2.3950000000000005
35,1.011,0.999,1.041,1.2939999999999998,0.9650000000000001,0.5399999999999999,1.051,1.047,1.1320000000000001,1.0779999999999998,1.185,1.145,1.208,0.9680000000000002,1.173,1.175,1.141,1.0290000000000001,1.135,1.2650000000000001,1.066,0.9970000000000001,1.2229999999999999,0.806,1.126,0.946,1.276,0.945,1.089,0.819,1.137,1.135,0.9549999999999998,1.2369999999999999,0.755,1.202,1.041,1.02,0.9480000000000001,0.9960000000000001,1.028,1.1309999999999998,1.116,0.8,1.1620000000000001,1.134,1.0879999999999999,1.128,0.678,0.6910000000000001,0.8629999999999999,0.558,1.0399999999999998,1.053,0.836,1.003,1.069,1.085,1.028,1.068,0.7140000000000001,1.1019999999999999,1.044,1.173,1.047,0.758,1.063,1.002,1.0390000000000001,1.2029999999999998,0.8699999999999999,1.036,1.056,0.5279999999999999,1.165,1.134,1.062,1.0279999999999998,0.006,0.771,1.083,1.3910000000000002,0.9730000000000001,0.67,1.0150000000000001,1.174,1.1099999999999999,1.076,1.034,1.018,1.071
36,2.2710000000000004,1.9419999999999997,2.206,2.413,2.018,1.529,2.403,1.92,2.314,2.011,2.152,2.4459999999999997,2.1390000000000002,1.9120000000000001,2.205,2.3689999999999998,2.232,1.905,2.2479999999999998,2.562,2.2960000000000003,2.024,2.152,1.7979999999999996,2.049,1.7420000000000002,2.162,2.067,2.1390000000000002,2.044,2.4059999999999997,2.3840000000000003,2.0,2.6839999999999997,1.737,2.316,2.2060000000000004,1.971,1.953,1.879,1.9849999999999999,2.103,2.5469999999999997,2.263,2.028,2.133,3.1279999999999997,2.055,1.4829999999999999,1.816,2.478,1.389,2.4159999999999995,2.038,2.122,2.3529999999999998,2.125,1.759,2.924,1.718,2.242,1.381,2.407,2.7729999999999997,2.153,1.6780000000000002,2.749,1.5530000000000002,2.1609999999999996,1.6420000000000001,1.586,2.724,3.0759999999999996,1.431,1.393,1.4129999999999998,1.0779999999999998,2.4219999999999997,0.036,0.777,1.645,2.273,1.48,1.5,2.1309999999999993,2.134,2.257,1.505,2.656,1.7,1.437
37,2.643,2.3289999999999997,2.947,3.027,2.4520000000000004,1.902,3.3810000000000002,2.4,2.628,2.63,2.691,3.1930000000000005,2.8449999999999998,2.207,2.758,2.7550000000000003,2.7600000000000002,2.271,2.7680000000000002,3.034,2.7980000000000005,2.421,2.633,2.4669999999999996,2.407,2.382,2.684,2.547,2.602,2.4810000000000003,2.842,3.052,2.512,3.0159999999999996,2.2800000000000002,3.2150000000000007,2.721,2.5420000000000003,2.374,2.516,2.3419999999999996,2.463,3.21,2.652,2.441,2.6719999999999997,3.5760000000000005,2.698,1.795,2.13,3.319,1.698,3.4450000000000003,2.7649999999999997,2.642,3.127,3.5599999999999996,3.4209999999999994,3.5480000000000005,2.409,2.8270000000000004,2.387,3.0810000000000004,3.5699999999999994,3.503,1.918,3.4240000000000004,2.658,3.3979999999999997,2.429,1.857,3.5080000000000005,3.492,1.8,2.1130000000000004,2.8139999999999996,2.428,3.34,0.045,0.8099999999999999,2.3560000000000003,2.5040000000000004,2.4530000000000003,1.857,3.373,2.6719999999999997,2.8930000000000002,2.855,2.659,2.032,2.372
38,2.925,2.603,3.2099999999999995,3.245,2.6260000000000003,2.01,3.647,2.593,2.8009999999999997,2.716,2.8859999999999997,3.467,2.8970000000000002,2.5360000000000005,3.2359999999999998,2.94,2.9450000000000003,2.4879999999999995,2.949,3.135,2.92,2.654,2.7350000000000003,2.744,2.5580000000000003,2.41,2.8400000000000003,2.6079999999999997,2.7060000000000004,2.689,3.161,3.357,2.6439999999999997,3.2619999999999996,2.573,3.3579999999999997,2.788,2.594,2.543,2.648,2.557,2.647,3.35,2.939,2.5460000000000003,2.664,3.7479999999999998,2.861,1.951,2.265,3.643,1.8689999999999998,3.739,2.8680000000000003,2.761,3.182,3.607,3.692,3.684,2.531,3.3590000000000004,2.5629999999999997,3.22,3.715,3.6439999999999997,2.168,3.7,2.723,3.719,2.538,1.877,3.6839999999999997,3.8480000000000003,1.8539999999999999,2.534,2.879,2.5450000000000004,3.6760000000000006,0.05700000000000001,0.767,2.403,2.655,2.4470000000000005,1.959,3.725,2.864,2.601,3.289,2.406,2.067,2.5290000000000004
39,2.7199999999999998,2.395,3.0030000000000006,3.1,2.5300000000000002,2.027,3.3489999999999993,2.499,2.7359999999999998,2.7600000000000002,2.761,3.2230000000000003,2.875,2.47,2.89,2.85,2.729,2.469,2.8869999999999996,2.8310000000000004,2.925,2.5699999999999994,2.652,2.487,2.5300000000000002,2.35,2.85,2.696,2.5520000000000005,2.428,2.8139999999999996,3.2969999999999997,2.459,3.166,2.33,3.181,2.769,2.531,2.398,2.555,2.4819999999999998,2.6260000000000003,3.1559999999999997,2.651,2.521,2.703,2.976,2.756,1.939,2.216,3.293,1.8240000000000003,2.948,2.483,2.723,3.161,3.489,3.4129999999999994,3.4479999999999995,2.5770000000000004,2.8589999999999995,2.5460000000000003,3.117,3.3840000000000003,3.158,2.077,2.987,2.6599999999999997,3.478,2.517,1.932,3.5800000000000005,3.408,1.9469999999999998,2.542,2.8760000000000003,2.559,2.996,0.048,0.765,2.348,2.644,2.49,1.9790000000000003,3.539,2.657,2.65,2.525,2.5699999999999994,2.104,2.54
40,2.654,2.527,2.907,2.875,2.51,2.035,2.923,2.502,2.725,2.566,2.8200000000000003,3.1079999999999997,2.855,2.4270000000000005,3.0269999999999997,2.8549999999999995,2.7359999999999998,2.431,2.8240000000000003,2.8489999999999998,2.805,2.502,2.7009999999999996,2.657,2.5060000000000002,2.3139999999999996,2.7660000000000005,2.5980000000000003,2.5439999999999996,2.546,2.9899999999999998,3.048,2.477,2.9240000000000004,2.51,3.048,2.7199999999999998,2.587,2.412,2.5119999999999996,2.489,2.594,3.05,2.8249999999999997,2.6399999999999997,2.634,2.88,2.6879999999999997,1.846,2.2920000000000003,2.8590000000000004,1.848,2.475,2.902,2.293,2.996,2.8979999999999997,2.691,2.46,2.5540000000000003,2.746,2.593,3.0199999999999996,3.133,2.423,2.1630000000000003,2.924,2.4170000000000003,2.4210000000000003,2.545,1.983,2.9639999999999995,2.852,1.8329999999999997,2.5189999999999997,2.8810000000000002,2.537,2.458,0.045,0.7710000000000001,2.467,2.5900000000000003,2.4579999999999997,2.005,3.077,2.694,2.596,2.696,2.458,2.255,2.532
41,2.3299999999999996,2.3579999999999997,2.166,2.303,2.332,2.347,1.262,2.337,2.316,2.3579999999999997,2.3209999999999997,1.989,2.3289999999999997,2.342,2.3440000000000003,2.322,2.283,2.348,2.3009999999999997,2.034,2.3299999999999996,2.343,2.415,2.37,2.3230000000000004,2.3600000000000003,2.3609999999999998,2.322,2.326,2.322,2.216,2.039,2.359,2.312,2.367,1.626,2.378,2.398,2.357,2.3259999999999996,2.354,2.3419999999999996,2.269,2.353,2.3620000000000005,2.35,1.14,2.337,2.4270000000000005,2.309,2.332,2.379,1.35,1.6440000000000001,2.088,1.3519999999999999,1.2919999999999998,1.2890000000000001,1.2600000000000002,2.325,2.3169999999999997,1.802,1.256,1.6779999999999997,1.237,2.366,1.235,1.654,1.207,2.3629999999999995,2.394,1.1720000000000002,1.06,2.4,2.391,1.9869999999999997,2.354,1.2449999999999999,0.05399999999999999,0.755,2.3850000000000002,2.281,2.4050000000000002,2.3460000000000005,1.2710000000000001,2.3589999999999995,1.4969999999999999,2.3209999999999997,2.0450000000000004,2.396,2.3850000000000002
42,1.029,0.97,1.178,1.6630000000000003,1.1469999999999998,0.46299999999999997,1.5010000000000001,1.0419999999999998,1.395,1.021,1.3649999999999998,1.378,1.6509999999999998,0.9800000000000001,1.313,1.344,1.3679999999999999,1.181,1.3370000000000002,1.541,1.304,1.112,1.384,0.642,1.144,1.008,1.417,1.05,1.199,1.028,1.2850000000000001,1.473,1.036,1.6830000000000003,0.747,1.2510000000000001,1.262,1.0399999999999998,0.9800000000000001,1.076,1.07,1.454,1.659,0.8640000000000001,1.334,1.308,1.1480000000000001,1.3279999999999998,0.592,0.8019999999999999,1.018,0.40499999999999997,1.6830000000000003,1.3,0.9730000000000001,1.396,1.363,1.378,1.52,1.122,0.8510000000000002,1.0859999999999999,1.5050000000000001,1.8050000000000002,1.7739999999999998,0.8219999999999998,1.133,1.363,1.7149999999999999,1.0699999999999998,0.857,1.568,1.3599999999999999,0.47400000000000003,1.1969999999999998,1.4010000000000002,0.99,1.347,0.027000000000000003,0.722,1.224,1.657,1.144,0.546,1.675,1.253,1.469,1.127,1.799,1.135,1.1729999999999998
43,2.314,1.973,3.3300000000000005,3.4799999999999995,2.1290000000000004,1.4659999999999997,4.449,1.92,2.23,2.2640000000000002,2.3020000000000005,3.6989999999999994,2.526,2.01,2.561,2.6350000000000002,2.357,1.846,2.343,3.119,2.5309999999999997,1.9659999999999997,2.191,1.9010000000000002,2.06,1.863,2.293,2.218,2.0770000000000004,2.0189999999999997,2.472,4.359,1.9299999999999997,3.431,1.8950000000000002,3.7700000000000005,2.213,1.9869999999999997,1.8240000000000003,2.1310000000000002,1.83,2.1879999999999997,3.6390000000000002,2.379,2.0120000000000005,2.2910000000000004,4.848000000000001,2.268,1.448,1.841,4.510000000000001,1.4220000000000002,4.525999999999999,2.527,3.04,3.0420000000000003,4.612,4.538,4.776,2.2980000000000005,3.3340000000000005,2.2600000000000002,3.067,3.8129999999999997,4.661,1.64,4.726,3.2939999999999996,4.664,2.303,1.484,4.712000000000001,4.747999999999999,1.443,2.2590000000000003,2.793,2.31,4.757,0.033,0.7710000000000001,1.9470000000000003,2.2800000000000002,2.048,1.5079999999999998,4.6610000000000005,2.2920000000000003,2.8739999999999997,3.7369999999999997,2.5909999999999997,1.4709999999999999,2.219
44,2.529,2.335,2.626,2.743,2.4259999999999997,2.178,2.615,2.3899999999999997,2.601,2.4989999999999997,2.653,2.8169999999999997,2.6799999999999997,2.356,2.565,2.716,2.5450000000000004,2.473,2.623,2.575,2.715,2.425,2.5420000000000003,2.497,2.4410000000000003,2.3609999999999998,2.627,2.5810000000000004,2.492,2.455,2.718,2.755,2.43,2.7350000000000003,2.509,2.7920000000000003,2.603,2.471,2.3859999999999997,2.4509999999999996,2.3749999999999996,2.4720000000000004,2.719,2.6119999999999997,2.5490000000000004,2.561,2.8,2.479,2.203,2.1729999999999996,2.838,2.109,2.826,2.6149999999999998,2.319,2.808,2.692,2.93,2.5439999999999996,2.441,2.7250000000000005,2.495,2.9179999999999997,2.7760000000000007,2.625,2.193,2.96,2.5140000000000002,2.592,2.444,2.112,2.556,2.936,2.1540000000000004,2.475,2.7540000000000004,2.424,2.2329999999999997,0.056999999999999995,0.7949999999999999,2.3449999999999998,2.508,2.473,2.125,2.7649999999999997,2.6119999999999997,2.31,2.431,2.7560000000000002,2.193,2.433
45,2.146,1.9970000000000003,2.384,2.395,2.113,1.693,2.332,2.1100000000000003,2.2339999999999995,2.1370000000000005,2.346,2.582,2.416,2.0460000000000003,2.209,2.3890000000000002,2.209,2.109,2.2760000000000002,2.387,2.3329999999999997,2.0300000000000002,2.149,2.1000000000000005,2.093,2.021,2.3150000000000004,2.13,2.1310000000000002,2.012,2.394,2.511,2.002,2.211,2.048,2.3939999999999997,2.2279999999999998,2.002,2.0290000000000004,2.018,2.109,2.2,2.2279999999999998,2.261,2.066,2.2809999999999997,2.06,2.136,1.751,2.038,2.52,1.593,1.717,2.183,2.04,2.359,2.1919999999999997,1.5410000000000001,1.9520000000000004,2.023,2.216,1.811,1.847,2.5149999999999997,1.8810000000000002,1.8360000000000003,1.873,2.105,2.4170000000000003,1.954,1.6030000000000002,2.1320000000000006,1.8240000000000003,1.677,2.1250000000000004,1.9309999999999998,2.06,2.323,0.051000000000000004,0.737,2.101,2.268,1.847,1.669,1.793,2.258,2.102,2.2670000000000003,2.166,1.8190000000000002,2.104
46,0.221,0.353,0.37499999999999994,0.82,0.491,0.008,0.8550000000000001,0.367,0.807,0.32300000000000006,0.9869999999999999,0.9949999999999999,0.9879999999999999,0.367,0.666,0.9810000000000001,0.6300000000000001,0.421,0.63,0.8710000000000001,0.527,0.374,0.7209999999999999,0.022000000000000002,0.514,0.33799999999999997,0.9570000000000001,0.315,0.49000000000000005,0.22600000000000003,0.915,0.6529999999999999,0.36000000000000004,0.933,0.14700000000000002,0.9780000000000001,0.46799999999999997,0.356,0.313,0.506,0.53,0.9650000000000001,0.9630000000000001,0.038,0.55,0.7350000000000001,1.0,0.515,0.674,0.0,0.0,0.0,0.975,0.975,0.5,1.0,0.99,0.975,1.0,1.0,0.0,1.0,1.0,0.983,0.9949999999999999,0.231,0.9949999999999999,0.9949999999999999,0.005,0.9949999999999999,0.25,1.0,1.0,0.0,0.9949999999999999,0.9949999999999999,0.0,0.993,0.0,0.704,0.985,1.0,0.33,0.048,0.9949999999999999,0.49700000000000005,0.9949999999999999,0.985,0.99,0.99,0.99
47,2.2039999999999997,2.0869999999999997,2.425,2.762,2.1919999999999997,1.668,2.947,2.068,2.228,2.1399999999999997,2.341,2.7779999999999996,2.475,1.902,2.439,2.3460000000000005,2.31,1.9789999999999999,2.407,2.493,2.322,2.202,2.218,2.009,2.0949999999999998,1.9909999999999997,2.257,2.037,2.029,2.0780000000000003,2.581,2.6740000000000004,2.0549999999999997,2.6710000000000003,1.9260000000000002,2.723,2.33,2.028,1.9810000000000003,2.021,2.068,2.142,2.618,2.243,2.179,2.2510000000000003,2.94,2.165,1.509,1.884,2.5060000000000002,1.533,3.0230000000000006,2.678,2.2060000000000004,2.8409999999999997,2.875,2.891,2.872,2.27,2.242,2.2670000000000003,2.842,3.0290000000000004,2.976,1.7329999999999999,2.9690000000000003,2.904,2.9810000000000003,2.191,1.693,3.02,3.04,1.494,2.271,2.5780000000000003,2.259,2.968,0.03899999999999999,1.4009999999999998,2.217,2.3440000000000003,1.973,1.557,2.945,2.226,2.96,2.319,2.9080000000000004,1.886,2.237
48,4.0169999999999995,3.614,4.406000000000001,4.164,3.679,3.3,3.5599999999999996,3.808,3.6410000000000005,3.996,3.5170000000000003,4.052,3.682,3.4979999999999998,4.156000000000001,3.864,3.9770000000000003,3.4849999999999994,3.9800000000000004,4.257,4.275,3.632,3.714,4.231,3.6130000000000004,3.628,3.656,3.8689999999999998,3.776,3.9810000000000003,4.0009999999999994,4.377,3.69,4.359,3.8620000000000005,4.128,3.8930000000000007,3.7349999999999994,3.651,3.6689999999999996,3.711,3.3520000000000003,4.287,3.9530000000000003,3.4879999999999995,3.7010000000000005,2.304,3.8890000000000002,2.997,3.0,4.335,3.0,3.29,3.001,4.0,2.732,2.468,3.146,2.276,2.976,4.704,2.875,2.308,2.4669999999999996,2.306,2.997,2.306,2.994,2.316,3.0,2.997,2.3240000000000003,2.316,3.0,2.999,2.999,3.0,2.479,0.075,0.09,3.014,3.2439999999999998,3.589,3.085,3.375,3.886,3.0,2.964,3.0,3.0,3.0
49,2.924,2.789,3.3580000000000005,3.1830000000000003,2.975,3.108,4.979,2.8869999999999996,3.0,2.619,2.777,3.8950000000000005,2.806,3.0130000000000003,3.135,3.1799999999999997,3.165,2.947,2.946,3.036,3.0119999999999996,2.822,2.667,2.87,2.938,2.683,2.854,2.8040000000000003,2.723,3.093,2.8850000000000002,4.848000000000001,2.8329999999999997,4.354000000000001,2.86,4.061,2.996,2.8749999999999996,2.89,2.886,2.9720000000000004,3.0189999999999997,3.877,2.8359999999999994,3.023,2.638,5.0,2.8939999999999997,3.0,3.0,4.96,3.0,4.93,3.0,3.9799999999999995,3.01,4.96,4.93,5.0,3.01,3.01,3.05,3.05,3.4219999999999997,4.97,3.0,4.97,2.995,5.0,3.0,3.0,5.0,5.0,3.0,3.0,3.0,3.0,5.0,0.075,0.12,2.997,2.7299999999999995,1.6800000000000002,2.7809999999999997,3.0,1.823,3.0,3.01,3.0,3.0,3.0
50,0.726,0.5619999999999999,1.089,2.579,1.145,0.045,4.904999999999999,0.899,1.677,0.982,2.0989999999999998,3.463,2.382,0.7070000000000001,1.358,2.0840000000000005,1.6560000000000001,0.841,1.8210000000000002,2.287,1.4100000000000001,0.768,1.4860000000000002,0.13499999999999998,1.092,0.773,1.845,0.8779999999999999,1.2349999999999999,0.591,2.185,4.593,0.983,4.081,0.23399999999999999,3.428,1.6079999999999999,0.8089999999999999,0.538,0.813,1.3139999999999998,1.7520000000000002,3.2879999999999994,0.25,1.1179999999999999,1.475,5.0,1.496,0.305,0.035,2.0,0.03,4.845,3.04,2.47,2.625,4.92,4.845,5.0,1.855,2.03,1.905,2.62,4.8,4.97,0.7130000000000001,4.97,2.02,5.0,1.845,0.275,5.0,5.0,0.03,1.845,2.255,1.845,5.0,0.03,1.331,1.999,2.0599999999999996,0.36,0.097,4.895,1.374,2.995,1.855,4.895,1.57,1.845
51,2.9110000000000005,3.722,4.742,4.51,3.7700000000000005,3.3579999999999997,4.992,3.912,3.804,4.104,3.7159999999999997,4.593999999999999,3.88,3.582,4.386,4.056,4.116,3.5159999999999996,4.214,4.446,4.51,3.6940000000000004,3.7880000000000003,4.398000000000001,3.6659999999999995,3.6519999999999997,3.754,3.998,3.864,4.108,4.3100000000000005,4.973999999999999,3.7619999999999996,4.898000000000001,3.9939999999999998,4.628,4.074,3.868,3.754,3.7840000000000003,3.768,3.414,4.7299999999999995,4.0520000000000005,3.594,3.938,5.0,3.978,3.0,3.0,4.98,3.0,4.95,3.0,4.0,3.01,4.98,4.95,5.0,3.01,4.99,3.05,3.05,3.7960000000000003,4.99,3.0,4.99,4.0,5.0,3.0,3.0,5.0,5.0,3.0,3.0,3.0,3.0,5.0,0.075,0.09,3.0199999999999996,3.114,3.66,3.0940000000000003,3.0,3.996,3.0,4.97,3.0,3.0,3.0
52,0.39,0.434,0.45899999999999996,0.9289999999999999,0.537,0.095,1.098,0.461,0.861,0.406,1.057,1.069,1.043,0.429,0.5660000000000001,1.0210000000000001,0.667,0.506,0.6270000000000001,0.9469999999999998,0.601,0.46399999999999997,0.682,0.13,0.5800000000000001,0.446,0.9710000000000001,0.513,0.567,0.32799999999999996,1.0230000000000001,0.751,0.473,1.0550000000000002,0.221,1.08,0.731,0.465,0.384,0.588,0.7050000000000001,0.985,0.9129999999999999,0.20099999999999998,0.616,0.8969999999999999,1.1,0.568,0.49000000000000005,0.08,0.12,0.075,1.05,1.045,0.575,1.055,1.08,1.05,1.1,1.055,0.12,1.095,1.085,1.035,1.09,0.29300000000000004,1.09,1.075,1.1,1.045,0.315,1.1,1.1,0.075,1.045,1.045,1.045,1.1,0.075,0.781,1.04,1.026,0.41,0.139,1.045,0.5820000000000001,1.045,1.075,1.04,1.04,1.045
53,1.6759999999999997,1.939,1.4040000000000001,1.032,1.4589999999999999,2.5639999999999996,1.1,1.749,1.2189999999999999,1.8099999999999998,1.171,1.082,1.073,1.7280000000000002,1.3809999999999998,1.093,1.1779999999999997,1.8860000000000003,1.4100000000000001,1.1,1.607,1.7540000000000002,1.366,2.087,1.3969999999999998,2.225,1.417,1.714,1.463,1.779,1.103,1.1039999999999999,1.4900000000000002,1.065,1.8969999999999998,1.0879999999999999,1.308,1.6200000000000003,1.8980000000000001,1.8329999999999997,1.9169999999999998,1.124,1.1400000000000001,1.927,1.46,1.6030000000000002,1.1,1.528,2.996,3.0,1.165,3.0,1.07,3.0,2.02,1.075,1.08,1.07,1.1,2.51,2.25,1.095,1.085,1.08,1.09,3.0,1.09,2.53,1.1,3.0,3.0,1.1,1.1,3.0,3.0,3.0,3.0,1.1,0.075,0.78,2.98,1.075,1.7100000000000002,2.8399999999999994,3.0,1.545,3.0,1.09,3.0,3.0,3.0
54,4.19,2.987,3.1630000000000003,3.023,2.425,1.9969999999999999,2.998,2.135,2.295,2.229,2.3470000000000004,2.7750000000000004,2.398,1.983,2.41,2.4899999999999998,2.309,2.0450000000000004,2.338,2.6959999999999997,2.5,2.042,2.269,2.224,2.075,2.068,2.318,2.098,2.2049999999999996,2.286,2.522,2.864,2.0149999999999997,2.82,2.069,2.7960000000000003,2.272,2.0970000000000004,2.031,2.033,2.1630000000000003,2.1129999999999995,2.793,2.06,2.114,2.285,3.0,2.2809999999999997,1.5,1.505,2.495,1.5,2.95,1.9950000000000003,2.0,2.005,2.98,2.95,3.0,2.005,2.495,2.045,2.035,2.299,2.99,1.6,2.99,2.5,3.0,1.9950000000000003,1.625,3.0,3.0,1.5,1.9950000000000003,1.9950000000000003,1.9950000000000003,3.0,0.075,0.45,1.9899999999999998,1.7579999999999998,1.9950000000000003,1.569,1.9950000000000003,2.2440000000000007,1.9950000000000003,2.97,1.78,1.9899999999999998,1.9950000000000003
55,1.232,1.159,0.938,0.924,1.116,2.118,0.959,1.3199999999999998,0.9059999999999999,1.206,1.008,0.9870000000000001,0.9890000000000001,1.405,0.9570000000000001,0.966,1.0059999999999998,1.2550000000000001,0.8299999999999998,0.96,0.9,1.117,0.757,1.592,1.0,1.184,0.962,1.328,0.9630000000000001,1.335,0.933,0.945,1.325,0.986,1.512,1.003,1.108,1.147,1.327,1.111,1.436,0.967,0.961,1.302,0.8779999999999999,0.844,1.0,1.026,1.1119999999999999,2.985,1.375,2.985,1.055,1.05,2.005,1.0,1.025,1.055,1.0,1.0,1.5,1.0,1.0,0.9949999999999999,1.015,2.976,1.015,0.9949999999999999,1.015,1.01,2.985,1.0,1.0,2.985,1.01,1.01,2.985,0.991,0.06,0.22799999999999998,2.9210000000000003,1.0,0.365,2.677,1.015,0.531,1.01,1.005,2.985,2.985,2.985
56,0.441,0.35100000000000003,0.5519999999999999,0.873,0.49700000000000005,0.042,1.038,0.461,0.8879999999999999,0.357,1.017,1.034,1.0059999999999998,0.40700000000000003,0.4760000000000001,0.96,0.5399999999999999,0.44699999999999995,0.609,1.016,0.4699999999999999,0.39,0.744,0.065,0.517,0.38899999999999996,0.9829999999999999,0.34,0.6430000000000001,0.29100000000000004,0.978,0.8719999999999999,0.404,0.9810000000000001,0.19799999999999998,1.0190000000000001,0.75,0.39,0.382,0.409,0.553,0.9570000000000001,0.943,0.132,0.607,0.732,1.04,0.5599999999999999,0.658,0.035,0.045,0.03,1.005,1.005,0.53,1.025,1.02,1.005,1.04,1.025,0.045,1.04,1.04,1.02,1.03,0.258,1.03,1.03,1.04,1.015,0.275,1.04,1.04,0.03,1.015,1.015,1.015,1.04,0.03,0.756,1.01,1.012,0.36,0.082,1.015,0.528,1.015,1.02,1.015,1.01,1.015
57,0.36500000000000005,0.375,0.43,0.8960000000000001,0.5399999999999999,0.096,1.089,0.453,0.844,0.425,1.0590000000000002,1.07,1.0049999999999997,0.461,0.534,1.0150000000000001,0.62,0.52,0.686,1.036,0.5,0.43999999999999995,0.705,0.10799999999999998,0.5589999999999999,0.438,0.9709999999999999,0.392,0.594,0.352,0.9559999999999998,0.737,0.458,1.036,0.209,1.06,0.889,0.4760000000000001,0.402,0.473,0.651,0.994,0.993,0.193,0.5900000000000001,0.9410000000000001,1.1,0.6060000000000001,0.526,0.08,0.12,0.075,1.05,1.045,0.575,1.055,1.08,1.05,1.1,1.055,0.12,1.095,1.085,1.08,1.09,0.31100000000000005,1.09,1.075,1.1,1.045,0.315,1.1,1.1,0.075,1.045,1.045,1.045,1.1,0.075,0.773,1.04,1.027,0.41,0.127,1.045,0.583,1.045,1.075,1.04,1.04,1.045
58,0.25999999999999995,0.34199999999999997,0.36,0.794,0.45200000000000007,0.003,0.788,0.366,0.792,0.45099999999999996,0.9850000000000001,0.9890000000000001,0.9510000000000002,0.387,0.421,0.9410000000000001,0.538,0.43200000000000005,0.516,0.922,0.652,0.37,0.6849999999999999,0.04,0.581,0.35700000000000004,0.9280000000000002,0.273,0.613,0.22199999999999998,0.977,0.6809999999999999,0.374,0.9640000000000001,0.14100000000000001,0.993,0.519,0.363,0.329,0.388,0.635,0.9349999999999999,0.8699999999999999,0.05600000000000001,0.6140000000000001,0.762,1.0,0.532,0.681,0.0,0.0,0.0,0.975,0.975,0.5,1.0,0.99,0.975,1.0,1.0,0.0,1.0,1.0,0.975,0.9949999999999999,0.29200000000000004,0.9949999999999999,0.9949999999999999,0.005,0.9949999999999999,0.25,1.0,1.0,0.0,0.9949999999999999,0.9949999999999999,0.0,0.992,0.0,0.7110000000000001,0.985,1.0,0.33,0.053000000000000005,0.9949999999999999,0.49800000000000005,0.9949999999999999,0.985,0.99,0.99,0.99
59,1.73,2.554,1.7580000000000002,1.686,2.362,2.835,1.059,2.502,2.045,2.254,1.5759999999999998,1.066,1.097,2.521,2.088,1.541,1.9119999999999997,2.5340000000000003,1.9010000000000002,1.448,2.261,2.484,2.268,2.446,2.467,2.5940000000000003,2.1860000000000004,2.37,2.41,2.161,1.3480000000000003,1.6940000000000002,2.4080000000000004,1.125,2.438,1.068,1.7130000000000003,2.399,2.516,2.567,2.534,2.3150000000000004,1.122,2.2880000000000003,2.4259999999999997,2.018,1.0,2.2550000000000003,2.9509999999999996,2.985,1.83,2.985,1.055,2.51,2.005,1.0,1.025,1.055,1.0,1.0,2.25,1.0,1.0,1.684,1.015,2.9659999999999997,1.015,1.015,1.025,2.5,2.985,1.0,1.0,2.985,2.5,1.03,2.985,1.019,0.06,0.786,2.9829999999999997,1.0,2.655,2.929,1.015,2.381,1.03,2.96,2.985,2.985,2.985
60,2.177,1.468,3.1170000000000004,3.379,1.8210000000000002,0.084,4.976,1.707,2.412,1.8079999999999998,2.657,3.8369999999999997,2.8520000000000003,1.389,2.7800000000000002,2.789,2.3760000000000003,1.536,2.7049999999999996,2.8459999999999996,2.197,1.689,2.377,0.418,2.085,1.191,2.418,1.8700000000000003,1.9739999999999998,1.241,3.042,4.804,1.531,4.135999999999999,1.256,4.004,2.3419999999999996,1.7120000000000002,1.229,1.6939999999999997,1.866,2.2920000000000003,3.8260000000000005,1.3490000000000002,1.7849999999999997,2.221,5.0,2.2670000000000003,0.229,1.335,1.98,0.015,4.87,2.275,2.495,3.175,4.945,4.87,5.0,2.25,2.0,2.305,2.9,4.89,4.97,1.793,4.97,2.275,5.0,2.25,0.8,5.0,5.0,0.015,2.25,2.79,2.25,5.0,0.015,0.097,2.3299999999999996,2.185,1.335,0.23900000000000002,4.945,2.122,2.7,4.915,4.92,1.8,2.25
61,2.121,2.491,1.3699999999999999,1.292,2.3449999999999998,2.795,1.075,2.493,2.1350000000000002,2.2809999999999997,1.666,1.003,1.278,2.4989999999999997,1.9839999999999995,1.807,2.043,2.532,1.9400000000000002,1.498,2.2350000000000003,2.341,2.2359999999999998,2.4170000000000003,2.441,2.5940000000000003,1.812,1.8979999999999997,2.387,1.973,1.174,1.284,2.352,1.132,2.3620000000000005,1.092,1.3009999999999997,2.307,2.473,2.491,2.528,1.762,1.0559999999999998,2.1900000000000004,2.4,1.736,1.0,2.197,2.825,2.925,1.8050000000000002,2.925,0.9949999999999999,0.9949999999999999,1.9449999999999998,1.0,0.99,0.9949999999999999,1.0,1.0,2.205,1.0,1.0,1.9439999999999997,0.9949999999999999,2.923,0.9949999999999999,0.9949999999999999,1.01,0.9949999999999999,2.93,1.0,1.0,2.925,0.9949999999999999,0.9949999999999999,2.925,0.99,0.0,0.736,0.985,1.0,2.605,2.8839999999999995,0.9949999999999999,2.327,0.9949999999999999,2.94,0.99,0.99,0.99
62,1.3099999999999998,1.1219999999999999,1.028,0.868,1.147,2.123,0.9039999999999999,1.224,0.9019999999999999,1.2050000000000003,0.9809999999999999,0.993,0.9800000000000001,1.4390000000000003,0.8560000000000001,0.925,0.9179999999999999,1.075,0.806,0.937,0.8030000000000002,1.0820000000000003,0.732,1.5560000000000003,0.8470000000000001,1.1620000000000001,0.884,1.301,0.8560000000000001,1.56,0.893,0.9970000000000001,1.378,0.9709999999999999,1.341,0.9890000000000001,1.077,1.076,1.3199999999999998,1.267,1.38,0.9560000000000001,0.905,1.177,0.9029999999999999,0.8619999999999999,1.0,0.897,0.673,2.925,1.7450000000000003,2.925,1.035,1.035,1.985,1.0,0.99,1.035,1.0,1.0,1.9,1.0,1.0,0.985,0.9949999999999999,2.836,0.9949999999999999,0.9949999999999999,1.045,0.9949999999999999,1.78,1.0,1.0,2.925,0.9949999999999999,0.9949999999999999,2.925,0.994,0.0,0.749,1.005,1.0,0.33,2.56,0.9949999999999999,0.497,0.9949999999999999,0.985,0.99,0.99,0.99
63,1.718,0.841,0.841,0.9359999999999999,0.7529999999999999,0.583,1.1039999999999999,0.645,0.843,0.545,1.06,1.1060000000000003,0.9850000000000001,0.5860000000000001,0.601,0.9530000000000001,0.6739999999999999,0.5640000000000001,0.641,0.969,0.615,0.521,0.765,0.29000000000000004,0.601,0.501,0.922,0.521,0.6140000000000001,0.39699999999999996,0.8550000000000001,0.763,0.48900000000000005,0.9490000000000001,0.27,1.048,0.703,0.43,0.45499999999999996,0.489,0.543,0.9630000000000001,0.8550000000000001,0.493,0.646,0.7150000000000001,1.068,0.584,0.8220000000000001,2.347,0.125,1.8059999999999998,1.11,1.03,1.5639999999999998,1.095,1.045,1.03,1.1,1.709,0.09,1.9940000000000002,1.06,2.4720000000000004,1.07,1.246,1.0660000000000003,2.042,1.06,1.829,3.0,1.06,1.06,1.7189999999999999,3.0,3.0,3.0,1.055,0.015,0.77,1.03,1.0379999999999998,0.43200000000000005,0.32499999999999996,1.045,0.5589999999999999,1.045,1.04,1.04,2.8899999999999997,3.0
64,3.04,3.511,2.9019999999999997,0.9350000000000002,0.5569999999999999,0.23200000000000004,1.133,0.392,0.9179999999999999,0.345,0.998,1.017,0.9879999999999999,0.38,0.426,0.953,0.541,0.441,0.534,0.986,0.526,0.39399999999999996,0.604,0.05500000000000001,0.5820000000000001,0.363,0.9119999999999999,0.281,0.526,0.277,0.9560000000000001,0.852,0.40700000000000003,0.994,0.13199999999999998,1.0070000000000001,0.728,0.388,0.354,0.4779999999999999,0.658,0.9570000000000001,0.8240000000000001,0.101,0.61,0.796,1.02,0.521,0.6859999999999999,0.02,0.02,0.015,0.99,0.99,0.515,1.015,1.005,0.99,1.02,1.015,0.02,1.02,1.02,0.9949999999999999,1.01,0.275,1.01,1.01,1.02,1.005,0.26,1.02,1.02,0.015,1.005,1.005,1.005,1.015,0.015,0.717,1.0,1.0,0.345,0.06799999999999999,1.005,0.515,1.005,1.0,1.0,1.0,1.005
65,3.4010000000000007,3.29,3.664,3.743,3.285,3.0099999999999993,4.031000000000001,3.386,3.2060000000000004,3.317,3.349999999999999,3.7809999999999997,3.4879999999999995,3.2009999999999996,3.492,3.4869999999999997,3.304,3.179,3.3520000000000003,3.7009999999999996,3.782,3.35,3.4230000000000005,3.4200000000000004,3.2580000000000005,3.1439999999999997,3.218,3.176,3.223,3.3409999999999997,3.493,3.7260000000000004,3.313,3.624,3.255,3.893,3.4230000000000005,3.3379999999999996,3.178,3.317,3.1730000000000005,3.051,3.807,3.4899999999999998,3.218,3.321,4.0760000000000005,3.4529999999999994,3.002,3.0,3.8280000000000003,3.0,4.078,3.0,3.6,3.011,4.068,4.006,3.832,2.991,3.048,3.033,3.0460000000000003,3.6160000000000005,3.95,3.0,3.918,2.997,4.0520000000000005,3.0,3.0,4.132,3.9200000000000004,3.0,3.0,3.0,3.0,4.032000000000001,0.075,1.407,3.008,3.057,3.154,2.9219999999999997,3.0,3.4619999999999997,3.0,3.6629999999999994,3.0,3.0,3.0
66,2.966,3.658,2.5949999999999998,0.975,0.528,0.662,1.4819999999999998,0.354,0.86,0.358,1.004,1.0159999999999998,0.978,0.388,0.48200000000000004,0.977,0.6300000000000001,0.43,0.704,0.932,0.7949999999999999,0.388,0.727,0.059,0.608,0.37,0.9049999999999999,0.292,0.513,0.27599999999999997,0.95,0.897,0.37,0.958,0.158,1.0030000000000001,0.579,0.409,0.33999999999999997,0.517,0.534,0.9549999999999998,0.983,0.086,0.525,0.7979999999999999,1.02,0.524,0.6859999999999999,0.02,0.02,0.015,0.99,0.99,0.515,1.015,1.005,0.99,1.02,1.015,0.02,1.02,1.02,0.9960000000000001,1.01,0.28300000000000003,1.01,1.01,1.02,1.005,0.26,1.02,1.02,0.015,1.005,1.005,1.005,1.015,0.015,0.711,1.0,1.0059999999999998,0.345,0.061,1.005,0.5130000000000001,1.005,1.0,1.0,1.0,1.005
67,1.5790000000000002,2.073,0.718,1.489,2.04,2.206,1.0350000000000001,2.336,1.522,1.8939999999999997,1.3030000000000002,1.011,0.9810000000000001,1.2429999999999999,0.767,1.244,1.466,2.157,1.171,1.393,0.9309999999999998,2.003,1.241,1.953,1.668,2.1470000000000002,0.962,1.5190000000000001,1.264,1.098,1.039,1.203,2.011,1.011,1.9769999999999996,1.0219999999999998,0.9480000000000001,1.948,2.133,2.08,2.1919999999999997,1.524,0.968,1.389,2.069,1.3699999999999999,1.02,0.534,2.994,2.945,1.9950000000000003,1.5,1.025,2.48,1.25,1.02,1.005,1.025,1.02,1.015,2.225,1.02,1.02,2.042,1.035,2.907,1.035,2.98,1.025,2.995,1.5,1.02,1.02,1.5,2.49,2.995,2.49,1.014,0.03,0.44799999999999995,2.4450000000000003,1.0070000000000001,2.635,2.7359999999999998,1.035,2.367,2.995,2.495,1.02,1.5,2.49
68,0.23500000000000001,0.363,0.434,0.8550000000000001,0.47800000000000004,0.014000000000000002,3.3299999999999996,0.509,0.7589999999999999,0.34,1.004,1.0150000000000001,0.992,0.364,0.479,0.967,0.554,0.43600000000000005,0.587,0.959,0.475,0.36599999999999994,0.75,0.037,0.5860000000000001,0.33499999999999996,0.943,0.273,0.609,0.22400000000000003,0.942,0.7170000000000001,0.38899999999999996,1.7750000000000004,0.168,1.069,0.726,0.42300000000000004,0.339,0.39299999999999996,0.6559999999999999,0.967,1.0,0.134,0.607,0.6519999999999999,4.98,0.5159999999999999,0.671,0.0,0.0,0.0,0.975,0.975,0.5,1.065,0.99,0.975,4.98,1.025,0.0,1.085,1.095,0.985,0.9949999999999999,0.23700000000000002,0.9949999999999999,1.025,1.01,0.9949999999999999,0.25,4.98,4.98,0.0,0.9949999999999999,0.9949999999999999,0.0,1.8039999999999998,0.0,0.702,0.985,1.037,0.33,0.049,0.9949999999999999,0.497,0.9949999999999999,0.985,0.99,0.99,0.99
69,2.1060000000000003,2.5799999999999996,1.6099999999999999,1.5699999999999998,2.4189999999999996,2.847,1.0710000000000002,2.538,1.6780000000000002,2.297,1.4549999999999998,1.0739999999999998,1.417,2.567,2.101,1.7220000000000002,2.0639999999999996,2.55,2.169,1.4769999999999999,2.279,2.41,2.305,2.482,2.532,2.597,1.9509999999999998,2.0140000000000002,2.431,2.341,1.427,1.1329999999999998,2.4419999999999997,1.288,2.4579999999999997,1.228,1.6670000000000003,2.444,2.543,2.527,2.555,2.3729999999999998,1.095,2.303,2.4490000000000003,1.969,1.02,2.2060000000000004,3.0,3.0,1.845,3.0,1.07,3.0,2.02,1.035,1.04,1.07,1.02,2.5,2.25,1.02,1.02,1.829,1.03,3.0,1.03,2.995,1.02,3.0,3.0,1.02,1.02,3.0,3.0,3.0,3.0,1.035,0.075,0.09,2.997,1.24,2.67,2.9639999999999995,3.0,2.395,3.0,2.975,3.0,3.0,3.0
70,3.8800000000000003,3.614,3.933,3.934,3.6699999999999995,3.332,4.0,3.69,3.6660000000000004,3.907,3.6990000000000003,3.9549999999999996,3.7660000000000005,3.4949999999999997,3.8800000000000003,3.7969999999999997,3.7660000000000005,3.536,3.8020000000000005,3.925,3.8920000000000003,3.684,3.743,3.8309999999999995,3.594,3.6950000000000003,3.684,3.8019999999999996,3.7330000000000005,3.7550000000000003,3.91,3.997,3.664,3.939,3.803,3.9299999999999997,3.751,3.6719999999999997,3.7019999999999995,3.656999999999999,3.543,3.3689999999999998,3.9519999999999995,3.789,3.572,3.813,4.0,3.743,3.002,3.0,4.0,3.0,3.9900000000000007,3.0,3.5,3.01,4.0,3.9900000000000007,4.0,3.01,3.8,3.03,3.53,3.0,4.01,3.0,4.01,4.0,4.0,3.0,3.0,4.0,4.0,3.0,3.0,3.0,3.0,4.0,0.075,0.09,3.008,3.181,3.66,3.1060000000000003,3.0,3.9939999999999998,3.0,3.015,3.0,3.0,3.0
71,0.262,0.33100000000000007,0.41,0.8879999999999999,0.547,0.006,0.9,0.348,0.845,0.327,0.982,0.9960000000000001,0.961,0.391,0.5119999999999999,0.9729999999999999,0.54,0.425,0.517,0.889,0.672,0.35900000000000004,0.6389999999999999,0.027000000000000003,0.445,0.34500000000000003,0.9570000000000001,0.269,0.502,0.225,0.9200000000000002,0.6020000000000001,0.356,0.908,0.123,0.991,0.569,0.37299999999999994,0.32899999999999996,0.355,0.509,0.9570000000000001,0.858,0.07200000000000001,0.611,0.717,1.0,0.495,0.6689999999999999,0.0,0.0,0.0,0.975,0.975,0.5,1.0,0.99,0.975,1.0,1.0,0.0,1.0,1.0,0.985,0.9949999999999999,0.217,0.9949999999999999,0.9949999999999999,0.005,0.9949999999999999,0.25,1.0,1.0,0.0,0.9949999999999999,0.9949999999999999,0.0,0.991,0.0,0.719,0.985,1.0,0.33,0.051000000000000004,0.9949999999999999,0.497,0.9949999999999999,0.985,0.99,0.99,0.99
72,0.608,0.33199999999999996,0.359,0.7939999999999999,0.547,0.008,0.8280000000000001,0.35300000000000004,0.8099999999999999,0.30500000000000005,0.9770000000000001,0.991,0.9570000000000001,0.364,0.608,0.9279999999999999,0.53,0.4149999999999999,0.5680000000000001,0.9,0.536,0.367,0.634,0.021,0.515,0.344,0.8940000000000001,0.27999999999999997,0.507,0.22200000000000003,0.8879999999999999,0.7050000000000001,0.363,0.9359999999999999,0.164,0.986,0.48100000000000004,0.377,0.288,0.39799999999999996,0.537,0.985,0.9100000000000001,0.063,0.516,0.7939999999999999,1.0,0.49000000000000005,0.671,0.0,0.0,0.0,0.975,0.975,0.5,1.0,0.99,0.975,1.0,1.0,0.0,1.0,1.0,0.985,0.9949999999999999,0.26999999999999996,0.9949999999999999,0.9949999999999999,0.005,0.9949999999999999,0.25,1.0,1.0,0.0,0.9949999999999999,0.9949999999999999,0.0,0.991,0.0,0.723,0.985,1.0,0.33,0.05,0.9949999999999999,0.497,0.9949999999999999,0.985,0.99,0.99,0.99
73,4.196000000000001,3.6439999999999997,4.7219999999999995,4.542,3.7659999999999996,3.342,4.992,3.8699999999999997,3.816,4.2,3.7020000000000004,4.616,3.876,3.628,4.331999999999999,4.0600000000000005,4.158,3.5420000000000003,4.178,4.504,4.474,3.7159999999999997,3.878,4.351999999999999,3.7120000000000006,3.724,3.7600000000000002,3.976,3.8540000000000005,4.194,4.262,4.96,3.8280000000000003,4.914,3.9619999999999997,4.648000000000001,4.046,3.8,3.7640000000000002,3.7019999999999995,3.778,3.4,4.684,4.038,3.564,3.882,5.0,4.004,3.0,3.0,4.98,3.0,4.95,3.0,4.0,3.01,4.98,4.95,5.0,3.01,4.99,3.05,3.05,3.854,4.99,3.0,4.99,4.0,5.0,3.0,3.0,5.0,5.0,3.0,3.0,3.0,3.0,5.0,0.075,0.09,3.01,3.1279999999999997,3.66,3.1179999999999994,3.0,3.996,3.0,4.97,3.0,3.0,3.0
74,1.4849999999999999,2.588,1.702,1.607,2.4330000000000003,2.8549999999999995,1.0399999999999998,2.512,1.893,2.064,1.8719999999999999,1.031,1.267,2.601,1.999,1.4220000000000002,2.1580000000000004,2.604,2.113,1.137,2.29,2.1759999999999997,2.2640000000000002,2.4799999999999995,2.474,2.625,2.17,2.382,2.473,2.3680000000000003,1.4649999999999999,1.36,2.3980000000000006,1.306,2.399,1.19,1.4180000000000001,2.128,2.5439999999999996,2.542,2.524,2.4059999999999997,1.222,2.274,2.4850000000000003,2.1399999999999997,1.02,2.2809999999999997,2.999,3.0,1.845,3.0,1.07,3.0,2.02,1.035,1.04,1.07,1.02,2.5,2.25,1.02,1.02,3.0,1.03,3.0,1.03,2.515,1.02,3.0,3.0,1.02,1.02,3.0,3.0,3.0,3.0,1.035,0.075,0.09,2.995,1.421,2.67,2.957,3.0,2.3850000000000002,3.0,2.975,3.0,3.0,3.0
75,1.421,1.7730000000000001,1.2779999999999998,1.069,1.482,2.498,1.041,1.8720000000000003,1.185,1.579,1.0550000000000002,1.0239999999999998,1.023,2.0100000000000002,1.412,1.113,1.474,1.996,1.263,0.9960000000000001,1.2650000000000001,1.634,1.226,1.92,1.408,1.813,1.092,1.581,1.612,1.767,1.045,1.201,1.7009999999999998,1.026,1.9150000000000003,1.0390000000000001,1.203,1.709,1.7740000000000002,1.7510000000000001,1.966,1.197,1.0759999999999998,1.468,1.589,1.121,1.02,1.3980000000000001,2.999,3.0,1.605,3.0,1.07,3.0,2.02,1.035,1.04,1.07,1.02,1.03,1.815,1.02,1.02,3.0,1.03,3.0,1.03,2.995,1.02,3.0,3.0,1.02,1.02,3.0,3.0,3.0,3.0,1.035,0.075,0.09,2.993,1.0230000000000001,1.6949999999999998,2.798,3.0,1.105,3.0,2.975,3.0,3.0,3.0
76,1.8960000000000001,2.553,1.4280000000000002,1.561,2.408,2.8440000000000003,3.4230000000000005,2.5460000000000003,1.587,2.293,1.839,1.255,1.3699999999999999,2.564,1.957,1.844,2.184,2.6119999999999997,2.152,1.477,2.3020000000000005,2.4419999999999997,2.293,2.441,2.455,2.617,2.104,2.335,2.43,2.353,1.557,1.5459999999999998,2.4189999999999996,2.738,2.464,1.2570000000000001,1.168,2.4379999999999997,2.56,2.5740000000000003,2.547,2.384,1.225,2.325,2.444,2.095,5.0,2.274,3.0,3.0,1.845,3.0,1.07,3.0,2.02,3.01,1.04,1.07,5.0,3.01,2.25,3.05,3.05,3.0,1.03,3.0,1.03,2.515,5.0,3.0,3.0,5.0,5.0,3.0,3.0,3.0,3.0,5.0,0.075,0.09,2.997,3.07,2.67,2.9619999999999997,3.0,2.391,3.0,2.975,3.0,3.0,3.0
77,0.22600000000000003,0.361,0.384,0.841,0.465,0.015000000000000003,0.8779999999999999,0.386,0.754,0.31999999999999995,0.986,1.012,0.993,0.384,0.471,0.9179999999999999,0.541,0.44800000000000006,0.617,0.923,0.5589999999999999,0.36700000000000005,0.6900000000000001,0.049,0.472,0.36000000000000004,0.9369999999999999,0.29,0.522,0.244,0.9179999999999999,0.7580000000000001,0.378,0.977,0.13,1.003,0.647,0.425,0.346,0.501,0.643,0.9549999999999998,0.942,0.072,0.6980000000000001,0.6980000000000001,1.028,0.518,0.649,0.0,0.0,0.0,0.975,0.975,0.5,1.036,0.99,0.975,1.032,1.019,0.0,1.04,1.0239999999999998,1.005,1.015,0.242,1.015,1.019,0.8089999999999999,1.01,0.25,1.036,1.036,0.0,1.01,1.01,0.0,1.0219999999999998,0.0,0.72,0.985,1.0070000000000001,0.33,0.051000000000000004,1.015,0.506,1.015,1.005,0.99,0.99,0.99
78,0.099,0.087,0.10900000000000001,0.11300000000000002,0.099,0.079,0.123,0.097,0.10300000000000001,0.089,0.101,0.119,0.099,0.089,0.10700000000000001,0.11299999999999999,0.101,0.095,0.10900000000000001,0.11100000000000002,0.11100000000000002,0.097,0.10500000000000001,0.091,0.093,0.083,0.095,0.093,0.101,0.10500000000000001,0.11299999999999999,0.10500000000000001,0.091,0.11699999999999999,0.091,0.121,0.101,0.095,0.08700000000000001,0.09300000000000001,0.095,0.08900000000000001,0.10700000000000001,0.10300000000000001,0.087,0.091,0.125,0.099,0.075,0.075,0.10500000000000001,0.075,0.075,0.075,0.075,0.085,0.10500000000000001,0.075,0.125,0.085,0.11500000000000002,0.125,0.125,0.11500000000000002,0.11500000000000002,0.075,0.11500000000000002,0.10500000000000001,0.125,0.075,0.075,0.125,0.125,0.075,0.075,0.075,0.075,0.125,0.075,0.075,0.075,0.125,0.085,0.079,0.075,0.095,0.075,0.10500000000000001,0.075,0.075,0.075
79,0.857,0.8099999999999999,0.8230000000000001,0.842,0.8190000000000002,0.819,0.837,0.8379999999999999,0.8389999999999999,0.799,0.8119999999999999,0.845,0.8019999999999999,0.818,0.841,0.821,0.8240000000000001,0.8479999999999999,0.8560000000000001,0.8350000000000002,0.819,0.798,0.808,0.8379999999999999,0.8259999999999998,0.8390000000000001,0.797,0.8299999999999998,0.8320000000000001,0.807,0.8480000000000001,0.8150000000000001,0.807,0.8219999999999998,0.806,0.866,0.852,0.835,0.817,0.8300000000000001,0.806,0.7849999999999999,0.8470000000000001,0.8160000000000001,0.8300000000000001,0.7969999999999999,0.8539999999999999,0.366,0.09,0.09,0.501,0.09,0.806,0.78,0.45,0.233,0.8559999999999999,0.798,0.861,0.8109999999999999,0.14200000000000002,0.851,0.819,0.86,0.842,0.28700000000000003,0.836,0.20800000000000002,0.852,0.09,0.09,0.869,0.873,0.09,0.09,0.09,0.09,0.8700000000000001,0.075,0.09,0.09,0.171,0.23399999999999999,0.097,0.09,0.34400000000000003,0.794,0.8299999999999998,0.817,0.09,0.09
80,2.259,2.752,1.435,1.375,2.354,3.132,1.089,2.567,1.9460000000000002,2.561,1.155,1.0550000000000002,1.305,2.879,2.075,1.3359999999999999,2.21,2.9640000000000004,1.7299999999999998,1.1830000000000003,1.954,2.556,2.0250000000000004,2.512,2.58,3.05,1.8539999999999999,2.219,2.7880000000000003,2.382,1.1440000000000001,1.61,2.709,1.128,2.4779999999999998,1.068,1.6800000000000002,2.601,2.9130000000000003,2.733,2.802,2.5200000000000005,1.1440000000000001,1.967,2.55,1.9909999999999997,1.06,2.272,2.979,2.987,2.0040000000000004,2.97,1.09,2.9899999999999998,2.04,2.956,1.06,1.09,1.06,3.008,2.34,1.06,1.055,1.08,1.05,2.9880000000000004,1.05,2.47,1.06,2.997,2.988,1.06,1.06,2.9850000000000003,2.995,2.993,2.992,1.06,0.075,0.09,2.992,1.059,3.6370000000000005,3.071,2.908,2.393,2.996,2.9699999999999998,2.9909999999999997,2.9909999999999997,2.997
81,2.2600000000000002,2.3760000000000003,1.8650000000000002,1.286,2.3280000000000003,2.7039999999999997,1.2730000000000001,2.3600000000000003,2.0149999999999997,2.383,1.4549999999999998,1.3850000000000002,1.496,2.377,1.7869999999999997,1.733,1.6759999999999997,2.407,1.886,1.916,2.0479999999999996,2.319,2.207,2.3909999999999996,2.387,2.492,1.9140000000000001,2.383,2.402,2.433,1.7530000000000001,1.886,2.4270000000000005,1.2550000000000001,2.401,1.2959999999999998,2.1479999999999997,2.419,2.42,2.1390000000000002,2.3899999999999997,1.871,1.677,2.12,2.318,2.173,1.0,2.214,2.069,2.5949999999999998,1.9799999999999998,2.8289999999999997,1.2710000000000001,1.51,3.2730000000000006,1.0,1.1019999999999999,1.267,1.0,1.0,2.35,1.0,1.0,1.0979999999999999,1.0749999999999997,2.6969999999999996,1.051,1.047,1.607,1.22,2.676,1.0,1.0,2.808,1.3960000000000001,1.0430000000000001,2.815,1.092,0.0,0.11100000000000002,1.294,1.0,2.4010000000000002,2.6860000000000004,1.0829999999999997,2.138,1.035,1.177,1.1139999999999999,1.8980000000000001,1.579
82,3.182,2.576,2.93,3.21,2.6570000000000005,2.262,3.6599999999999993,2.677,2.873,2.822,2.94,3.342,3.2640000000000002,2.503,2.987,3.0439999999999996,2.932,2.45,3.0549999999999997,3.25,3.106,2.551,2.813,2.697,2.7199999999999998,2.474,2.7779999999999996,2.728,2.7960000000000003,2.5439999999999996,3.1480000000000006,3.562,2.624,3.2680000000000007,2.46,3.3880000000000003,3.0300000000000002,2.728,2.682,2.495,2.6529999999999996,2.71,3.2939999999999996,2.883,2.758,2.842,3.6800000000000006,2.8329999999999997,2.054,3.3299999999999996,3.66,2.01,3.6349999999999993,3.31,2.845,3.665,3.66,3.6349999999999993,3.6800000000000006,2.68,3.01,2.705,3.6800000000000006,3.6270000000000002,3.6700000000000004,2.2790000000000004,3.6700000000000004,2.685,3.6800000000000006,2.67,2.01,3.6800000000000006,3.6800000000000006,2.01,2.67,3.3199999999999994,2.67,3.6800000000000006,0.06,1.334,2.0170000000000003,2.646,2.34,2.094,3.655,2.8489999999999998,2.67,2.685,2.01,2.01,2.67
83,3.999,3.4810000000000003,4.441,4.268,3.599,3.15,4.81,3.7350000000000003,3.664,4.01,3.592,4.459,3.7700000000000005,3.469,4.114,3.85,3.9189999999999996,3.368,3.965,4.197,4.187,3.6049999999999995,3.7030000000000003,4.057,3.5450000000000004,3.518,3.593,3.755,3.59,3.8879999999999995,4.082,4.7589999999999995,3.617,4.421,3.772,4.325,3.87,3.622,3.604,3.5489999999999995,3.55,3.3310000000000004,4.466,3.8879999999999995,3.4850000000000003,3.779,4.808000000000001,3.8369999999999997,2.87,3.031,4.732000000000001,2.8589999999999995,4.699,3.0349999999999997,3.8289999999999997,3.127,4.772,4.747,4.788,2.949,4.664,2.9939999999999998,3.185,4.6049999999999995,4.7780000000000005,2.952,4.805999999999999,3.086,4.804,2.9639999999999995,2.841,4.796,4.8,2.823,2.952,3.028,2.9619999999999997,4.795999999999999,0.069,0.32199999999999995,2.8709999999999996,3.116,3.489,2.941,4.551,3.7630000000000003,2.968,4.7459999999999996,2.9919999999999995,2.8480000000000003,2.944
84,0.29300000000000004,0.373,0.525,0.8859999999999999,0.599,0.122,1.0219999999999998,0.389,0.8320000000000001,0.369,1.0119999999999998,1.015,0.99,0.38099999999999995,0.45,0.985,0.575,0.5010000000000001,0.643,0.975,0.421,0.421,0.76,0.075,0.523,0.4050000000000001,0.943,0.28300000000000003,0.5529999999999999,0.275,0.9280000000000002,0.874,0.418,0.975,0.19499999999999998,1.0150000000000001,0.741,0.44800000000000006,0.355,0.409,0.532,0.9610000000000001,0.865,0.11599999999999999,0.59,0.828,1.02,0.5449999999999999,2.435,3.0,0.07,3.0,1.07,3.0,2.02,1.015,1.04,1.07,1.02,1.015,0.045,1.02,1.02,1.02,1.03,3.0,1.03,1.01,1.02,3.0,3.0,1.02,1.02,3.0,3.0,3.0,3.0,1.015,0.075,0.09,2.898,0.9979999999999999,0.38,0.396,3.0,0.534,3.0,1.02,3.0,3.0,3.0
85,2.3269999999999995,2.056,2.4859999999999998,2.609,2.1310000000000002,1.641,2.928,2.045,2.319,2.1729999999999996,2.4530000000000003,2.785,2.5460000000000003,2.013,2.428,2.466,2.348,1.9799999999999998,2.3850000000000002,2.5629999999999997,2.2979999999999996,2.028,2.2209999999999996,2.0580000000000003,2.118,1.9959999999999998,2.3230000000000004,2.151,2.138,2.05,2.4799999999999995,2.762,2.0140000000000002,2.635,1.9949999999999999,2.7239999999999998,2.3089999999999997,2.0770000000000004,2.024,2.077,2.0540000000000003,2.204,2.668,2.282,2.127,2.243,3.0119999999999996,2.261,1.5659999999999998,2.4379999999999997,2.5290000000000004,1.5059999999999998,2.972,2.65,2.2640000000000002,3.001,3.003,2.968,3.008,2.396,2.132,2.397,3.0119999999999996,2.979,2.99,1.7420000000000002,2.998,2.382,3.0119999999999996,2.38,1.509,3.0119999999999996,3.0119999999999996,1.5059999999999998,2.37,2.8400000000000003,2.3810000000000002,3.006,0.045,1.484,2.373,2.318,2.004,1.598,2.9989999999999997,2.226,2.979,2.382,2.965,1.754,2.372
86,1.311,2.592,0.9279999999999999,0.8690000000000001,0.9189999999999999,2.856,1.0,2.1180000000000003,0.8270000000000002,1.519,1.0710000000000002,1.025,0.986,2.5540000000000003,0.5189999999999999,0.983,0.744,1.627,0.732,0.978,0.722,1.492,0.8590000000000002,2.0589999999999997,1.3940000000000001,2.3689999999999998,0.944,1.455,0.9219999999999999,2.082,0.951,0.8119999999999999,2.095,0.96,2.193,1.0,0.712,1.3679999999999999,2.406,2.3150000000000004,2.6060000000000003,1.1720000000000002,0.914,1.574,1.2,0.867,1.02,0.5650000000000001,3.0,3.0,1.02,3.0,1.07,3.0,2.02,1.035,1.04,1.07,1.02,1.03,1.7,1.02,1.02,1.02,1.03,3.0,1.03,2.995,1.02,3.0,3.0,1.02,1.02,3.0,3.0,3.0,3.0,1.015,0.075,0.794,2.996,1.0099999999999998,2.67,2.968,3.0,0.554,3.0,1.02,3.0,3.0,3.0
87,1.353,2.5149999999999997,1.379,1.7750000000000004,1.941,1.153,1.0670000000000002,1.677,1.688,1.5070000000000001,1.8030000000000002,1.065,1.2229999999999999,2.484,1.605,1.182,2.1029999999999998,2.07,1.8299999999999996,1.287,1.134,2.373,1.9669999999999999,1.5230000000000001,2.455,2.159,1.8809999999999998,2.352,2.102,1.461,1.458,1.3190000000000002,2.2960000000000003,1.249,2.442,1.071,1.5,1.65,1.209,2.505,2.1310000000000002,2.326,1.142,0.962,2.411,2.272,1.06,2.2439999999999998,2.964,2.96,1.83,0.045,1.025,1.015,0.545,1.055,1.045,1.025,1.06,2.985,0.065,2.99,1.06,1.04,1.05,1.343,1.05,2.495,1.06,2.975,2.965,1.06,1.06,0.045,2.975,2.975,2.975,1.055,0.03,0.755,2.9499999999999997,1.012,2.635,0.101,1.045,2.367,1.045,2.97,1.04,1.515,2.975
88,1.6480000000000001,2.289,0.891,0.892,1.215,1.8539999999999999,0.933,2.455,0.8799999999999999,1.8490000000000002,1.0230000000000001,1.0260000000000002,1.001,2.789,0.563,1.001,0.7030000000000001,1.7650000000000001,0.647,0.891,0.6740000000000002,1.41,0.74,1.4949999999999999,1.571,3.146,1.6789999999999998,1.7570000000000001,1.121,1.9689999999999999,1.0139999999999998,0.8710000000000001,2.392,0.9640000000000001,1.719,1.029,0.631,1.1989999999999998,2.7459999999999996,2.255,2.093,2.29,0.8390000000000001,1.6059999999999999,1.161,0.8160000000000001,1.04,0.833,3.0,3.0,0.07,3.0,1.09,3.0,2.88,3.01,1.04,1.09,1.04,3.01,0.07,1.04,1.04,1.04,1.05,3.0,1.05,1.045,1.04,3.0,3.0,1.04,1.04,3.0,3.0,3.0,3.0,1.04,0.075,0.817,3.006,1.009,3.66,2.8869999999999996,3.0,0.5799999999999998,3.0,1.04,3.0,3.0,3.0
89,2.282,3.3150000000000004,1.863,2.71,3.164,3.2699999999999996,1.042,3.2689999999999997,2.852,3.1950000000000003,3.402,1.183,2.882,3.2350000000000003,2.902,2.968,2.94,3.293,3.191,1.827,2.2880000000000003,3.2640000000000002,3.2950000000000004,3.112,3.345,3.6239999999999997,3.3950000000000005,2.974,3.339000000000001,2.2119999999999997,1.814,2.003,3.2980000000000005,1.736,3.239,1.1280000000000001,2.725,3.257,3.342,3.344,3.185,3.2310000000000003,1.485,2.316,3.338,3.4240000000000004,1.04,3.136,3.0,3.0,2.32,3.0,1.09,3.0,2.04,3.01,1.06,1.09,1.04,3.01,2.8,1.04,1.04,2.91,1.05,3.0,1.05,4.0,1.04,3.0,3.0,1.04,1.04,3.0,3.0,3.0,3.0,1.04,0.075,0.09,3.006,3.008,3.66,3.093,3.0,3.624,3.0,3.965,3.0,3.0,3.0
90,2.0500000000000003,2.597,1.3889999999999998,1.506,2.442,2.8520000000000003,1.041,2.298,2.114,2.318,1.6300000000000001,1.095,1.3590000000000002,2.537,2.155,1.464,2.1799999999999997,2.603,2.0300000000000002,1.457,1.525,2.4880000000000004,2.114,2.475,2.478,2.6670000000000003,2.1630000000000003,2.351,2.3890000000000002,2.377,1.403,1.6629999999999998,2.378,1.246,2.41,1.116,1.477,2.377,2.539,2.5450000000000004,2.5420000000000003,2.4,1.208,2.249,2.4579999999999997,2.124,1.04,2.252,3.0,3.0,1.845,3.0,1.07,3.0,2.02,3.01,1.04,1.07,1.04,3.01,2.25,1.04,1.04,3.0,1.03,3.0,1.03,2.515,1.04,3.0,3.0,1.04,1.04,3.0,3.0,3.0,3.0,1.04,0.075,0.09,2.997,1.6239999999999999,2.67,2.9490000000000003,3.0,2.382,3.0,2.975,3.0,3.0,3.0
