,NeuralAgent_Student21_200cAgent.h5,NeuralAgent_Student3_200aAgent.h5,NeuralAgent_BattleRoyal.h5,NeuralAgent_Student10_200mAgent.h5,NeuralAgent_Student1_200bAgent.h5,NeuralAgent_Student24_200cAgent.h5,NeuralAgent_Student19_200aAgent.h5,NeuralAgent_Student13_200cAgent.h5,NeuralAgent_Student22_200mAgent.h5,NeuralAgent_Student17_200mAgent.h5,NeuralAgent_Student1_200aAgent.h5,NeuralAgent_Student26_200bAgent.h5,NeuralAgent_Student5_200cAgent.h5,NeuralAgent_Student3_200bAgent.h5,NeuralAgent_Student26_200cAgent.h5,NeuralAgent_Student2_200cAgent.h5,NeuralAgent_Student5_200aAgent.h5,NeuralAgent_Student19_200cAgent.h5,NeuralAgent_Student5_200mAgent.h5,NeuralAgent_Student19_200bAgent.h5,NeuralAgent_Student17_200bAgent.h5,NeuralAgent_Student1_200mAgent.h5,NeuralAgent_Student24_200bAgent.h5,NeuralAgent_Student13_200aAgent.h5,NeuralAgent_Student24_200mAgent.h5,NeuralAgent_Student11_200mAgent.h5,NeuralAgent_Student26_200mAgent.h5,NeuralAgent_Student21_200aAgent.h5,NeuralAgent_Student19_200mAgent.h5,NeuralAgent_Student2_200aAgent.h5,NeuralAgent_Student16_200bAgent.h5,NeuralAgent_Student17_200aAgent.h5,NeuralAgent_Student13_200mAgent.h5,NeuralAgent_RandomChoiceAgent.h5,NeuralAgent_Student5_200bAgent.h5,NeuralAgent_AlwaysDefectAgent.h5,NeuralAgent_Student1_200cAgent.h5,NeuralAgent_Student16_200cAgent.h5,NeuralAgent_Student4_200aAgent.h5,NeuralAgent_Student23_200mAgent.h5,NeuralAgent_Student13_200bAgent.h5,AlwaysDefectAgent,RandomChoiceAgent,Student10_200mAgent,Student11_200mAgent,Student13_200aAgent,Student13_200bAgent,Student13_200cAgent,Student13_200mAgent,Student16_200bAgent,Student16_200cAgent,Student17_200aAgent,Student17_200bAgent,Student17_200mAgent,Student19_200aAgent,Student19_200bAgent,Student19_200cAgent,Student19_200mAgent,Student1_200aAgent,Student1_200bAgent,Student1_200cAgent,Student1_200mAgent,Student21_200aAgent,Student21_200cAgent,Student22_200mAgent,Student23_200mAgent,Student24_200bAgent,Student24_200cAgent,Student24_200mAgent,Student26_200bAgent,Student26_200cAgent,Student26_200mAgent,Student2_200aAgent,Student2_200cAgent,Student3_200aAgent,Student3_200bAgent,Student4_200aAgent,Student5_200aAgent,Student5_200bAgent,Student5_200cAgent,Student5_200mAgent,Student7_200aAgent,Student7_200bAgent,Student7_200mAgent,TitF2tatAgent,TitFTatAgent
0,1.8669999999999998,1.922,1.8519999999999999,1.8780000000000001,1.8800000000000001,1.3900000000000001,1.765,1.832,1.7399999999999998,2.023,1.5790000000000002,1.759,1.7289999999999999,1.8670000000000002,1.9920000000000002,1.526,1.57,1.918,1.4809999999999999,1.8800000000000001,1.7150000000000003,1.739,1.6279999999999997,1.9120000000000001,1.8170000000000002,1.7120000000000002,1.7560000000000002,1.636,1.641,1.709,1.5439999999999998,1.975,1.6350000000000002,1.6780000000000002,1.6920000000000002,1.686,1.716,1.636,1.823,2.1049999999999995,1.6010000000000002,1.076,1.8539999999999999,0.258,1.45,1.4840000000000002,0.38499999999999995,1.0819999999999999,1.0699999999999998,0.047,1.079,1.0619999999999998,1.102,1.068,1.6490000000000002,1.299,1.7280000000000002,1.064,1.89,1.109,0.9540000000000001,1.0610000000000002,1.739,1.086,1.831,1.1629999999999998,1.08,1.084,0.073,1.583,1.252,1.734,1.085,0.020999999999999998,0.747,1.2469999999999999,1.966,1.5470000000000002,0.40199999999999997,1.065,1.75,1.0919999999999999,1.575,1.074,1.371,1.57
1,2.117,2.1380000000000003,2.085,2.008,1.967,1.936,2.0140000000000002,2.005,2.0509999999999997,2.053,1.6169999999999998,1.991,1.861,2.128,1.909,1.827,1.874,2.275,1.828,2.0309999999999997,1.9289999999999998,2.118,1.736,2.25,1.889,1.879,2.031,1.9410000000000003,1.775,1.9939999999999998,1.687,2.067,1.9220000000000002,2.0300000000000002,1.9,1.941,2.006,1.83,2.0410000000000004,2.2769999999999997,1.8799999999999997,1.108,2.017,0.27799999999999997,1.566,2.216,0.051000000000000004,1.073,1.216,0.267,1.1280000000000001,1.046,1.0610000000000002,1.0879999999999999,2.1580000000000004,1.952,1.889,1.1560000000000001,1.793,1.075,1.194,1.0610000000000002,1.7439999999999998,1.0799999999999998,1.6490000000000002,1.24,1.1,1.1280000000000001,0.056999999999999995,1.9330000000000003,1.243,2.016,1.131,0.039,0.761,1.108,2.153,1.9420000000000002,0.609,1.077,1.964,1.081,1.5399999999999998,1.0490000000000002,1.3359999999999999,1.6510000000000002
2,2.232,2.195,2.176,2.088,2.075,1.9029999999999998,2.16,2.0869999999999997,2.15,2.1399999999999997,1.983,2.0149999999999997,2.122,2.1189999999999998,2.119,1.936,1.9790000000000003,2.3510000000000004,1.8579999999999999,2.202,1.9940000000000002,2.012,1.9169999999999998,2.165,2.1860000000000004,2.093,1.989,1.9959999999999998,1.908,2.032,1.8519999999999999,2.166,1.9810000000000003,2.0500000000000003,1.9560000000000002,2.057,2.022,1.902,2.0800000000000005,2.297,1.8470000000000002,1.068,2.1319999999999997,0.233,1.682,1.927,0.08399999999999999,1.114,1.3139999999999998,0.636,1.106,1.1,1.101,1.064,2.1639999999999997,1.8539999999999999,1.9140000000000001,1.228,1.5859999999999999,1.0699999999999998,1.259,1.09,1.6990000000000003,0.9,2.1390000000000002,1.313,1.124,1.096,0.078,2.143,1.221,2.17,1.101,0.036,0.783,1.246,2.207,1.9649999999999999,0.9019999999999999,1.093,2.117,1.099,1.924,1.082,1.816,2.1710000000000003
3,2.3230000000000004,2.378,2.2980000000000005,2.1630000000000003,2.277,2.232,2.383,2.287,2.274,2.307,2.04,2.222,2.1599999999999997,2.466,2.182,1.971,2.132,2.3720000000000003,2.017,2.2,2.099,2.235,2.0650000000000004,2.38,2.307,2.1439999999999997,2.1729999999999996,2.2380000000000004,2.023,2.272,1.996,2.3609999999999998,2.1079999999999997,2.277,1.988,2.072,2.1770000000000005,1.9400000000000002,2.319,2.379,2.022,1.092,2.3579999999999997,0.27,1.94,1.9260000000000002,0.066,1.116,1.598,0.644,1.168,1.071,1.1099999999999999,1.084,2.184,1.6780000000000002,2.255,1.112,1.4949999999999999,1.0739999999999998,1.288,1.107,2.022,1.0810000000000002,2.2640000000000002,1.3490000000000002,1.068,1.1,0.063,2.246,1.1489999999999998,2.1029999999999998,1.072,0.032999999999999995,0.749,1.5350000000000001,2.2730000000000006,1.968,0.6159999999999999,1.087,2.217,1.144,2.027,1.139,1.845,2.177
4,2.415,2.347,2.2800000000000002,2.247,2.21,2.117,2.364,2.236,2.223,2.33,1.9900000000000002,2.2210000000000005,2.189,2.3120000000000003,2.467,2.097,2.153,2.283,2.1050000000000004,2.26,2.1339999999999995,2.309,2.186,2.355,2.2689999999999997,2.2969999999999997,2.126,2.181,1.9970000000000003,2.139,2.096,2.4560000000000004,2.038,2.2880000000000003,2.131,2.271,2.323,1.97,2.239,2.373,2.1479999999999997,1.092,2.246,0.263,1.659,2.252,0.063,1.108,1.437,0.6839999999999999,1.1,1.125,1.114,1.0880000000000003,2.254,2.359,2.266,1.22,1.581,1.112,1.466,1.135,1.795,1.1159999999999999,2.198,1.3679999999999999,1.1039999999999999,1.08,0.08399999999999999,2.35,1.669,2.2390000000000003,1.1320000000000001,0.033,0.743,1.6950000000000003,2.3579999999999997,2.066,0.709,1.119,2.207,1.198,2.284,1.1440000000000001,1.85,2.249
5,2.245,2.591,2.578,2.377,2.457,2.384,2.592,2.469,2.541,2.57,2.302,2.387,2.482,2.6209999999999996,2.226,2.311,2.256,2.555,2.2969999999999997,2.4960000000000004,2.523,2.434,2.383,2.684,2.5949999999999998,2.3920000000000003,2.359,2.371,2.338,2.404,2.193,2.7329999999999997,2.3,2.588,2.429,2.366,2.444,2.2,2.614,2.698,2.3070000000000004,1.112,2.45,0.264,2.097,2.717,0.093,1.0879999999999999,1.669,0.6719999999999999,1.267,1.099,1.089,1.104,2.396,2.5610000000000004,2.3489999999999998,1.411,1.593,1.089,1.511,1.1279999999999997,2.1399999999999997,1.151,2.35,1.443,1.1199999999999999,1.1,0.06899999999999999,2.342,2.013,2.347,1.107,0.045,0.756,1.8519999999999999,2.444,1.7120000000000002,0.8310000000000001,1.111,2.4450000000000003,1.339,2.379,1.07,1.775,2.355
6,1.89,1.734,2.02,1.9329999999999998,1.889,1.7920000000000003,1.9579999999999997,1.985,1.9700000000000002,1.9869999999999997,1.7600000000000002,2.018,1.823,2.004,2.044,1.6629999999999998,1.9140000000000001,1.8530000000000002,1.7239999999999998,1.839,1.846,1.829,1.778,2.055,1.8400000000000003,1.7730000000000001,1.6919999999999997,1.7660000000000005,1.612,1.9230000000000005,1.7700000000000002,2.173,1.7399999999999998,1.7870000000000001,1.7,1.841,1.8990000000000002,1.684,1.8800000000000001,2.0959999999999996,1.793,1.092,1.8960000000000001,0.244,1.599,1.607,0.06,1.053,1.137,0.6319999999999999,1.1,1.088,1.0790000000000002,1.076,1.9929999999999999,1.3619999999999999,1.768,1.0950000000000002,1.411,1.113,0.994,1.083,1.2760000000000002,1.098,1.823,1.2429999999999999,1.1,1.076,0.06599999999999999,1.8,1.1649999999999998,1.9170000000000003,1.082,0.015,0.7370000000000001,1.212,2.089,2.1710000000000003,0.7030000000000001,1.079,1.843,1.146,1.496,1.062,1.5139999999999998,1.689
7,2.362,2.285,2.147,2.102,2.166,2.1189999999999998,2.215,2.157,2.273,2.04,2.004,2.2359999999999998,2.1079999999999997,2.2220000000000004,1.9479999999999997,1.923,2.1350000000000002,2.432,1.95,2.23,2.107,2.117,2.019,2.3530000000000006,2.162,2.2640000000000002,2.056,1.9920000000000002,2.065,2.2350000000000003,2.023,2.376,2.0599999999999996,2.19,2.0919999999999996,2.1,2.0040000000000004,1.9010000000000002,2.238,2.3899999999999997,2.0140000000000002,1.124,2.212,0.266,1.855,2.466,0.063,1.082,1.342,0.6859999999999999,1.144,1.1360000000000001,1.098,1.092,1.987,2.132,2.186,1.095,1.395,1.105,1.42,1.1,1.241,1.125,2.178,1.334,1.112,1.1039999999999999,0.056999999999999995,2.015,1.3130000000000002,2.1339999999999995,1.124,0.048,0.7809999999999999,1.655,2.2350000000000003,1.9689999999999999,0.768,1.115,2.1410000000000005,1.145,1.7530000000000001,1.098,1.8240000000000003,2.2030000000000003
8,2.335,2.261,2.1949999999999994,2.134,2.253,1.9810000000000003,2.25,2.1630000000000003,2.2640000000000002,2.302,2.003,2.225,2.147,2.396,2.027,1.9579999999999997,2.086,2.412,2.0229999999999997,2.182,2.193,2.2279999999999998,2.023,2.328,2.2299999999999995,2.119,2.034,2.129,2.095,2.139,1.8579999999999999,2.388,2.234,2.2270000000000003,2.087,2.1580000000000004,2.152,1.904,2.199,2.3970000000000002,2.0550000000000006,1.116,2.223,0.24899999999999997,1.7389999999999997,2.403,0.066,1.092,1.637,0.633,1.107,1.1039999999999999,1.105,1.108,2.034,2.117,2.191,1.2399999999999998,1.481,1.125,1.295,1.134,1.7650000000000001,1.1,2.2169999999999996,1.305,1.148,1.1239999999999999,0.054000000000000006,2.242,1.258,2.202,1.101,0.036,0.78,1.5479999999999998,2.284,2.107,0.555,1.145,2.177,1.158,2.028,1.094,1.75,2.077
9,1.953,2.018,2.1,1.9620000000000002,1.9450000000000003,1.8200000000000003,2.037,1.895,2.012,2.051,1.841,2.0220000000000002,1.839,2.123,1.7120000000000002,1.7110000000000003,1.829,2.21,1.8530000000000002,1.8689999999999998,1.876,1.922,1.967,2.156,1.937,1.9609999999999999,1.9789999999999999,1.9329999999999998,1.766,1.893,1.7710000000000001,2.082,1.778,2.0309999999999997,1.834,1.8399999999999999,2.127,1.798,2.0,2.124,1.8490000000000002,1.1,1.7739999999999998,0.262,1.6,2.221,0.06,1.109,1.3679999999999999,0.6119999999999999,1.091,1.066,1.0859999999999999,1.1,1.909,1.3450000000000002,2.076,1.0710000000000002,1.307,1.098,1.2600000000000002,1.093,1.8159999999999996,1.086,1.9119999999999997,1.2429999999999999,1.072,1.088,0.047999999999999994,2.031,1.212,1.923,1.0699999999999998,0.042,0.78,1.316,2.1310000000000002,1.5479999999999998,0.561,1.079,1.8820000000000001,1.0710000000000002,1.8449999999999995,1.089,1.549,1.6760000000000002
10,2.809,2.4170000000000003,2.6180000000000003,2.67,2.6300000000000003,2.5119999999999996,2.6999999999999997,2.7039999999999997,2.653,2.756,2.32,2.513,2.5599999999999996,2.7489999999999997,2.7110000000000003,2.483,2.495,2.841,2.411,2.7220000000000004,2.6860000000000004,2.568,2.473,2.835,2.633,2.4880000000000004,2.537,2.52,2.3739999999999997,2.571,2.311,2.82,2.463,2.6380000000000003,2.4799999999999995,2.455,2.6700000000000004,2.295,2.702,2.8310000000000004,2.511,1.108,2.446,0.238,2.1220000000000003,2.9,0.078,1.161,2.553,0.721,1.258,1.15,1.142,1.084,2.4099999999999997,2.7649999999999997,2.493,1.319,1.518,1.109,1.6560000000000001,1.141,1.863,1.134,2.447,1.482,1.116,1.124,0.09,2.4330000000000003,2.223,2.4099999999999997,1.121,0.039,0.781,2.2849999999999997,2.5349999999999997,2.57,0.8290000000000001,1.115,2.7159999999999997,1.391,2.5100000000000002,1.182,1.9650000000000003,2.46
11,2.4590000000000005,2.316,2.295,2.327,2.216,2.207,2.2980000000000005,2.1310000000000002,2.2600000000000002,2.2969999999999997,2.183,2.193,2.057,2.304,2.268,2.022,2.121,2.432,2.026,2.225,2.152,2.18,2.082,2.3850000000000002,2.3400000000000003,2.223,2.214,2.0900000000000003,1.989,2.3050000000000006,2.05,2.491,2.0569999999999995,2.2809999999999997,2.105,2.1460000000000004,2.211,2.011,2.346,2.4129999999999994,2.0260000000000002,1.092,2.248,0.256,1.9599999999999997,1.911,0.066,1.1139999999999999,1.6049999999999998,0.6300000000000001,1.081,1.0990000000000002,1.0909999999999997,1.14,2.211,1.971,2.314,1.098,1.376,1.0799999999999998,1.464,1.081,1.8820000000000001,1.091,2.253,1.403,1.092,1.076,0.075,2.222,1.5100000000000002,2.245,1.108,0.033,0.7350000000000001,1.532,2.287,2.3180000000000005,0.758,1.055,2.248,1.2429999999999999,2.007,1.1030000000000002,1.8370000000000002,2.211
12,2.5740000000000003,2.591,2.437,2.4050000000000002,2.3689999999999998,2.2520000000000002,2.638,2.468,2.4219999999999997,2.529,2.27,2.5020000000000002,2.2459999999999996,2.511,2.149,2.15,2.202,2.6,2.114,2.4850000000000003,2.35,2.396,2.347,2.568,2.4189999999999996,2.364,2.326,2.29,2.154,2.3549999999999995,2.1409999999999996,2.727,2.2590000000000003,2.441,2.271,2.38,2.3979999999999997,2.084,2.4199999999999995,2.6340000000000003,2.278,1.096,2.455,0.24900000000000003,1.938,2.5480000000000005,0.08399999999999999,1.116,1.513,0.687,1.2560000000000002,1.104,1.13,1.1039999999999999,2.3480000000000003,2.388,2.377,1.2280000000000002,1.41,1.1110000000000002,1.5099999999999998,1.1110000000000002,1.8099999999999998,1.0850000000000002,2.312,1.33,1.096,1.096,0.06899999999999999,2.33,1.795,2.261,1.116,0.03899999999999999,0.783,1.8039999999999998,2.464,2.09,0.702,1.119,2.496,1.103,2.114,1.1350000000000002,1.8780000000000001,2.327
13,2.107,2.018,2.074,1.9259999999999997,1.902,1.791,2.0789999999999997,1.9470000000000003,1.9509999999999998,1.988,1.754,1.964,1.831,1.924,2.122,1.738,1.7899999999999998,2.031,1.8920000000000001,1.823,2.0119999999999996,1.924,1.832,2.158,2.1109999999999998,1.9260000000000002,1.704,1.7700000000000002,1.7079999999999997,2.043,1.779,2.158,1.8010000000000002,1.975,1.7,1.9989999999999999,1.9380000000000002,1.623,1.95,2.125,1.8310000000000002,1.08,1.857,0.268,1.4969999999999999,1.751,0.056999999999999995,1.093,1.234,0.65,1.089,1.06,1.058,1.096,2.016,1.205,2.034,1.068,1.343,1.063,1.248,1.0909999999999997,1.383,1.0850000000000002,1.8619999999999997,1.284,1.096,1.104,0.05700000000000001,2.0789999999999997,1.2269999999999999,2.04,1.0930000000000002,0.039,0.735,1.3299999999999998,2.049,1.7310000000000003,0.675,1.0790000000000002,1.9789999999999999,1.092,1.8829999999999998,1.0959999999999999,1.7310000000000003,1.8909999999999996
14,1.427,1.244,1.3940000000000001,1.2919999999999998,1.4120000000000001,1.1809999999999998,1.3690000000000002,1.323,1.247,1.2469999999999999,1.236,1.2079999999999997,1.189,1.387,1.3,1.096,1.166,1.54,1.153,1.294,1.216,1.291,1.267,1.432,1.361,1.3310000000000002,1.081,1.3039999999999998,1.115,1.278,1.242,1.3290000000000002,1.1119999999999999,1.1989999999999998,1.3210000000000002,1.161,1.325,1.232,1.171,1.4569999999999999,1.223,1.084,1.316,0.28,0.404,0.725,0.042,0.9950000000000001,1.017,0.556,1.062,1.068,0.9949999999999999,1.0719999999999998,1.2900000000000003,0.6659999999999999,1.326,1.0560000000000003,1.1940000000000002,1.049,0.79,1.0690000000000002,1.057,1.051,1.168,0.9400000000000001,1.068,1.048,0.039,1.241,1.103,0.845,1.0379999999999998,0.03,0.74,1.0530000000000002,1.565,0.9039999999999999,0.47000000000000003,1.0630000000000002,1.25,1.071,1.265,1.0430000000000001,1.114,1.194
15,2.6559999999999997,2.8170000000000006,2.826,2.7060000000000004,2.6119999999999997,2.5409999999999995,2.863,2.7079999999999997,2.718,2.791,2.418,2.607,2.665,2.843,2.3459999999999996,2.488,2.519,2.851,2.382,2.851,2.6719999999999997,2.6559999999999997,2.572,2.907,2.771,2.6919999999999997,2.634,2.5759999999999996,2.4199999999999995,2.7,2.4479999999999995,2.998,2.5919999999999996,2.671,2.628,2.666,2.665,2.3840000000000003,2.758,2.888,2.7039999999999997,1.116,2.618,0.20600000000000002,2.1989999999999994,2.963,0.10199999999999998,1.175,2.396,0.7150000000000001,1.5639999999999998,1.159,1.167,1.1079999999999999,2.489,2.833,2.5309999999999997,1.444,1.5139999999999998,1.134,1.592,1.143,1.6920000000000002,1.114,2.4970000000000003,1.467,1.096,1.1079999999999999,0.093,2.509,2.572,2.479,1.13,0.063,0.7939999999999999,2.406,2.5869999999999997,2.653,0.874,1.1670000000000003,2.616,2.212,2.396,1.4440000000000002,1.984,2.479
16,2.77,2.5989999999999998,2.594,2.482,2.483,2.496,2.534,2.47,2.531,2.684,2.335,2.426,2.4370000000000003,2.595,2.181,2.3440000000000003,2.3649999999999998,2.6689999999999996,2.3620000000000005,2.533,2.414,2.5149999999999997,2.387,2.8019999999999996,2.589,2.4619999999999997,2.442,2.4539999999999997,2.199,2.5540000000000003,2.254,2.59,2.479,2.598,2.3679999999999994,2.472,2.391,2.2220000000000004,2.429,2.6830000000000003,2.3360000000000003,1.124,2.5360000000000005,0.267,2.08,2.845,0.08700000000000001,1.1809999999999998,1.67,0.692,1.1869999999999998,1.1229999999999998,1.151,1.1039999999999999,2.3280000000000003,2.6859999999999995,2.4240000000000004,1.2959999999999998,1.4060000000000001,1.127,1.5990000000000002,1.104,1.653,1.099,2.357,1.4449999999999998,1.1360000000000001,1.112,0.07799999999999999,2.339,1.908,2.3449999999999998,1.1589999999999998,0.036,0.763,2.3329999999999997,2.491,2.078,0.9019999999999999,1.133,2.4419999999999997,1.351,2.136,1.147,1.9609999999999999,2.36
17,1.988,1.7149999999999999,1.7610000000000003,1.7670000000000001,1.763,1.7400000000000002,1.7280000000000002,1.702,1.7269999999999999,1.825,1.5710000000000002,1.657,1.6,1.6510000000000002,1.985,1.5210000000000001,1.629,1.8599999999999999,1.588,1.827,1.6740000000000002,1.5750000000000002,1.6949999999999998,1.739,1.672,1.671,1.5819999999999999,1.6420000000000001,1.576,1.668,1.587,1.8170000000000002,1.6300000000000001,1.701,1.55,1.673,1.7559999999999998,1.6380000000000003,1.6469999999999998,1.825,1.6599999999999997,1.06,1.6610000000000003,0.255,0.82,1.6809999999999998,0.066,1.073,1.1949999999999998,0.679,1.0550000000000002,1.089,1.051,1.06,1.677,0.9579999999999999,1.766,1.106,1.256,1.079,1.251,1.081,1.3729999999999998,1.0710000000000002,1.487,1.193,1.088,1.0879999999999999,0.07799999999999999,1.653,1.241,1.784,1.058,0.051000000000000004,0.779,1.2100000000000002,1.7399999999999998,1.637,0.47000000000000003,1.065,1.7080000000000002,1.119,1.7719999999999998,1.083,1.435,1.703
18,2.706,2.803,2.6830000000000003,2.707,2.6399999999999997,2.557,2.7590000000000003,2.765,2.6979999999999995,2.7279999999999998,2.471,2.636,2.604,2.657,2.2279999999999998,2.5220000000000002,2.462,2.778,2.425,2.693,2.584,2.624,2.563,2.816,2.672,2.5829999999999997,2.5100000000000002,2.567,2.219,2.7169999999999996,2.3240000000000003,2.878,2.607,2.6499999999999995,2.54,2.565,2.623,2.357,2.708,2.892,2.553,1.116,2.583,0.253,2.193,2.7670000000000003,0.06599999999999999,1.119,2.186,0.703,1.3130000000000002,1.1,1.108,1.124,2.516,2.886,2.516,1.6469999999999998,1.357,1.105,1.5399999999999998,1.0910000000000002,1.652,1.142,2.4840000000000004,1.531,1.128,1.092,0.093,2.196,2.381,2.422,1.117,0.042,0.785,2.409,2.5520000000000005,2.116,0.8710000000000001,1.089,2.439,1.673,2.4749999999999996,1.2420000000000002,1.984,2.431
19,2.275,2.186,2.1119999999999997,2.1100000000000003,2.09,2.056,2.0989999999999998,2.13,2.257,2.319,1.932,2.1849999999999996,2.025,2.043,2.064,1.8810000000000002,1.9779999999999998,2.217,2.013,2.1630000000000003,2.026,2.1500000000000004,2.1149999999999998,2.3180000000000005,2.13,2.028,2.032,1.9509999999999998,1.939,2.067,1.8940000000000001,2.441,2.039,2.128,1.9639999999999997,2.0669999999999997,2.101,1.893,2.153,2.3310000000000004,1.9380000000000002,1.088,2.09,0.265,1.4829999999999999,2.018,0.075,1.1179999999999999,1.4349999999999998,0.659,1.1239999999999999,1.109,1.1219999999999999,1.08,1.9140000000000001,2.053,1.982,1.0690000000000002,1.2600000000000002,1.0739999999999998,1.234,1.083,1.536,1.092,2.158,1.3169999999999997,1.068,1.076,0.05700000000000001,2.178,1.3780000000000001,2.247,1.111,0.033,0.768,1.51,2.12,1.831,0.45500000000000007,1.097,2.213,1.111,2.1870000000000003,1.111,1.72,2.134
20,2.56,2.414,2.4539999999999997,2.364,2.3289999999999997,2.043,2.4910000000000005,2.487,2.243,2.4909999999999997,2.066,2.3419999999999996,2.245,2.322,1.7110000000000003,2.072,2.284,2.6339999999999995,2.149,2.371,2.269,2.342,2.255,2.4910000000000005,2.2039999999999997,2.263,2.3240000000000003,2.299,2.011,2.326,2.0810000000000004,2.4970000000000003,2.2619999999999996,2.353,2.285,2.286,2.3609999999999998,2.058,2.3600000000000003,2.474,2.2359999999999998,1.132,2.431,0.279,1.8419999999999999,2.546,0.072,1.0779999999999998,1.1629999999999998,0.5900000000000001,1.2120000000000002,1.059,1.063,1.136,2.177,2.4899999999999993,2.317,1.28,1.323,1.0959999999999999,1.248,1.0850000000000002,1.6320000000000001,1.1149999999999998,2.129,1.2659999999999998,1.104,1.1360000000000001,0.078,1.7979999999999996,1.574,2.001,1.1239999999999999,0.033,0.724,1.175,2.325,2.145,0.715,1.063,2.2880000000000003,1.094,1.7959999999999998,1.049,1.439,1.953
21,2.429,2.268,2.397,2.21,2.169,2.184,2.479,2.357,2.2329999999999997,2.302,2.173,2.25,2.2510000000000003,2.364,2.131,2.1109999999999998,2.15,2.585,2.059,2.2649999999999997,2.1819999999999995,2.244,2.147,2.38,2.379,2.318,2.25,2.2649999999999997,2.13,2.368,1.9789999999999999,2.3550000000000004,2.2030000000000003,2.202,2.216,2.281,2.316,2.127,2.321,2.499,2.199,1.108,2.184,0.22800000000000004,1.879,2.463,0.06299999999999999,1.107,1.299,0.6449999999999999,1.085,1.088,1.125,1.1039999999999999,2.184,2.338,2.299,1.1460000000000001,1.293,1.1270000000000002,1.3840000000000001,1.1249999999999998,1.347,1.1,1.971,1.408,1.1400000000000001,1.108,0.054000000000000006,2.2399999999999998,1.2840000000000003,2.258,1.102,0.032999999999999995,0.7550000000000001,1.48,2.282,2.2340000000000004,0.5529999999999999,1.093,2.276,1.1099999999999999,2.0389999999999997,1.114,1.861,2.2339999999999995
22,2.738,2.2510000000000003,2.537,2.525,2.376,2.293,2.618,2.494,2.528,2.4170000000000003,2.398,2.517,2.292,2.502,2.2819999999999996,2.2119999999999997,2.387,2.5799999999999996,2.193,2.415,2.355,2.402,2.508,2.652,2.44,2.4370000000000003,2.425,2.289,2.153,2.3939999999999997,2.2939999999999996,2.683,2.2849999999999997,2.234,2.241,2.2949999999999995,2.4490000000000003,2.1790000000000003,2.531,2.665,2.326,1.112,2.503,0.24100000000000002,1.9740000000000002,2.6559999999999997,0.084,1.129,1.4360000000000002,0.675,1.157,1.135,1.1119999999999999,1.0879999999999999,2.304,2.597,2.363,1.2470000000000003,1.4060000000000001,1.1640000000000001,1.162,1.169,2.085,1.1099999999999999,2.325,1.444,1.1039999999999999,1.084,0.066,2.3590000000000004,1.5319999999999998,2.3739999999999997,1.096,0.03,0.744,1.85,2.383,2.2079999999999997,0.5539999999999999,1.147,2.4279999999999995,1.3290000000000002,2.045,1.117,1.8679999999999999,2.275
23,1.7470000000000003,1.7950000000000004,1.89,1.7550000000000001,1.815,1.5790000000000002,1.85,1.7580000000000002,1.8780000000000001,1.781,1.5349999999999997,1.8050000000000002,1.738,1.918,2.122,1.5619999999999998,1.582,2.084,1.6459999999999997,1.843,1.751,1.8199999999999998,1.6469999999999998,1.9489999999999998,1.8239999999999998,1.738,1.6309999999999998,1.7100000000000002,1.5829999999999997,1.7919999999999998,1.5170000000000001,2.0160000000000005,1.643,1.6809999999999998,1.7599999999999998,1.7740000000000002,1.584,1.537,1.768,2.029,1.58,1.084,1.841,0.252,1.5070000000000001,1.554,0.048,1.083,1.1009999999999998,0.649,1.054,1.089,1.062,1.072,1.7489999999999999,1.2149999999999999,1.9449999999999998,1.1179999999999999,1.192,1.089,0.966,1.085,1.4309999999999998,1.093,1.955,1.147,1.0720000000000003,1.0719999999999998,0.056999999999999995,1.8150000000000002,1.244,1.884,1.1119999999999999,0.036,0.7630000000000001,1.3670000000000002,1.7890000000000001,1.468,0.49000000000000005,1.0669999999999997,1.7129999999999999,1.094,1.766,1.108,1.591,1.761
24,2.267,2.074,2.121,2.087,2.124,1.9549999999999996,2.4,2.1870000000000003,2.1149999999999998,2.222,1.9280000000000002,2.105,2.044,2.1710000000000003,2.371,1.921,1.924,2.402,1.9469999999999998,2.1250000000000004,2.179,2.084,1.9600000000000002,2.249,2.237,2.155,2.054,1.9869999999999997,1.938,2.159,1.778,2.4509999999999996,2.055,2.109,1.9560000000000002,2.02,2.0549999999999997,1.816,2.0479999999999996,2.302,1.9129999999999998,1.084,1.989,0.25,1.8520000000000003,2.1550000000000002,0.06,1.137,1.3900000000000001,0.6799999999999999,1.1440000000000001,1.0870000000000002,1.0919999999999999,1.092,2.156,1.8679999999999999,2.2399999999999998,1.102,1.294,1.1149999999999998,1.384,1.081,1.752,1.11,2.1569999999999996,1.369,1.1,1.084,0.078,2.1759999999999997,1.544,2.183,1.089,0.020999999999999998,0.7749999999999999,1.524,2.167,1.7970000000000002,0.625,1.089,1.9649999999999999,1.159,2.246,1.121,1.7409999999999997,2.207
25,2.4270000000000005,2.439,2.3329999999999997,2.274,2.2119999999999997,2.1719999999999997,2.4130000000000003,2.239,2.2640000000000002,2.326,2.213,2.278,2.164,2.386,2.376,2.0319999999999996,2.187,2.476,2.043,2.443,2.2230000000000003,2.158,2.1719999999999997,2.388,2.3049999999999997,2.3009999999999997,2.161,2.228,1.964,2.3040000000000003,2.0089999999999995,2.366,2.116,2.218,2.12,2.2479999999999998,2.1700000000000004,1.98,2.2350000000000003,2.512,2.072,1.1039999999999999,2.1550000000000002,0.26,1.8690000000000002,2.482,0.06,1.0950000000000002,1.453,0.625,1.2369999999999999,1.079,1.099,1.128,2.0420000000000003,2.169,2.102,1.207,1.2479999999999998,1.084,1.292,1.092,1.594,1.1229999999999998,2.221,1.31,1.112,1.1320000000000001,0.06899999999999999,2.2060000000000004,1.48,2.3009999999999997,1.123,0.036,0.759,1.323,2.291,1.8310000000000002,0.655,1.091,2.323,1.152,2.034,1.085,1.698,2.179
26,2.581,2.4259999999999997,2.4739999999999998,2.438,2.436,2.4240000000000004,2.5319999999999996,2.531,2.489,2.499,2.2619999999999996,2.3890000000000002,2.2860000000000005,2.6990000000000003,1.621,2.129,2.317,2.632,2.2399999999999998,2.4219999999999997,2.3489999999999998,2.4349999999999996,2.2,2.541,2.4539999999999997,2.406,2.368,2.336,2.1689999999999996,2.555,2.2030000000000003,2.118,2.4690000000000003,2.469,2.2700000000000005,2.259,2.504,2.197,2.4869999999999997,2.663,2.2910000000000004,1.128,2.4619999999999997,0.23700000000000002,2.0770000000000004,2.5549999999999997,0.093,1.1730000000000003,2.288,0.718,1.177,1.108,1.147,1.108,2.3619999999999997,2.463,2.4170000000000003,1.28,1.296,1.1349999999999998,1.4420000000000002,1.1079999999999999,2.139,1.1189999999999998,2.326,1.459,1.116,1.076,0.099,2.303,1.666,2.3369999999999997,1.107,0.051000000000000004,0.775,2.0940000000000003,2.394,1.9899999999999998,0.636,1.137,2.402,1.427,2.3770000000000002,1.209,1.919,2.341
27,2.656,2.536,2.551,2.4579999999999997,2.536,2.466,2.6260000000000003,2.602,2.404,2.628,2.3549999999999995,2.575,2.3950000000000005,2.645,2.5989999999999998,2.311,2.339,2.707,2.292,2.491,2.3340000000000005,2.455,2.459,2.7350000000000003,2.597,2.4030000000000005,2.461,2.327,2.367,2.6239999999999997,2.301,2.7979999999999996,2.497,2.46,2.358,2.604,2.527,2.294,2.433,2.724,2.332,1.1159999999999999,2.566,0.253,2.041,2.695,0.06899999999999999,1.079,1.687,0.6609999999999999,1.184,1.078,1.095,1.1320000000000001,2.4219999999999997,2.471,2.447,1.335,1.312,1.066,1.347,1.091,1.637,1.144,2.353,1.383,1.1199999999999999,1.108,0.07799999999999999,2.353,1.921,2.375,1.1190000000000002,0.041999999999999996,0.8049999999999999,1.814,2.416,2.239,0.744,1.109,2.508,1.163,2.128,1.123,1.9289999999999998,2.3810000000000002
28,2.8760000000000003,2.835,2.833,2.783,2.732,2.563,2.967,2.74,2.66,2.8309999999999995,2.649,2.669,2.6639999999999997,2.943,2.51,2.4999999999999996,2.6889999999999996,2.856,2.7190000000000003,2.7990000000000004,2.756,2.6849999999999996,2.7030000000000003,2.9130000000000003,2.7680000000000002,2.7889999999999997,2.654,2.477,2.409,2.774,2.5200000000000005,3.044,2.5940000000000003,2.645,2.585,2.698,2.752,2.464,2.742,2.955,2.65,1.116,2.713,0.23899999999999996,2.268,2.909,0.072,1.116,2.274,0.71,1.6949999999999998,1.179,1.139,1.116,2.472,2.8630000000000004,2.539,1.373,1.3539999999999999,1.113,1.661,1.112,2.2150000000000003,1.129,2.513,1.5790000000000002,1.1199999999999999,1.144,0.06899999999999998,2.523,2.2510000000000003,2.5170000000000003,1.1489999999999998,0.042,0.7849999999999999,2.128,2.62,2.404,0.9199999999999999,1.139,2.564,2.2830000000000004,2.514,1.128,1.9920000000000002,2.5
29,2.4290000000000003,2.294,2.3369999999999997,2.187,2.274,2.044,2.3229999999999995,2.245,2.274,2.378,2.021,2.145,2.13,2.193,2.298,1.925,2.054,2.468,2.007,2.312,2.161,2.1079999999999997,2.129,2.2969999999999997,2.179,2.149,2.0450000000000004,1.9740000000000002,1.909,2.2649999999999997,1.874,2.414,2.133,2.193,2.0100000000000002,2.214,2.179,1.985,2.141,2.372,2.032,1.08,2.2640000000000002,0.25,1.86,2.515,0.07200000000000001,1.109,1.44,0.658,1.1880000000000002,1.111,1.106,1.1039999999999999,2.257,1.674,2.197,1.19,1.259,1.1079999999999999,1.37,1.101,1.797,1.138,2.241,1.252,1.092,1.088,0.087,2.1430000000000002,1.399,2.147,1.085,0.051000000000000004,0.7649999999999999,1.524,2.3000000000000003,1.8699999999999999,0.8470000000000001,1.105,2.0759999999999996,1.074,1.7590000000000003,1.096,1.8119999999999998,2.24
30,2.899,2.857,2.872,2.6959999999999997,2.601,2.663,2.79,2.698,2.8579999999999997,2.781,2.571,2.7350000000000003,2.656,2.7990000000000004,2.7670000000000003,2.488,2.569,2.947,2.609,2.814,2.6410000000000005,2.734,2.559,2.9419999999999997,2.8880000000000003,2.7890000000000006,2.603,2.5859999999999994,2.47,2.8739999999999997,2.407,2.961,2.6379999999999995,2.8259999999999996,2.5740000000000003,2.6339999999999995,2.7139999999999995,2.3720000000000003,2.879,2.7529999999999997,2.4629999999999996,1.084,2.646,0.21100000000000002,2.1380000000000003,2.867,0.099,1.2029999999999998,2.7329999999999997,0.741,1.514,1.169,1.1880000000000002,1.124,2.42,2.3649999999999998,2.459,1.2469999999999999,1.3139999999999998,1.117,1.507,1.105,2.438,1.1030000000000002,2.452,1.523,1.1,1.088,0.11399999999999999,2.5020000000000002,2.607,2.479,1.1300000000000001,0.05399999999999999,0.765,2.3489999999999998,2.54,2.464,0.708,1.195,2.838,2.067,1.9309999999999998,1.6010000000000002,2.035,2.524
31,1.6199999999999999,1.4969999999999999,1.501,1.576,1.6460000000000001,1.443,1.718,1.5110000000000003,1.6229999999999998,1.687,1.5350000000000001,1.526,1.487,1.668,1.529,1.4929999999999999,1.4149999999999998,1.9170000000000003,1.418,1.536,1.6019999999999999,1.585,1.4829999999999999,1.7009999999999998,1.551,1.521,1.358,1.4380000000000002,1.439,1.524,1.4060000000000001,1.809,1.5160000000000002,1.5699999999999998,1.45,1.5539999999999998,1.474,1.4149999999999998,1.6239999999999999,1.59,1.4739999999999998,1.076,1.5370000000000001,0.269,1.278,1.166,0.039,1.059,1.051,0.61,1.1060000000000003,1.053,1.026,1.108,1.356,1.377,1.548,1.0979999999999999,1.1700000000000002,1.0539999999999998,1.05,1.063,1.3090000000000002,1.027,1.484,1.1179999999999999,1.084,1.076,0.06599999999999999,1.419,1.082,1.363,1.074,0.015,0.7060000000000001,1.049,1.814,1.4040000000000001,0.501,1.049,1.422,1.066,1.316,1.0379999999999998,1.411,1.6950000000000003
32,2.73,2.5770000000000004,2.596,2.548,2.6130000000000004,2.3850000000000002,2.675,2.56,2.354,2.683,2.3230000000000004,2.532,2.449,2.646,2.362,2.267,2.289,2.5749999999999997,2.222,2.4539999999999997,2.4720000000000004,2.413,2.425,2.723,2.5749999999999997,2.521,2.2840000000000003,2.2570000000000006,2.259,2.493,2.198,2.7159999999999997,2.4029999999999996,2.565,2.395,2.3920000000000003,2.496,2.049,2.5450000000000004,2.739,2.3470000000000004,1.08,2.411,0.256,2.006,2.214,0.075,1.134,1.989,0.6639999999999999,1.279,1.0899999999999999,1.118,1.084,2.362,2.498,2.38,1.0990000000000002,1.2719999999999998,1.111,1.4680000000000002,1.0739999999999998,1.877,1.105,2.3649999999999998,1.424,1.1,1.076,0.093,2.363,1.9650000000000003,2.387,1.129,0.039,0.763,2.1320000000000006,2.384,2.252,0.696,1.119,2.535,1.4570000000000003,2.3310000000000004,1.2079999999999997,1.8980000000000001,2.254
33,2.243,2.2800000000000002,2.3299999999999996,2.122,2.2329999999999997,2.0029999999999997,2.387,2.205,2.232,2.321,2.0479999999999996,2.1610000000000005,2.171,2.25,1.864,1.9810000000000003,2.038,2.4560000000000004,1.985,2.263,2.183,2.192,2.2990000000000004,2.396,2.189,2.1830000000000003,2.124,2.0900000000000003,2.065,2.223,1.9310000000000003,2.3899999999999997,1.975,2.19,1.986,2.2089999999999996,2.166,1.905,2.185,2.3810000000000002,2.075,1.1119999999999999,2.164,0.238,1.7489999999999999,2.3560000000000003,0.066,1.046,1.084,0.6079999999999999,1.097,1.0870000000000002,1.049,1.1,1.95,2.184,2.241,1.135,1.256,1.108,1.3809999999999998,1.112,1.3350000000000002,1.111,1.9929999999999999,1.271,1.108,1.108,0.048,1.8349999999999997,1.222,1.8800000000000001,1.111,0.020999999999999998,0.7550000000000001,1.33,2.162,1.299,0.617,1.081,2.098,1.087,2.2569999999999997,1.035,1.5379999999999998,1.871
34,2.702,2.6750000000000003,2.596,2.6180000000000003,2.5159999999999996,2.289,2.6699999999999995,2.447,2.447,2.609,2.35,2.475,2.4210000000000003,2.76,2.3259999999999996,2.283,2.493,2.825,2.315,2.569,2.43,2.4259999999999997,2.4509999999999996,2.6049999999999995,2.606,2.5450000000000004,2.425,2.348,2.3099999999999996,2.6399999999999997,2.2990000000000004,2.8000000000000003,2.355,2.6559999999999997,2.3200000000000003,2.448,2.6,2.321,2.6990000000000003,2.714,2.3409999999999997,1.092,2.495,0.22800000000000004,2.098,2.6740000000000004,0.078,1.152,1.6489999999999998,0.657,1.231,1.059,1.105,1.1039999999999999,2.4389999999999996,2.632,2.4450000000000003,1.4089999999999998,1.224,1.063,1.274,1.076,1.6509999999999998,1.12,2.3749999999999996,1.465,1.092,1.108,0.072,2.348,1.553,2.3970000000000002,1.12,0.03899999999999999,0.7619999999999999,2.048,2.45,2.351,0.969,1.095,2.5839999999999996,1.344,1.879,1.134,1.919,2.3449999999999998
35,2.5610000000000004,2.466,2.362,2.442,2.346,2.2760000000000002,2.496,2.4200000000000004,2.373,2.5,2.29,2.386,2.3400000000000003,2.439,2.136,2.066,2.132,2.543,2.165,2.387,2.261,2.2510000000000003,2.29,2.5140000000000002,2.3150000000000004,2.353,2.289,2.1439999999999997,2.073,2.369,2.154,2.5839999999999996,2.2619999999999996,2.3589999999999995,2.253,2.29,2.277,2.211,2.476,2.5300000000000002,2.124,1.092,2.41,0.251,1.58,2.622,0.072,1.065,1.8780000000000001,0.635,1.2080000000000002,1.109,1.065,1.112,2.341,2.432,2.306,1.1110000000000002,1.3050000000000002,1.149,1.3800000000000001,1.121,1.841,1.0870000000000002,2.3229999999999995,1.345,1.112,1.1239999999999999,0.054000000000000006,2.3109999999999995,1.242,2.238,1.102,0.027000000000000003,0.757,1.191,2.338,2.2629999999999995,0.7250000000000001,1.0950000000000002,2.45,1.2469999999999999,1.6689999999999998,1.0870000000000002,1.85,2.307
36,2.521,2.3560000000000003,2.317,2.272,2.1979999999999995,2.174,2.384,2.114,2.282,2.1870000000000003,2.03,2.241,2.213,2.328,2.285,2.095,2.131,2.461,2.073,2.241,2.141,2.1159999999999997,2.119,2.2439999999999998,2.315,2.255,2.0940000000000003,2.1420000000000003,1.957,2.269,2.069,2.364,2.101,2.2560000000000002,2.0300000000000002,2.222,2.194,2.0010000000000003,2.2860000000000005,2.513,2.0650000000000004,1.096,2.2299999999999995,0.24300000000000002,1.8780000000000001,2.4840000000000004,0.07799999999999999,1.1179999999999999,1.434,0.6689999999999999,1.107,1.0870000000000002,1.1620000000000001,1.084,2.2359999999999998,1.858,2.2830000000000004,1.203,1.205,1.0939999999999999,1.283,1.077,1.11,1.0859999999999999,2.1710000000000003,1.395,1.0999999999999999,1.0959999999999999,0.07200000000000001,2.221,1.316,2.217,1.129,0.048,0.78,2.0149999999999997,2.268,2.2619999999999996,0.6519999999999999,1.077,2.3200000000000003,1.153,2.0500000000000003,1.2280000000000002,1.828,2.2439999999999998
37,2.9360000000000004,2.8699999999999997,2.857,2.8800000000000003,2.805,2.67,2.8839999999999995,2.9059999999999997,2.7990000000000004,2.7380000000000004,2.7,2.756,2.794,2.9530000000000003,2.992,2.559,2.6719999999999997,2.888,2.652,2.803,2.7630000000000003,2.7119999999999997,2.7239999999999998,2.997,2.891,2.8400000000000003,2.7019999999999995,2.609,2.554,2.7950000000000004,2.6569999999999996,2.965,2.819,2.915,2.641,2.5460000000000003,2.766,2.462,2.8230000000000004,2.5789999999999997,2.5349999999999997,1.12,2.784,0.22200000000000003,2.182,2.914,0.087,1.1469999999999998,2.1119999999999997,0.658,1.316,1.143,1.124,1.136,2.518,3.021,2.533,1.221,1.312,1.115,1.3800000000000001,1.101,2.256,1.148,2.552,1.532,1.1320000000000001,1.124,0.08399999999999999,2.5509999999999997,1.955,2.585,1.1409999999999998,0.036,0.7630000000000001,2.214,2.621,2.382,1.026,1.137,2.835,2.2830000000000004,2.585,1.2060000000000002,2.006,2.4859999999999998
38,2.2329999999999997,2.2560000000000002,2.2600000000000002,2.1239999999999997,2.229,2.0189999999999997,2.28,2.133,2.119,2.2700000000000005,1.952,2.066,2.16,2.2350000000000003,1.8009999999999997,1.8780000000000001,2.109,2.4720000000000004,2.0130000000000003,2.173,2.0650000000000004,2.201,1.8760000000000001,2.4229999999999996,2.2079999999999997,2.215,2.057,2.1229999999999998,1.972,2.231,1.8539999999999999,2.3939999999999997,2.0700000000000003,2.1950000000000003,1.919,2.056,2.221,1.938,2.165,2.2880000000000003,2.146,1.12,2.094,0.244,1.9439999999999997,2.415,0.075,1.137,1.221,0.673,1.1190000000000002,1.0619999999999998,1.111,1.128,2.191,1.957,2.234,1.451,1.214,1.048,1.351,1.063,1.16,1.0989999999999998,2.0759999999999996,1.367,1.116,1.112,0.05399999999999999,2.185,1.4689999999999999,2.107,1.139,0.048,0.759,1.4220000000000002,2.283,1.8219999999999998,0.8240000000000001,1.075,2.114,1.095,1.529,1.1,1.782,2.065
39,1.8699999999999999,1.8219999999999998,1.732,1.7240000000000002,1.7730000000000001,1.6529999999999998,1.8210000000000002,1.6949999999999998,1.732,1.7890000000000001,1.616,1.693,1.669,1.875,2.002,1.583,1.653,1.935,1.527,1.786,1.7739999999999998,1.674,1.6300000000000001,1.8690000000000002,1.722,1.737,1.653,1.5939999999999999,1.53,1.707,1.6280000000000001,1.9100000000000001,1.684,1.826,1.654,1.6649999999999998,1.653,1.4140000000000001,1.783,1.911,1.67,1.064,1.7200000000000002,0.246,1.15,2.01,0.051000000000000004,1.061,1.191,0.622,1.059,1.0550000000000002,1.057,1.068,1.6310000000000002,1.3359999999999999,1.7689999999999997,1.062,1.189,1.065,1.1920000000000002,1.071,1.4280000000000002,1.072,1.6239999999999999,1.167,1.068,1.108,0.081,1.8809999999999998,1.2209999999999999,1.746,1.0790000000000002,0.015,0.7889999999999999,1.174,1.9490000000000003,1.4859999999999998,0.421,1.1030000000000002,1.675,1.084,1.7200000000000002,1.06,1.443,1.775
40,2.7910000000000004,2.65,2.7270000000000003,2.587,2.518,2.467,2.623,2.6439999999999997,2.57,2.684,2.3009999999999997,2.6510000000000002,2.493,2.716,2.418,2.174,2.471,2.7399999999999998,2.268,2.6830000000000003,2.5260000000000002,2.534,2.4910000000000005,2.89,2.6279999999999997,2.582,2.3659999999999997,2.437,2.255,2.597,2.288,2.804,2.387,2.55,2.4509999999999996,2.569,2.59,2.3449999999999998,2.436,2.8,2.4219999999999997,1.1119999999999999,2.495,0.251,2.061,2.81,0.048,1.0539999999999998,1.238,0.6260000000000001,1.2999999999999998,1.107,1.056,1.128,2.4050000000000002,2.7049999999999996,2.444,1.3490000000000002,1.389,1.1199999999999999,1.406,1.109,1.921,1.135,2.4240000000000004,1.419,1.116,1.124,0.06599999999999999,2.4050000000000002,1.552,2.3879999999999995,1.1280000000000001,0.03,0.752,1.5,2.441,2.506,0.908,1.1349999999999998,2.626,1.105,1.9940000000000002,1.117,1.8980000000000001,2.415
41,0.9809999999999999,0.9730000000000001,0.983,0.977,0.977,0.9719999999999999,0.977,0.969,0.9709999999999999,0.975,0.9730000000000001,0.977,0.976,0.9799999999999999,0.9789999999999999,0.9710000000000001,0.969,0.985,0.9709999999999999,0.978,0.967,0.9729999999999999,0.9719999999999999,0.9789999999999999,0.9790000000000001,0.974,0.968,0.9709999999999999,0.9709999999999999,0.9800000000000001,0.9789999999999999,0.9809999999999999,0.9799999999999999,0.9720000000000001,0.977,0.977,0.976,0.9700000000000001,0.97,0.984,0.9720000000000001,1.0,0.525,0.682,0.0,0.0,0.0,0.975,0.975,0.5,1.0,0.99,0.975,1.0,1.0,0.0,1.0,1.0,0.983,0.9949999999999999,0.22999999999999998,0.9949999999999999,0.9949999999999999,0.005,0.9949999999999999,0.25,1.0,1.0,0.0,0.9949999999999999,0.9949999999999999,0.0,0.993,0.0,0.73,0.985,1.0,0.33,0.051000000000000004,0.9949999999999999,0.496,0.9949999999999999,0.985,0.99,0.99,0.99
42,2.409,2.277,2.287,2.2129999999999996,2.2659999999999996,2.175,2.376,2.242,2.253,2.4539999999999997,2.201,2.1929999999999996,2.09,2.357,2.716,2.1029999999999998,2.136,2.476,2.093,2.235,2.146,2.2640000000000002,2.1380000000000003,2.4259999999999997,2.479,2.38,2.277,2.0709999999999997,1.9629999999999999,2.1740000000000004,2.121,2.587,2.2560000000000002,2.2239999999999998,2.13,2.135,2.2350000000000003,1.9940000000000002,2.354,2.4549999999999996,2.075,2.9,2.202,1.4949999999999999,2.0309999999999997,2.622,1.467,2.926,2.6179999999999994,2.309,2.8499999999999996,2.8840000000000003,2.942,2.9880000000000004,2.287,2.2119999999999997,2.242,2.768,2.933,3.0340000000000003,1.7080000000000002,2.959,2.4029999999999996,2.9799999999999995,2.2250000000000005,1.581,3.008,3.0360000000000005,1.425,2.2150000000000003,2.5490000000000004,2.233,2.996,0.03,1.347,2.257,2.2659999999999996,1.916,1.6189999999999998,2.997,2.159,2.8899999999999997,2.418,2.863,1.86,2.243
43,4.693,4.638,4.7330000000000005,4.6899999999999995,4.712999999999999,4.764,4.7090000000000005,4.711,4.754,4.662000000000001,4.787999999999999,4.7410000000000005,4.773999999999999,4.668000000000001,4.5600000000000005,4.816000000000001,4.747,4.635,4.763,4.709999999999999,4.694,4.792999999999999,4.791,4.651999999999999,4.73,4.74,4.787000000000001,4.758000000000001,4.774,4.695,4.826,4.659000000000001,4.731,4.723000000000001,4.787999999999999,4.776000000000001,4.768,4.807,4.744000000000001,4.731,4.726000000000001,2.272,3.8850000000000002,3.0,2.9939999999999998,4.287000000000001,2.997,3.134,3.001,4.0,2.5870000000000006,2.476,3.242,2.364,2.9619999999999997,4.702,2.868,2.3240000000000003,2.578,2.338,3.0,2.258,2.993,2.2960000000000003,2.999,2.997,2.312,2.3519999999999994,3.0,2.998,3.0,3.0,2.555,0.075,0.09,3.0089999999999995,3.2269999999999994,3.6,3.099,3.0,3.878,2.999,2.969,2.997,2.9939999999999998,3.0
44,3.2550000000000003,3.176,3.032,2.835,3.1439999999999997,2.802,3.0840000000000005,2.93,2.9989999999999997,3.06,2.822,2.77,2.928,3.1770000000000005,4.444,2.8489999999999998,2.91,4.0,2.818,3.258,2.912,2.9539999999999997,2.854,3.122,2.857,2.914,2.782,2.8560000000000003,2.8579999999999997,2.86,2.903,3.3980000000000006,2.896,3.029,2.858,3.2800000000000002,2.8880000000000003,2.8519999999999994,2.7790000000000004,3.535,2.8310000000000004,5.0,2.8109999999999995,3.004,3.0,4.96,3.0,4.93,3.0,3.9799999999999995,3.01,4.96,4.93,5.0,3.01,3.01,3.05,3.05,3.3739999999999997,4.97,3.0,4.97,2.995,5.0,3.0,3.0,5.0,5.0,3.0,3.0,3.0,3.0,5.0,0.075,0.11499999999999999,2.995,2.745,1.6800000000000002,2.812,3.0,1.925,3.0,3.01,3.0,3.0,3.0
45,2.729,1.746,2.247,2.2310000000000003,1.8519999999999999,1.332,2.5719999999999996,1.5959999999999999,1.5829999999999997,1.766,1.145,2.2809999999999997,1.458,2.416,3.7600000000000002,1.1629999999999998,1.19,2.441,1.2920000000000003,2.138,1.4609999999999999,1.493,1.3359999999999999,2.6440000000000006,1.875,1.517,1.48,1.3649999999999998,1.209,1.4949999999999999,1.222,3.1359999999999997,1.9739999999999998,1.671,1.3639999999999999,1.377,1.5139999999999998,1.094,1.5450000000000002,2.02,1.2650000000000001,5.0,1.407,0.322,0.035,2.0,0.03,4.845,3.04,2.47,2.625,4.92,4.845,5.0,1.855,2.03,1.905,2.62,4.8,4.97,0.7380000000000001,4.97,2.02,5.0,1.845,0.275,5.0,5.0,0.03,1.845,2.255,1.845,5.0,0.03,1.3800000000000001,1.989,1.987,0.36,0.06399999999999999,4.895,1.3940000000000001,2.995,1.855,4.895,1.57,1.845
46,3.9450000000000003,4.965999999999999,4.944,4.956,4.958,4.938000000000001,4.96,4.958,4.9559999999999995,4.96,4.948,4.956,4.944,4.962,4.9719999999999995,4.932,4.942,4.956,4.956,4.95,4.952,4.958,4.944000000000001,4.968,4.96,4.96,4.938,4.954000000000001,4.952,4.952,4.933999999999999,4.973999999999999,4.949999999999999,4.9559999999999995,4.948,4.952,4.948,4.942,4.95,4.966,4.967999999999999,5.0,4.022,3.002,3.0,4.98,3.0,4.95,3.0,4.0,3.01,4.98,4.95,5.0,3.01,4.99,3.05,3.05,3.664,4.99,3.0,4.99,4.0,5.0,3.0,3.0,5.0,5.0,3.0,3.0,3.0,3.0,5.0,0.075,0.09,3.01,3.126,3.66,3.112,3.0,3.992,3.0,4.97,3.0,3.0,3.0
47,1.062,1.063,1.049,1.051,1.0479999999999998,1.0579999999999998,1.068,1.062,1.057,1.054,1.031,1.0490000000000002,1.051,1.0580000000000003,1.09,1.03,1.026,1.0630000000000002,1.049,1.0530000000000002,1.058,1.047,1.039,1.058,1.042,1.05,1.033,1.0590000000000002,1.0459999999999998,1.0539999999999998,1.0230000000000001,1.069,1.044,1.0710000000000002,1.0370000000000001,1.065,1.043,1.0370000000000001,1.0419999999999998,1.0710000000000002,1.064,1.1,0.5959999999999999,0.529,0.08,0.12,0.075,1.05,1.045,0.575,1.055,1.08,1.05,1.1,1.055,0.12,1.095,1.085,1.035,1.09,0.33399999999999996,1.09,1.075,1.1,1.045,0.315,1.1,1.1,0.075,1.045,1.045,1.045,1.1,0.075,0.77,1.04,1.033,0.41,0.124,1.045,0.583,1.045,1.075,1.04,1.04,1.045
48,1.085,1.116,1.124,1.173,1.152,1.2440000000000002,1.097,1.1320000000000001,1.242,1.1380000000000001,1.653,1.2950000000000002,1.218,1.124,1.082,1.5559999999999998,1.2449999999999999,1.1,1.541,1.1800000000000002,1.1179999999999999,1.124,1.161,1.096,1.165,1.213,1.518,1.3419999999999999,1.559,1.185,1.693,1.086,1.3690000000000002,1.089,1.259,1.338,1.189,1.582,1.121,1.121,1.168,1.1,1.4529999999999998,2.996,3.0,1.165,3.0,1.07,3.0,2.02,1.075,1.08,1.07,1.1,2.51,2.25,1.095,1.085,1.08,1.09,3.0,1.09,2.53,1.1,3.0,3.0,1.1,1.1,3.0,3.0,3.0,3.0,1.1,0.075,0.7780000000000001,2.9490000000000003,1.059,1.7100000000000002,2.7960000000000003,3.0,1.4240000000000002,3.0,1.09,3.0,3.0,3.0
49,4.952,4.157,2.9560000000000004,2.934,2.9240000000000004,2.9219999999999997,2.9370000000000003,2.9159999999999995,2.938,2.9520000000000004,2.906,2.945,2.9170000000000003,2.9349999999999996,2.971,2.9099999999999997,2.922,2.919,2.9130000000000003,2.9290000000000003,2.9549999999999996,2.9400000000000004,2.925,2.934,2.9200000000000004,2.9450000000000003,2.9080000000000004,2.9309999999999996,2.9099999999999997,2.928,2.9010000000000002,2.95,2.9290000000000003,2.9479999999999995,2.937,2.9400000000000004,2.934,2.933,2.928,2.9520000000000004,2.941,3.0,2.2340000000000004,1.5,1.505,2.495,1.5,2.95,1.9950000000000003,2.0,2.005,2.98,2.95,3.0,2.005,2.495,2.045,2.035,2.1010000000000004,2.99,1.623,2.99,2.5,3.0,1.9950000000000003,1.625,3.0,3.0,1.5,1.9950000000000003,1.9950000000000003,1.9950000000000003,3.0,0.075,0.445,1.9899999999999998,1.793,1.9950000000000003,1.562,1.9950000000000003,2.245,1.9950000000000003,2.97,1.78,1.9899999999999998,1.9950000000000003
50,1.004,1.013,0.9959999999999999,1.013,1.0,1.032,0.9949999999999999,0.994,0.9869999999999999,0.9809999999999999,1.043,0.9960000000000001,1.016,0.994,0.992,1.074,0.9969999999999999,0.9899999999999999,1.0330000000000001,0.984,1.0070000000000001,0.9899999999999999,1.007,0.9989999999999999,1.004,1.027,0.992,1.024,1.13,1.0079999999999998,1.034,0.991,1.029,1.012,1.0209999999999997,0.978,1.012,1.026,1.009,0.9889999999999999,1.0350000000000001,1.0,0.975,0.637,2.985,1.375,2.985,1.055,1.05,2.005,1.0,1.025,1.055,1.0,1.0,1.5,1.0,1.0,0.9949999999999999,1.015,2.976,1.015,0.9949999999999999,1.015,1.01,2.985,1.0,1.0,2.985,1.01,1.01,2.985,0.991,0.06,0.23899999999999996,2.9159999999999995,1.0,0.365,2.7750000000000004,1.015,0.522,1.01,1.005,2.985,2.985,2.985
51,1.017,1.0210000000000001,1.01,1.016,1.0,1.004,1.0079999999999998,0.9959999999999999,1.009,1.016,0.9950000000000001,1.009,1.004,1.0150000000000001,1.013,0.9889999999999999,1.0030000000000001,1.009,1.005,1.004,1.0190000000000001,1.0079999999999998,1.0,1.0139999999999998,1.007,1.0139999999999998,1.003,1.013,0.984,1.001,0.9890000000000001,1.0230000000000001,1.01,1.0070000000000001,1.019,1.004,1.012,0.993,1.017,1.02,1.0070000000000001,1.04,0.5589999999999999,0.656,0.035,0.045,0.03,1.005,1.005,0.53,1.025,1.02,1.005,1.04,1.025,0.045,1.04,1.04,1.02,1.03,0.24399999999999994,1.03,1.03,1.04,1.015,0.275,1.04,1.04,0.03,1.015,1.015,1.015,1.04,0.03,0.755,1.01,1.002,0.36,0.076,1.015,0.53,1.015,1.02,1.015,1.01,1.015
52,1.052,1.0710000000000002,1.056,1.055,1.049,1.059,1.059,1.0530000000000002,1.0499999999999998,1.056,1.042,1.0559999999999998,1.0450000000000002,1.0679999999999998,1.09,1.032,1.041,1.071,1.048,1.047,1.0630000000000002,1.045,1.0470000000000002,1.0670000000000002,1.062,1.0539999999999998,1.037,1.0550000000000002,1.0390000000000001,1.051,1.028,1.081,1.048,1.069,1.0550000000000002,1.065,1.032,1.049,1.051,1.067,1.066,1.1,0.592,0.502,0.08,0.12,0.075,1.05,1.045,0.575,1.055,1.08,1.05,1.1,1.055,0.12,1.095,1.085,1.0720000000000003,1.09,0.32199999999999995,1.09,1.075,1.1,1.045,0.315,1.1,1.1,0.075,1.045,1.045,1.045,1.1,0.075,0.775,1.04,1.016,0.41,0.123,1.045,0.58,1.045,1.075,1.04,1.04,1.045
53,0.983,0.978,0.984,0.9789999999999999,0.978,0.974,0.9809999999999999,0.977,0.9730000000000001,0.975,0.9789999999999999,0.9650000000000001,0.9739999999999999,0.976,0.982,0.9730000000000001,0.974,0.985,0.969,0.9799999999999999,0.966,0.974,0.978,0.982,0.977,0.968,0.9730000000000001,0.967,0.9710000000000001,0.9739999999999999,0.969,0.9730000000000001,0.9789999999999999,0.975,0.974,0.9719999999999999,0.9789999999999999,0.966,0.968,0.983,0.968,1.0,0.5029999999999999,0.659,0.0,0.0,0.0,0.975,0.975,0.5,1.0,0.99,0.975,1.0,1.0,0.0,1.0,1.0,0.983,0.9949999999999999,0.30199999999999994,0.9949999999999999,0.9949999999999999,0.005,0.9949999999999999,0.25,1.0,1.0,0.0,0.9949999999999999,0.9949999999999999,0.0,0.991,0.0,0.7059999999999998,0.985,1.0,0.33,0.046,0.9949999999999999,0.49700000000000005,0.9949999999999999,0.985,0.99,0.99,0.99
54,1.6439999999999997,2.1529999999999996,2.1439999999999997,2.1689999999999996,2.2439999999999998,2.3810000000000002,1.988,1.972,2.024,1.904,2.3950000000000005,2.191,2.3280000000000003,2.011,1.2900000000000003,2.464,2.3180000000000005,1.6670000000000003,2.5010000000000003,1.8939999999999997,2.1719999999999997,2.179,2.289,1.7489999999999999,2.146,2.032,2.3470000000000004,2.407,2.457,2.242,2.4,1.356,2.352,1.9450000000000003,2.424,2.3310000000000004,2.221,2.4979999999999998,2.181,1.626,2.38,1.0,2.2819999999999996,2.937,2.985,1.83,2.985,1.055,2.51,2.005,1.0,1.025,1.055,1.0,1.0,2.25,1.0,1.0,2.146,1.015,2.985,1.015,1.015,1.025,2.5,2.985,1.0,1.0,2.985,2.5,1.03,2.985,1.021,0.06,0.778,2.979,1.0,2.655,2.922,1.015,2.379,1.03,2.96,2.985,2.985,2.985
55,3.3239999999999994,2.562,2.644,2.903,2.134,1.9460000000000002,3.2670000000000003,2.372,2.3720000000000003,3.29,1.7400000000000002,2.586,2.138,3.4799999999999995,4.121,1.698,1.841,3.728,1.671,2.4330000000000003,2.045,2.158,1.8920000000000001,3.4099999999999993,2.6630000000000003,2.349,2.023,2.066,1.688,2.904,2.295,3.187,2.0029999999999997,2.384,1.8520000000000003,2.087,2.6979999999999995,1.5310000000000001,2.5119999999999996,3.286,1.8050000000000002,5.0,2.277,0.227,1.335,1.98,0.015,4.87,2.275,2.495,3.175,4.945,4.87,5.0,2.25,2.0,2.305,2.9,4.89,4.97,1.6480000000000001,4.97,2.275,5.0,2.25,0.8,5.0,5.0,0.015,2.25,2.79,2.25,5.0,0.015,0.093,2.325,2.2939999999999996,1.335,0.219,4.945,2.123,2.7,4.915,4.92,1.8,2.25
56,1.668,1.829,1.874,2.1900000000000004,2.186,2.289,1.7029999999999998,2.131,2.116,2.0309999999999997,2.423,2.249,2.302,1.969,1.2810000000000001,2.486,2.344,1.7109999999999999,2.431,1.9170000000000003,2.2470000000000003,2.224,2.2830000000000004,1.9100000000000001,2.18,2.057,2.352,2.382,2.4590000000000005,2.1420000000000003,2.399,1.4929999999999999,2.32,2.2009999999999996,2.3649999999999998,2.241,2.218,2.453,2.149,1.7289999999999999,2.369,1.0,2.172,2.818,2.925,1.8050000000000002,2.925,0.9949999999999999,0.9949999999999999,1.9449999999999998,1.0,0.99,0.9949999999999999,1.0,1.0,2.205,1.0,1.0,2.076,0.9949999999999999,2.9200000000000004,0.9949999999999999,0.9949999999999999,1.01,0.9949999999999999,2.93,1.0,1.0,2.925,0.9949999999999999,0.9949999999999999,2.925,0.9949999999999999,0.0,0.736,0.985,1.0,2.605,2.887,0.9949999999999999,2.312,0.9949999999999999,2.94,0.99,0.99,0.99
57,0.984,0.986,0.993,1.002,0.99,1.021,0.9800000000000001,0.985,0.9799999999999999,0.986,0.9890000000000001,0.978,1.0030000000000001,0.983,0.986,1.049,0.986,0.9809999999999999,1.0819999999999999,0.9890000000000001,1.02,0.9810000000000001,0.977,0.9879999999999999,0.982,1.002,1.005,1.01,0.993,0.9800000000000001,0.9870000000000001,0.983,0.9789999999999999,1.0050000000000001,1.019,0.986,0.993,1.0110000000000001,1.0210000000000001,0.9869999999999999,0.984,1.0,0.908,0.6689999999999999,2.925,1.7450000000000003,2.925,1.035,1.035,1.985,1.0,0.99,1.035,1.0,1.0,1.9,1.0,1.0,0.985,0.9949999999999999,2.925,0.9949999999999999,0.9949999999999999,1.045,0.9949999999999999,1.78,1.0,1.0,2.925,0.9949999999999999,0.9949999999999999,2.925,0.991,0.0,0.754,1.005,1.0,0.33,2.589,0.9949999999999999,0.497,0.9949999999999999,0.985,0.99,0.99,0.99
58,1.525,1.3130000000000002,1.151,1.135,1.081,1.0779999999999998,1.101,1.135,1.051,1.077,1.073,1.071,1.0699999999999998,1.0530000000000002,1.059,1.044,1.041,1.0560000000000003,1.042,1.045,1.073,1.0379999999999998,1.036,1.052,1.039,1.0479999999999998,1.031,1.032,1.029,1.029,1.019,1.0699999999999998,1.052,1.021,1.044,1.025,1.045,1.057,1.0639999999999998,1.0390000000000001,1.024,1.068,0.6379999999999999,0.663,2.414,0.125,2.004,1.11,1.03,1.861,1.095,1.045,1.062,1.068,2.1710000000000003,0.09,2.126,1.06,2.5380000000000003,1.07,1.656,1.07,1.996,1.06,1.9609999999999999,3.0,1.06,1.06,2.016,3.0,3.0,3.0,1.055,0.015,0.7390000000000001,1.0579999999999998,1.043,0.3869999999999999,0.274,1.045,0.567,1.077,1.04,1.04,2.142,3.0
59,1.169,0.9949999999999999,1.0,0.999,0.9869999999999999,0.994,0.9880000000000001,0.9899999999999999,0.985,0.993,0.9890000000000001,0.9950000000000001,0.986,1.003,1.004,0.984,0.982,0.999,0.99,0.999,0.991,0.982,0.974,0.9940000000000001,0.985,0.994,0.9799999999999999,1.001,0.9879999999999999,0.9879999999999999,0.9869999999999999,1.004,0.986,0.9880000000000001,0.998,0.9789999999999999,0.9940000000000001,0.985,1.003,1.0,0.985,1.02,0.5090000000000001,0.678,0.02,0.02,0.015,0.99,0.99,0.515,1.015,1.005,0.99,1.02,1.015,0.02,1.02,1.02,0.9949999999999999,1.01,0.27599999999999997,1.01,1.01,1.02,1.005,0.26,1.02,1.02,0.015,1.005,1.005,1.005,1.015,0.015,0.73,1.0,1.008,0.345,0.068,1.005,0.5109999999999999,1.005,1.0,1.0,1.0,1.005
60,3.839,3.6090000000000004,3.6189999999999998,3.618,3.386,3.511,3.7689999999999997,3.465,3.565,3.56,3.3160000000000003,3.374,3.4450000000000003,3.503,3.8649999999999998,3.4219999999999997,3.3739999999999997,3.476,3.535,3.594,3.6079999999999997,3.5740000000000003,3.817,3.7659999999999996,3.4190000000000005,3.527,3.557,3.6019999999999994,3.411,3.5200000000000005,3.467,3.625,3.493,3.3810000000000002,3.6690000000000005,3.425,3.568,3.6399999999999997,3.5060000000000002,3.582,3.5159999999999996,4.08,3.368,3.0,3.0,3.778,3.0,3.914,3.0,3.508,3.011,4.124,3.9620000000000006,3.7920000000000003,3.01,3.1830000000000003,3.0349999999999993,3.05,3.5059999999999993,3.946,3.0,3.8899999999999997,3.031,4.064,3.0,3.0,4.036,3.8879999999999995,3.0,3.0,3.0,3.0,3.864,0.075,1.3240000000000003,3.01,3.133,3.181,2.997,3.0,3.383,3.0,3.7119999999999997,3.0,3.0,3.0
61,1.091,1.001,0.9949999999999999,0.9870000000000001,0.9799999999999999,0.983,0.998,0.99,0.984,0.993,0.9810000000000001,0.9959999999999999,0.986,0.991,0.999,0.978,0.9890000000000001,0.9960000000000001,0.991,0.998,0.9949999999999999,0.985,0.974,0.9949999999999999,0.9959999999999999,0.992,0.9880000000000001,0.991,0.9869999999999999,0.991,0.99,1.003,0.999,0.9869999999999999,0.9960000000000001,0.986,0.9970000000000001,0.991,0.998,1.001,0.9890000000000001,1.02,0.524,0.698,0.02,0.02,0.015,0.99,0.99,0.515,1.015,1.005,0.99,1.02,1.015,0.02,1.02,1.02,0.9949999999999999,1.01,0.29000000000000004,1.01,1.01,1.02,1.005,0.26,1.02,1.02,0.015,1.005,1.005,1.005,1.015,0.015,0.727,1.0,1.001,0.345,0.07,1.005,0.51,1.005,1.0,1.0,1.0,1.005
62,1.749,1.6990000000000003,1.6640000000000001,2.012,1.7550000000000001,2.09,1.1909999999999998,1.1560000000000001,1.72,1.796,1.8379999999999999,1.827,1.75,1.318,0.9969999999999999,1.582,1.548,1.373,1.557,1.471,1.567,1.277,2.0650000000000004,1.3809999999999998,1.6969999999999998,1.519,2.0940000000000003,1.562,2.15,1.737,2.418,1.269,1.8219999999999998,1.255,1.5610000000000002,1.741,0.985,2.196,1.045,1.3679999999999999,1.8659999999999997,1.02,1.9380000000000002,2.993,2.945,1.9950000000000003,1.5,1.025,2.48,1.25,1.02,1.005,1.025,1.02,1.015,2.225,1.02,1.02,1.996,1.035,2.8809999999999993,1.035,2.98,1.025,2.995,1.5,1.02,1.02,1.5,2.49,2.995,2.49,1.006,0.03,0.39299999999999996,2.439,1.009,2.635,2.833,1.035,2.361,2.995,2.495,1.02,1.5,2.49
63,1.001,0.9949999999999999,1.78,1.006,0.976,0.9810000000000001,0.998,0.99,0.9799999999999999,0.991,0.9789999999999999,0.986,0.9949999999999999,0.9949999999999999,0.9960000000000001,0.9789999999999999,0.984,1.0410000000000001,0.967,0.982,0.99,0.9899999999999999,0.9950000000000001,0.993,0.9949999999999999,0.983,0.9889999999999999,0.9789999999999999,0.9739999999999999,0.968,0.983,1.107,0.985,0.9810000000000001,0.975,0.992,0.9809999999999999,0.9629999999999999,1.014,0.9970000000000001,0.975,4.98,0.5050000000000001,0.6759999999999999,0.0,0.0,0.0,0.975,0.975,0.5,1.065,0.99,0.975,4.98,1.025,0.0,1.085,1.095,0.985,0.9949999999999999,0.23400000000000004,0.9949999999999999,1.025,1.01,0.9949999999999999,0.25,4.98,4.98,0.0,0.9949999999999999,0.9949999999999999,0.0,2.598,0.0,0.7310000000000001,0.985,1.043,0.33,0.054000000000000006,0.9949999999999999,0.49800000000000005,0.9949999999999999,0.985,0.99,0.99,0.99
64,1.956,1.669,2.1590000000000003,2.284,2.213,2.3600000000000003,1.8379999999999999,2.193,2.2319999999999998,1.9220000000000002,2.452,2.268,2.327,1.877,1.193,2.502,2.367,1.512,2.499,2.1729999999999996,2.149,1.991,2.335,1.975,2.167,2.2359999999999998,2.3310000000000004,2.353,2.518,2.2510000000000003,2.4619999999999997,1.504,2.37,2.0130000000000003,2.3899999999999997,2.328,2.196,2.557,2.081,1.6440000000000001,2.429,1.02,2.2350000000000003,2.999,3.0,1.845,3.0,1.07,3.0,2.02,1.035,1.04,1.07,1.02,2.5,2.25,1.02,1.02,1.9609999999999999,1.03,3.0,1.03,2.995,1.02,3.0,3.0,1.02,1.02,3.0,3.0,3.0,3.0,1.035,0.075,0.09,2.996,1.2730000000000001,2.67,2.959,3.0,2.384,3.0,2.975,3.0,3.0,3.0
65,3.8579999999999997,3.8600000000000003,3.8229999999999995,3.819,3.793,3.768,3.838,3.814,3.835,3.8379999999999996,3.742,3.783,3.81,3.8290000000000006,3.9400000000000004,3.7670000000000003,3.7700000000000005,3.8480000000000003,3.726,3.832,3.841,3.783,3.7640000000000002,3.8920000000000003,3.7989999999999995,3.84,3.754,3.7979999999999996,3.689,3.847,3.6979999999999995,3.8830000000000005,3.789,3.851,3.755,3.8,3.79,3.717,3.807,3.8620000000000005,3.779,4.0,3.776,3.002,3.0,4.0,3.0,3.9900000000000007,3.0,3.5,3.01,4.0,3.9900000000000007,4.0,3.01,3.8,3.03,3.53,3.0,4.01,3.0,4.01,4.0,4.0,3.0,3.0,4.0,4.0,3.0,3.0,3.0,3.0,4.0,0.075,0.09,3.01,3.155,3.66,3.056,3.0,3.996,3.0,3.015,3.0,3.0,3.0
66,0.9800000000000001,0.975,0.969,0.983,0.974,0.97,0.975,0.9719999999999999,0.9630000000000001,0.982,0.9709999999999999,0.977,0.976,0.976,0.983,0.976,0.966,0.9780000000000001,0.968,0.983,0.9739999999999999,0.9649999999999999,0.9739999999999999,0.982,0.975,0.9719999999999999,0.9710000000000001,0.97,0.97,0.977,0.975,0.9790000000000001,0.975,0.9729999999999999,0.977,0.9719999999999999,0.975,0.967,0.9709999999999999,0.983,0.9709999999999999,1.0,0.49800000000000005,0.6719999999999999,0.0,0.0,0.0,0.975,0.975,0.5,1.0,0.99,0.975,1.0,1.0,0.0,1.0,1.0,0.985,0.9949999999999999,0.24099999999999996,0.9949999999999999,0.9949999999999999,0.005,0.9949999999999999,0.25,1.0,1.0,0.0,0.9949999999999999,0.9949999999999999,0.0,0.992,0.0,0.6930000000000001,0.985,1.0,0.33,0.05,0.9949999999999999,0.497,0.9949999999999999,0.985,0.99,0.99,0.99
67,0.9789999999999999,0.968,0.976,0.975,0.9800000000000001,0.975,0.9809999999999999,0.974,0.969,0.9780000000000001,0.969,0.9810000000000001,0.976,0.974,0.9879999999999999,0.9730000000000001,0.9719999999999999,0.978,0.977,0.9810000000000001,0.966,0.9730000000000001,0.9790000000000001,0.982,0.9789999999999999,0.9669999999999999,0.9810000000000001,0.9730000000000001,0.9640000000000001,0.9780000000000001,0.978,0.9810000000000001,0.9810000000000001,0.9730000000000001,0.9729999999999999,0.969,0.976,0.969,0.9719999999999999,0.9729999999999999,0.969,1.0,0.491,0.6620000000000001,0.0,0.0,0.0,0.975,0.975,0.5,1.0,0.99,0.975,1.0,1.0,0.0,1.0,1.0,0.985,0.9949999999999999,0.278,0.9949999999999999,0.9949999999999999,0.005,0.9949999999999999,0.25,1.0,1.0,0.0,0.9949999999999999,0.9949999999999999,0.0,0.992,0.0,0.712,0.985,1.0,0.33,0.041999999999999996,0.9949999999999999,0.49800000000000005,0.9949999999999999,0.985,0.99,0.99,0.99
68,4.938000000000001,4.962,4.948,4.958,4.944,4.954000000000001,4.956,4.962,4.964,4.968,4.9399999999999995,4.95,4.954,4.962000000000001,4.974,4.938,4.948,4.9479999999999995,4.938000000000001,4.962,4.948,4.964,4.956,4.962,4.9479999999999995,4.954000000000001,4.934,4.9479999999999995,4.954,4.942,4.9239999999999995,4.9559999999999995,4.938000000000001,4.968,4.952,4.964,4.952,4.944000000000001,4.964,4.946000000000001,4.9559999999999995,5.0,4.05,3.0,3.0,4.98,3.0,4.95,3.0,4.0,3.01,4.98,4.95,5.0,3.01,4.99,3.05,3.05,3.656,4.99,3.0,4.99,4.0,5.0,3.0,3.0,5.0,5.0,3.0,3.0,3.0,3.0,5.0,0.075,0.09,3.006,3.126,3.66,3.114,3.0,3.9939999999999998,3.0,4.97,3.0,3.0,3.0
69,1.6030000000000002,1.948,2.158,2.261,2.3600000000000003,2.362,1.8199999999999998,2.04,2.2670000000000003,2.0460000000000003,2.438,2.2369999999999997,2.3449999999999998,2.089,1.266,2.529,2.359,1.668,2.2159999999999997,2.198,1.8130000000000002,2.245,2.3740000000000006,1.83,2.181,2.211,2.308,2.358,2.528,2.1580000000000004,2.5119999999999996,1.439,2.3880000000000003,1.86,2.3579999999999997,2.316,2.2310000000000003,2.561,2.2,1.8960000000000001,2.42,1.02,2.235,2.998,3.0,1.845,3.0,1.07,3.0,2.02,1.035,1.04,1.07,1.02,2.5,2.25,1.02,1.02,3.0,1.03,3.0,1.03,2.515,1.02,3.0,3.0,1.02,1.02,3.0,3.0,3.0,3.0,1.035,0.075,0.09,2.998,1.2,2.67,2.961,3.0,2.383,3.0,2.975,3.0,3.0,3.0
70,1.0919999999999999,1.0879999999999999,1.061,1.0690000000000002,1.224,1.333,1.075,1.098,1.103,1.097,1.5079999999999998,1.15,1.28,1.077,1.048,1.682,1.318,1.0859999999999999,1.616,1.1179999999999999,1.214,1.089,1.152,1.089,1.184,1.205,1.241,1.3810000000000002,1.586,1.1139999999999999,1.6620000000000001,1.052,1.36,1.097,1.188,1.107,1.1159999999999999,1.3900000000000001,1.134,1.066,1.202,1.02,1.399,3.0,3.0,1.605,3.0,1.07,3.0,2.02,1.035,1.04,1.07,1.02,1.03,1.815,1.02,1.02,3.0,1.03,3.0,1.03,2.995,1.02,3.0,3.0,1.02,1.02,3.0,3.0,3.0,3.0,1.035,0.075,0.09,2.9899999999999998,1.012,1.6949999999999998,2.804,3.0,1.064,3.0,2.975,3.0,3.0,3.0
71,1.7739999999999998,2.071,2.2,2.163,2.259,2.372,1.9420000000000002,2.1740000000000004,2.222,1.9380000000000002,2.4349999999999996,2.3099999999999996,2.301,2.1049999999999995,1.875,2.4939999999999998,2.3600000000000003,1.884,2.472,2.277,2.056,2.288,2.409,1.964,2.218,2.3760000000000003,2.3419999999999996,2.3899999999999997,2.532,2.212,2.499,1.448,2.4219999999999997,1.935,2.4169999999999994,2.2680000000000002,2.287,2.595,2.137,1.816,2.423,5.0,2.273,3.0,3.0,1.845,3.0,1.07,3.0,2.02,3.01,1.04,1.07,5.0,3.01,2.25,3.05,3.05,3.0,1.03,3.0,1.03,2.515,5.0,3.0,3.0,5.0,5.0,3.0,3.0,3.0,3.0,5.0,0.075,0.09,2.995,3.016,2.67,2.94,3.0,2.386,3.0,2.975,3.0,3.0,3.0
72,0.985,0.986,0.9810000000000001,0.9969999999999999,0.9869999999999999,0.9819999999999999,0.9970000000000001,0.9890000000000001,0.991,1.0050000000000001,0.976,0.983,0.986,0.993,1.013,0.985,0.969,1.0030000000000001,0.982,0.9810000000000001,0.9789999999999999,0.9870000000000001,0.9810000000000001,0.992,0.994,0.9780000000000001,0.982,0.9839999999999998,0.974,0.985,0.97,1.004,0.974,0.9809999999999999,0.975,0.977,0.9789999999999999,0.9709999999999999,0.974,0.9990000000000002,0.978,1.028,0.5159999999999999,0.6300000000000001,0.0,0.0,0.0,0.975,0.975,0.5,1.036,0.99,0.975,1.036,1.021,0.0,1.02,1.036,1.005,1.015,0.28400000000000003,1.015,1.026,0.608,1.01,0.25,1.032,1.032,0.0,1.01,1.01,0.0,1.004,0.0,0.7030000000000001,0.985,1.0129999999999997,0.33,0.061,1.015,0.508,1.015,1.005,0.99,0.99,0.99
73,0.11099999999999999,0.099,0.101,0.10300000000000001,0.10300000000000001,0.095,0.11499999999999999,0.093,0.101,0.097,0.099,0.10300000000000001,0.099,0.099,0.10500000000000001,0.083,0.101,0.091,0.097,0.10300000000000001,0.10300000000000001,0.10300000000000001,0.10500000000000001,0.101,0.11100000000000002,0.101,0.09100000000000001,0.097,0.097,0.091,0.089,0.11499999999999999,0.099,0.11100000000000002,0.099,0.10700000000000001,0.093,0.101,0.093,0.11499999999999999,0.10500000000000001,0.125,0.10500000000000001,0.075,0.075,0.10500000000000001,0.075,0.075,0.075,0.075,0.085,0.10500000000000001,0.075,0.125,0.085,0.11500000000000002,0.125,0.125,0.11500000000000002,0.11500000000000002,0.075,0.11500000000000002,0.10500000000000001,0.125,0.075,0.075,0.125,0.125,0.075,0.075,0.075,0.075,0.125,0.075,0.075,0.075,0.125,0.085,0.077,0.075,0.095,0.075,0.10500000000000001,0.075,0.075,0.075
74,0.842,0.851,0.843,0.799,0.8480000000000001,0.8210000000000001,0.8220000000000001,0.8109999999999999,0.8549999999999999,0.8400000000000001,0.851,0.82,0.828,0.8150000000000001,0.875,0.8139999999999998,0.798,0.8539999999999999,0.835,0.8230000000000001,0.844,0.835,0.8240000000000001,0.853,0.845,0.8089999999999999,0.82,0.845,0.825,0.8249999999999998,0.8099999999999999,0.8109999999999999,0.818,0.8400000000000001,0.8220000000000001,0.8370000000000001,0.835,0.818,0.8240000000000001,0.859,0.807,0.8800000000000001,0.327,0.09,0.09,0.51,0.09,0.7949999999999999,0.7780000000000001,0.445,0.23900000000000005,0.8550000000000001,0.8,0.8560000000000001,0.7929999999999999,0.14300000000000002,0.841,0.844,0.829,0.8550000000000001,0.289,0.852,0.193,0.8809999999999999,0.09,0.09,0.843,0.8620000000000001,0.09,0.09,0.09,0.09,0.853,0.075,0.09,0.09,0.164,0.231,0.096,0.09,0.34,0.804,0.859,0.767,0.09,0.09
75,1.222,1.143,1.2559999999999998,1.5650000000000002,1.765,1.932,1.202,1.705,1.588,1.331,2.4549999999999996,1.4869999999999999,1.8689999999999998,1.3349999999999997,1.0779999999999998,2.631,2.593,1.2100000000000002,2.654,1.4549999999999998,1.225,1.4700000000000002,1.89,1.3519999999999999,1.564,1.323,2.1740000000000004,1.8939999999999997,2.378,1.469,2.5190000000000006,1.084,2.307,1.335,2.118,1.2559999999999998,1.9950000000000003,2.484,1.447,1.169,1.5550000000000002,1.06,2.327,2.9840000000000004,2.965,2.0140000000000002,2.985,1.09,2.939,2.04,2.9509999999999996,1.06,1.09,1.06,2.9989999999999997,2.35,1.06,1.055,1.0879999999999999,1.05,2.9850000000000003,1.05,2.464,1.06,2.996,2.9850000000000003,1.06,1.06,2.9909999999999997,2.998,2.9899999999999998,2.995,1.06,0.075,0.125,3.001,1.103,3.649,3.0709999999999997,2.948,2.4,2.997,2.9829999999999997,2.991,2.988,2.996
76,1.866,2.0229999999999997,1.8970000000000002,2.003,1.988,2.3440000000000003,1.8689999999999998,2.0000000000000004,2.019,1.9959999999999998,2.1900000000000004,2.037,2.1390000000000002,1.9940000000000002,1.465,2.112,2.0759999999999996,1.45,2.227,2.0,2.0900000000000003,2.157,2.0580000000000003,1.609,1.8719999999999999,2.1959999999999997,2.2039999999999997,2.206,2.25,2.075,2.2550000000000003,1.719,2.084,2.2470000000000003,2.2849999999999997,2.2030000000000003,2.118,2.251,1.9630000000000003,1.779,2.271,1.0,2.101,2.107,2.705,2.0770000000000004,2.811,1.2429999999999999,1.364,3.1780000000000004,1.0,1.142,1.3110000000000002,1.0,1.0,2.254,1.0,1.0,1.0829999999999997,1.0429999999999997,2.748,1.0710000000000002,1.039,1.583,1.248,2.715,1.0,1.0,2.811,1.175,1.117,2.756,1.0379999999999998,0.0,0.10899999999999999,1.268,1.0,2.5010000000000003,2.768,1.067,2.1839999999999997,1.0470000000000002,1.161,1.102,1.7670000000000001,1.6010000000000002
77,2.987,2.922,2.91,2.868,2.776,3.072,2.831,2.884,2.842,3.0380000000000003,2.55,2.6079999999999997,2.79,3.011,3.434,2.583,2.798,3.047,2.741,2.9410000000000003,2.7700000000000005,2.7939999999999996,2.8529999999999993,3.053,2.862,2.8359999999999994,2.76,2.6239999999999997,2.6290000000000004,2.85,2.5740000000000003,3.069,2.767,3.0439999999999996,2.6409999999999996,2.683,2.827,2.582,2.807,3.0360000000000005,2.571,3.6800000000000006,2.8810000000000002,2.05,3.3299999999999996,3.66,2.01,3.6349999999999993,3.31,2.845,3.665,3.66,3.6349999999999993,3.6800000000000006,2.68,3.01,2.705,3.6800000000000006,3.6519999999999997,3.6700000000000004,2.2660000000000005,3.6700000000000004,2.685,3.6800000000000006,2.67,2.01,3.6800000000000006,3.6800000000000006,2.01,2.67,3.3199999999999994,2.67,3.6800000000000006,0.06,1.261,2.0140000000000002,2.5959999999999996,2.34,2.1,3.655,2.834,2.67,2.685,2.01,2.01,2.67
78,4.622,4.439,4.202,4.441000000000001,4.389,4.2909999999999995,4.348,4.333,4.495,4.486,4.314,4.363000000000001,4.3870000000000005,4.385000000000001,4.540000000000001,4.244000000000001,4.237,4.55,4.256,4.595000000000001,4.345,4.513,4.529,4.525,4.445,4.3950000000000005,4.461,4.364,4.23,4.241999999999999,4.398,4.516,4.396,4.447,4.189,4.365,4.427,4.145999999999999,4.269,4.601,4.203,4.795999999999999,3.7990000000000004,2.849,3.0319999999999996,4.859,2.832,4.763999999999999,3.036,3.857,3.09,4.795999999999999,4.768,4.816,2.947,4.694,2.997,3.179,4.659000000000001,4.7829999999999995,2.912,4.7700000000000005,3.013,4.794,2.959,2.9159999999999995,4.8,4.832,2.8289999999999997,2.961,3.029,2.9349999999999996,4.776,0.072,0.356,2.8609999999999998,3.0629999999999997,3.47,2.9629999999999996,4.622999999999999,3.822,2.957,4.431,2.884,2.8500000000000005,2.944
79,1.01,1.012,0.998,1.0219999999999998,1.004,1.001,1.009,1.02,0.9949999999999999,1.009,0.9949999999999999,1.02,0.999,1.004,1.0079999999999998,0.9970000000000001,0.9979999999999999,1.005,1.0139999999999998,1.002,1.013,1.018,0.9969999999999999,1.007,1.009,1.006,1.002,1.004,1.014,1.005,1.025,1.009,1.014,1.016,1.03,1.0050000000000001,1.007,1.0219999999999998,1.01,1.008,1.0050000000000001,1.02,0.532,3.0,3.0,0.07,3.0,1.07,3.0,2.02,1.015,1.04,1.07,1.02,1.015,0.045,1.02,1.02,1.02,1.03,3.0,1.03,1.01,1.02,3.0,3.0,1.02,1.02,3.0,3.0,3.0,3.0,1.015,0.075,0.09,2.9379999999999997,1.002,0.38,0.373,3.0,0.546,3.0,1.02,3.0,3.0,3.0
80,2.48,2.399,2.292,2.2720000000000002,2.2670000000000003,2.175,2.433,2.306,2.317,2.407,2.051,2.243,2.1710000000000003,2.3790000000000004,2.705,2.0959999999999996,2.162,2.473,2.1689999999999996,2.2329999999999997,2.2230000000000003,2.266,2.183,2.4880000000000004,2.355,2.238,2.1719999999999997,2.138,2.0940000000000003,2.321,1.998,2.612,2.1399999999999997,2.323,2.134,2.1849999999999996,2.24,2.0300000000000002,2.339,2.475,2.0959999999999996,3.0159999999999996,2.294,1.5630000000000002,2.3850000000000002,2.5140000000000002,1.512,2.968,2.694,2.2600000000000002,2.9970000000000008,2.99,2.98,3.0119999999999996,2.389,2.133,2.397,3.012,2.982,3.006,1.783,3.01,2.376,3.008,2.374,1.5059999999999998,3.0119999999999996,3.008,1.509,2.378,2.8590000000000004,2.366,3.008,0.045,1.5699999999999998,2.375,2.2990000000000004,1.9989999999999999,1.582,2.981,2.2560000000000002,2.9770000000000003,2.505,2.963,1.734,2.3739999999999997
81,1.012,1.011,1.029,1.0239999999999998,1.073,1.2040000000000002,1.061,1.04,1.043,1.0059999999999998,1.2259999999999998,1.1729999999999998,1.0230000000000001,1.0070000000000001,1.011,2.102,1.261,1.0139999999999998,1.5879999999999999,1.0259999999999998,1.014,1.045,1.209,1.0339999999999998,1.069,1.042,1.2970000000000002,1.098,2.253,1.0239999999999998,1.9420000000000002,1.0159999999999998,1.2269999999999999,1.0219999999999998,1.3039999999999998,1.147,1.0779999999999998,2.238,1.06,1.034,1.0299999999999998,1.02,0.62,2.999,3.0,1.02,3.0,1.07,3.0,2.02,1.035,1.04,1.07,1.02,1.03,1.7,1.02,1.02,1.012,1.03,3.0,1.03,2.995,1.02,3.0,3.0,1.02,1.02,3.0,3.0,3.0,3.0,1.015,0.075,0.804,2.997,1.0070000000000001,2.67,2.957,3.0,0.552,3.0,1.02,3.0,3.0,3.0
82,1.6,1.85,1.9140000000000001,2.007,2.2939999999999996,2.379,1.4809999999999999,1.718,1.9779999999999998,1.845,2.505,1.9970000000000003,2.004,1.908,1.2650000000000001,2.0810000000000004,2.121,1.7869999999999997,2.4850000000000003,2.202,1.786,2.009,2.04,1.8510000000000002,2.2409999999999997,2.019,2.242,2.123,2.459,1.7239999999999998,1.866,1.2959999999999998,2.291,2.252,1.809,1.5390000000000001,2.0549999999999997,2.56,1.459,1.7449999999999999,1.754,1.06,1.9380000000000002,2.969,2.96,1.83,0.045,1.025,1.015,0.545,1.055,1.045,1.025,1.06,2.985,0.065,2.99,1.06,1.04,1.05,1.3270000000000002,1.05,2.495,1.06,2.975,2.965,1.06,1.06,0.045,2.975,2.975,2.975,1.055,0.03,0.784,2.9580000000000006,1.016,2.635,0.651,1.045,2.01,1.045,2.97,1.04,1.515,2.975
83,1.0390000000000001,1.034,1.0470000000000002,1.129,1.059,1.0299999999999998,1.032,1.0530000000000002,1.0739999999999998,1.039,1.1219999999999999,1.0779999999999998,1.055,1.021,1.0430000000000001,1.474,1.142,1.0579999999999998,1.197,1.041,1.044,1.0390000000000001,1.042,1.048,1.066,1.0299999999999998,1.109,1.048,1.063,1.0310000000000001,1.451,1.0379999999999998,1.1629999999999998,1.04,1.079,1.027,1.2630000000000003,1.216,1.105,1.035,1.072,1.04,0.7929999999999999,3.002,3.0,0.07,3.0,1.09,3.0,2.88,3.01,1.04,1.09,1.04,3.01,0.07,1.04,1.04,1.04,1.05,3.0,1.05,1.045,1.04,3.0,3.0,1.04,1.04,3.0,3.0,3.0,3.0,1.04,0.075,0.767,3.006,1.0119999999999998,3.66,3.054,3.0,0.583,3.0,1.04,3.0,3.0,3.0
84,2.181,1.9010000000000002,3.021,3.0449999999999995,3.1,2.8,2.4240000000000004,3.054,2.925,2.5739999999999994,3.1499999999999995,3.0119999999999996,3.078,2.9610000000000003,1.474,3.104,3.151,2.2,3.1290000000000004,2.9400000000000004,2.184,3.0060000000000002,3.103,2.7209999999999996,2.981,2.758,3.174,3.1390000000000002,3.1719999999999997,3.122,3.02,2.226,3.133,2.348,3.114,3.045,3.028,3.1559999999999997,3.017,2.258,3.078,1.04,3.17,3.004,3.0,2.32,3.0,1.09,3.0,2.04,3.01,1.06,1.09,1.04,3.01,2.8,1.04,1.04,2.167,1.05,3.0,1.05,4.0,1.04,3.0,3.0,1.04,1.04,3.0,3.0,3.0,3.0,1.04,0.075,0.09,3.008,2.6270000000000002,3.66,3.0949999999999998,3.0,3.654,3.0,3.965,3.0,3.0,3.0
85,1.5999999999999999,1.6960000000000002,2.191,2.207,2.284,2.3850000000000002,1.7189999999999999,2.238,2.107,1.716,2.4850000000000003,2.2359999999999998,2.3520000000000003,1.9259999999999997,1.239,2.499,2.3850000000000002,1.7429999999999999,2.431,2.154,1.9829999999999999,2.2640000000000002,2.305,1.791,2.232,2.209,2.371,2.4010000000000002,2.5100000000000002,2.2600000000000002,2.544,1.725,2.284,1.916,2.365,2.337,2.259,2.511,2.105,1.8199999999999998,2.435,1.04,2.278,3.0,3.0,1.845,3.0,1.07,3.0,2.02,3.01,1.04,1.07,1.04,3.01,2.25,1.04,1.04,3.0,1.03,3.0,1.03,2.515,1.04,3.0,3.0,1.04,1.04,3.0,3.0,3.0,3.0,1.04,0.075,0.09,2.996,1.6510000000000002,2.67,2.949,3.0,2.389,3.0,2.975,3.0,3.0,3.0
