,NeuralAgent_Student3_200aAgent_rng.h5,NeuralAgent_Student17_200mAgent_rng.h5,NeuralAgent_BattleRoyal_rng.h5,NeuralAgent_Student1_200cAgent_rng.h5,NeuralAgent_Student13_200mAgent_rng.h5,NeuralAgent_Student7_200mAgent_rng.h5,NeuralAgent_Student19_200aAgent_rng.h5,NeuralAgent_Student26_200mAgent_rng.h5,NeuralAgent_Student19_200mAgent_rng.h5,NeuralAgent_Student16_200cAgent_rng.h5,NeuralAgent_Student5_200bAgent_rng.h5,NeuralAgent_Student24_200mAgent_rng.h5,NeuralAgent_Student1_200aAgent_rng.h5,NeuralAgent_Student24_200cAgent_rng.h5,NeuralAgent_Student13_200bAgent_rng.h5,NeuralAgent_Student1_200bAgent_rng.h5,NeuralAgent_Student7_200bAgent_rng.h5,NeuralAgent_Student17_200bAgent_rng.h5,NeuralAgent_Student13_200aAgent_rng.h5,NeuralAgent_AlwaysDefectAgent_rng.h5,NeuralAgent_Student23_200mAgent_rng.h5,NeuralAgent_Student26_200bAgent_rng.h5,NeuralAgent_Student26_200cAgent_rng.h5,NeuralAgent_Student16_200bAgent_rng.h5,NeuralAgent_Student5_200cAgent_rng.h5,NeuralAgent_Student21_200cAgent_rng.h5,NeuralAgent_Student22_200mAgent_rng.h5,NeuralAgent_Student4_200aAgent_rng.h5,NeuralAgent_Student11_200mAgent_rng.h5,NeuralAgent_Student19_200bAgent_rng.h5,NeuralAgent_Student3_200bAgent_rng.h5,NeuralAgent_Student24_200bAgent_rng.h5,NeuralAgent_Student2_200cAgent_rng.h5,NeuralAgent_TitF2tatAgent_rng.h5,NeuralAgent_RandomChoiceAgent_rng.h5,NeuralAgent_Student13_200cAgent_rng.h5,NeuralAgent_Student21_200aAgent_rng.h5,NeuralAgent_Student17_200aAgent_rng.h5,NeuralAgent_Student2_200aAgent_rng.h5,NeuralAgent_Student19_200cAgent_rng.h5,NeuralAgent_Student5_200mAgent_rng.h5,NeuralAgent_Student1_200mAgent_rng.h5,NeuralAgent_Student5_200aAgent_rng.h5,NeuralAgent_Student7_200aAgent_rng.h5,NeuralAgent_TitFTatAgent_rng.h5,NeuralAgent_Student10_200mAgent_rng.h5,AlwaysDefectAgent,RandomChoiceAgent,Student10_200mAgent,Student11_200mAgent,Student13_200aAgent,Student13_200bAgent,Student13_200cAgent,Student13_200mAgent,Student16_200bAgent,Student16_200cAgent,Student17_200aAgent,Student17_200bAgent,Student17_200mAgent,Student19_200aAgent,Student19_200bAgent,Student19_200cAgent,Student19_200mAgent,Student1_200aAgent,Student1_200bAgent,Student1_200cAgent,Student1_200mAgent,Student21_200aAgent,Student21_200cAgent,Student22_200mAgent,Student23_200mAgent,Student24_200bAgent,Student24_200cAgent,Student24_200mAgent,Student26_200bAgent,Student26_200cAgent,Student26_200mAgent,Student2_200aAgent,Student2_200cAgent,Student3_200aAgent,Student3_200bAgent,Student4_200aAgent,Student5_200aAgent,Student5_200bAgent,Student5_200cAgent,Student5_200mAgent,Student7_200aAgent,Student7_200bAgent,Student7_200mAgent,TitF2tatAgent,TitFTatAgent
0,2.347,3.2670000000000003,2.034,2.84,2.4200000000000004,2.544,2.675,2.0759999999999996,2.367,2.591,2.258,2.4509999999999996,1.892,2.438,2.3299999999999996,2.242,2.118,2.752,2.727,3.3049999999999997,2.602,2.216,3.0149999999999997,2.7700000000000005,3.4240000000000004,2.556,2.1580000000000004,2.5780000000000003,2.766,2.559,3.1149999999999998,2.508,3.118,2.5629999999999997,3.248,2.9080000000000004,2.4869999999999997,2.257,2.3939999999999997,3.219,3.104,3.336,2.7250000000000005,2.4899999999999998,2.5669999999999997,2.6759999999999997,3.7,2.596,1.6440000000000001,2.145,4.127000000000001,3.165,4.395,2.4509999999999996,1.6629999999999998,2.87,4.456,4.241,4.488,2.335,3.399,2.272,2.844,2.711,1.738,1.8379999999999999,1.655,2.446,4.209999999999999,2.2039999999999997,1.609,4.3759999999999994,3.621,1.5470000000000002,1.876,2.55,2.132,4.383,0.039,0.7820000000000001,1.8969999999999998,2.532,2.117,1.5870000000000002,4.4430000000000005,2.5989999999999998,2.52,2.9770000000000003,2.5519999999999996,1.846,1.934
1,1.2469999999999999,2.032,1.199,1.691,1.432,1.482,1.6700000000000004,1.19,1.565,1.451,1.4609999999999999,1.621,1.2029999999999998,1.5779999999999998,1.311,1.1800000000000002,1.48,1.28,1.593,2.0469999999999997,1.532,1.167,1.92,1.614,1.77,1.6469999999999998,1.2349999999999999,1.5030000000000001,1.799,1.5670000000000002,1.6830000000000003,1.426,1.707,1.621,1.654,1.8350000000000002,1.501,1.4609999999999999,1.46,2.293,1.464,1.7469999999999999,1.5879999999999999,1.669,1.6510000000000002,1.59,2.248,1.653,1.0070000000000001,1.251,1.594,1.268,1.866,1.7129999999999999,1.161,1.392,1.759,1.8809999999999998,1.8560000000000003,1.357,1.353,1.4,1.862,2.504,1.525,1.2599999999999998,1.4389999999999998,1.402,1.886,1.493,1.097,1.86,2.539,0.9209999999999999,1.281,1.571,1.5190000000000001,2.194,0.024,0.742,1.307,1.7329999999999999,1.345,0.9490000000000001,2.1550000000000002,1.558,1.9950000000000003,1.465,1.9280000000000002,1.101,1.364
2,3.0340000000000003,3.529,2.6369999999999996,3.307,3.0469999999999997,2.888,3.075,2.7090000000000005,2.9579999999999997,3.025,2.798,3.0010000000000003,2.4300000000000006,3.0780000000000003,2.7489999999999997,2.8979999999999997,2.754,3.332,3.4240000000000004,3.7299999999999995,3.239,2.729,3.4850000000000003,3.408,3.7159999999999997,3.0669999999999997,2.6559999999999997,3.0189999999999997,3.357,3.1239999999999997,3.586,2.97,3.636,3.157,3.7560000000000002,3.6990000000000003,2.854,2.801,2.842,3.902,3.345,3.6629999999999994,3.0060000000000002,3.034,3.063,3.257,4.284000000000001,3.1529999999999996,1.8679999999999999,2.2430000000000003,4.005,2.186,4.122,2.659,2.1079999999999997,2.945,4.193999999999999,4.098000000000001,4.156,2.5020000000000002,3.721,2.4490000000000003,2.995,3.66,3.4450000000000003,2.166,3.5010000000000003,2.3449999999999998,4.343999999999999,2.54,1.8920000000000001,4.348,4.28,1.8150000000000002,2.496,2.755,2.497,4.128,0.054000000000000006,0.748,2.4370000000000003,2.74,2.835,1.9630000000000003,4.185,3.153,2.535,2.849,2.37,2.17,2.338
3,1.775,1.8510000000000002,1.607,2.023,1.782,1.834,1.9300000000000002,1.7,1.907,1.8079999999999998,1.759,1.875,1.57,1.911,1.793,1.7340000000000004,1.685,1.891,1.906,1.964,1.797,1.795,2.194,2.012,1.705,1.889,1.7109999999999999,1.8039999999999998,2.0840000000000005,1.907,2.053,1.733,1.609,1.8229999999999997,1.6300000000000001,1.9560000000000002,1.761,1.6440000000000001,1.761,1.7469999999999999,1.9329999999999998,1.761,1.8169999999999997,1.7720000000000002,1.8399999999999999,1.973,1.3399999999999999,1.8290000000000002,1.3349999999999997,1.672,2.154,1.386,1.4209999999999998,1.4259999999999997,1.484,1.638,1.4280000000000002,1.6510000000000002,1.288,1.427,1.9100000000000001,1.222,1.48,1.9929999999999999,1.401,1.595,1.397,1.3250000000000002,1.5170000000000001,1.457,1.49,1.568,1.06,1.3349999999999997,1.419,1.3760000000000001,1.47,1.131,0.033,0.7430000000000001,1.256,1.991,1.841,1.391,1.425,1.857,1.279,1.5850000000000002,1.4869999999999999,1.6689999999999998,1.2899999999999998
4,2.325,2.857,1.982,2.702,2.437,2.554,2.472,2.138,2.429,2.536,2.3899999999999997,2.502,1.9949999999999999,2.559,2.303,2.143,2.221,2.784,2.664,3.0900000000000003,2.628,2.174,2.751,2.654,3.143,2.567,2.086,2.4189999999999996,2.825,2.558,2.898,2.399,3.073,2.436,3.023,2.9810000000000003,2.3699999999999997,2.3009999999999997,2.301,3.228,2.701,3.038,2.596,2.545,2.571,2.6019999999999994,3.2600000000000002,2.538,1.576,2.082,3.0810000000000004,1.4459999999999997,3.339,2.807,2.5140000000000002,3.0580000000000003,3.378,3.498,3.54,2.3840000000000003,2.982,2.369,3.116,3.285,2.981,1.877,2.7700000000000005,2.569,3.5200000000000005,2.3649999999999998,1.5590000000000002,3.4919999999999995,3.54,1.464,2.3850000000000002,2.818,2.3880000000000003,3.4569999999999994,0.045,0.788,2.3400000000000003,2.4319999999999995,2.193,1.6170000000000002,3.5769999999999995,2.435,2.853,2.38,2.493,1.939,2.4059999999999997
5,2.264,2.747,2.143,2.414,2.194,2.244,2.3920000000000003,2.0909999999999997,2.294,2.1930000000000005,2.1919999999999997,2.357,1.903,2.342,2.075,2.109,2.2020000000000004,2.536,2.319,2.7380000000000004,2.32,2.248,2.5349999999999997,2.377,2.724,2.357,2.181,2.2359999999999998,2.396,2.257,2.6,2.222,2.606,2.351,2.5949999999999998,2.538,2.2520000000000002,2.205,2.101,2.69,2.401,2.6719999999999997,2.352,2.349,2.3979999999999997,2.2889999999999997,3.072,2.329,1.8370000000000002,2.175,2.594,1.7520000000000002,3.1910000000000003,2.455,2.457,2.875,3.279,2.8680000000000003,3.22,2.3890000000000002,2.2239999999999998,2.3649999999999998,2.779,2.9979999999999998,2.675,1.9989999999999999,2.645,2.377,2.571,2.039,1.807,2.9680000000000004,3.2,1.8059999999999998,2.2990000000000004,2.634,2.2569999999999997,3.195,0.051000000000000004,0.775,2.314,2.379,2.0269999999999997,1.807,3.229,2.369,2.875,2.444,3.065,1.952,2.3400000000000003
6,1.9049999999999998,2.3899999999999997,1.9300000000000002,2.38,2.147,2.137,2.213,1.9810000000000003,2.22,2.194,2.085,2.154,1.8939999999999997,2.2270000000000003,1.8960000000000001,1.9780000000000002,1.9920000000000002,2.323,2.261,2.234,2.1409999999999996,1.9100000000000001,2.3920000000000003,2.372,2.437,2.2030000000000003,1.968,2.126,2.3209999999999997,2.274,2.395,1.948,2.554,2.157,2.3939999999999997,2.4339999999999997,2.034,1.952,2.033,2.617,2.3839999999999995,2.4400000000000004,2.2729999999999997,2.172,2.218,2.318,2.5159999999999996,2.2489999999999997,1.638,1.8959999999999997,2.425,1.6620000000000001,2.516,2.2350000000000003,2.1250000000000004,2.485,2.4520000000000004,2.182,2.6599999999999997,2.2080000000000006,2.364,1.7119999999999997,2.447,2.682,2.108,1.811,2.3449999999999998,1.959,2.4930000000000003,2.114,1.657,2.696,2.7239999999999998,1.5690000000000002,2.201,2.274,1.86,2.8240000000000003,0.041999999999999996,0.7819999999999999,2.2239999999999998,2.309,1.9780000000000002,1.734,2.715,2.1670000000000003,2.7369999999999997,2.1350000000000002,2.4240000000000004,1.815,2.013
7,2.911,3.2949999999999995,2.5589999999999997,3.13,2.868,2.8609999999999998,2.9259999999999997,2.633,2.8609999999999998,2.862,2.7660000000000005,2.8080000000000003,2.4669999999999996,2.773,2.707,2.647,2.685,3.107,2.988,3.3579999999999997,2.933,2.804,3.129,3.062,3.414,3.061,2.541,2.9379999999999997,3.1660000000000004,2.928,3.3810000000000002,2.8369999999999997,3.286,3.0119999999999996,3.289,3.3870000000000005,2.737,2.734,2.7649999999999997,3.3620000000000005,3.043,3.4120000000000004,3.066,2.975,2.9499999999999997,3.0919999999999996,3.468,2.98,2.178,2.333,3.4200000000000004,2.127,3.4730000000000003,3.004,2.805,3.406,3.457,3.46,3.588,2.7079999999999997,2.808,2.709,3.379,3.443,2.9189999999999996,2.328,2.946,2.694,3.564,2.6799999999999997,2.1770000000000005,3.4799999999999995,3.5,2.13,2.662,3.057,2.685,3.508,0.045,0.735,2.3810000000000002,2.632,2.531,2.243,3.447,2.9739999999999998,2.728,3.049,2.811,2.229,2.677
8,2.2269999999999994,2.2049999999999996,2.0829999999999997,2.367,2.2239999999999998,2.2689999999999997,2.395,2.076,2.2990000000000004,2.1260000000000003,2.127,2.225,2.071,2.29,2.09,2.157,2.154,2.463,2.352,2.582,2.216,2.129,2.197,2.3869999999999996,2.5449999999999995,2.33,2.0940000000000003,2.332,2.4490000000000003,2.307,2.489,2.314,2.4539999999999997,2.218,2.367,2.395,2.2310000000000003,2.151,2.2089999999999996,2.529,2.3129999999999997,2.4669999999999996,2.2979999999999996,2.277,2.335,2.325,2.2399999999999998,2.285,1.991,2.104,2.4779999999999998,1.911,2.21,2.3280000000000003,2.1599999999999997,2.477,2.543,2.411,2.7199999999999998,2.0250000000000004,2.3890000000000002,2.1060000000000003,2.385,2.565,2.1390000000000002,2.013,1.674,2.2359999999999998,2.27,1.936,1.9920000000000002,2.268,1.9759999999999998,1.953,1.909,2.134,1.9279999999999997,2.526,0.018,0.764,2.2239999999999998,2.329,2.0420000000000003,1.906,2.821,2.274,2.6390000000000002,2.209,2.491,2.065,2.051
9,2.146,2.8660000000000005,1.9849999999999999,2.518,2.136,2.4029999999999996,2.339,2.057,2.386,2.324,2.323,2.2640000000000002,1.938,2.445,2.114,2.0149999999999997,2.154,2.3339999999999996,2.4259999999999997,2.926,2.3720000000000003,2.069,2.662,2.4970000000000003,2.849,2.3429999999999995,2.016,2.181,2.537,2.479,2.707,1.983,2.7239999999999998,2.291,2.7119999999999997,2.4909999999999997,2.2,2.0989999999999998,2.07,2.9059999999999997,2.6390000000000002,2.977,2.528,2.376,2.3850000000000002,2.479,2.988,2.425,1.545,1.825,2.88,1.4280000000000002,3.1710000000000003,2.433,2.299,2.9170000000000003,2.709,3.072,3.408,1.941,2.7039999999999997,2.254,3.0200000000000005,3.0799999999999996,2.605,1.839,2.4670000000000005,2.038,2.9130000000000003,2.15,1.573,2.3120000000000003,2.796,1.434,2.1959999999999997,2.3270000000000004,2.272,3.092,0.039,0.7630000000000001,2.297,2.3869999999999996,2.1130000000000004,1.53,3.2310000000000003,2.3259999999999996,3.1120000000000005,2.46,2.8519999999999994,1.953,2.145
10,2.588,2.811,2.423,2.749,2.455,2.552,2.63,2.4059999999999997,2.6420000000000003,2.4829999999999997,2.624,2.554,2.3819999999999997,2.667,2.4459999999999997,2.444,2.429,2.806,2.681,2.862,2.6369999999999996,2.3600000000000003,2.781,2.7479999999999998,2.953,2.62,2.499,2.628,2.7709999999999995,2.603,2.788,2.572,2.856,2.605,2.8970000000000002,2.7119999999999997,2.5520000000000005,2.4899999999999998,2.511,2.9479999999999995,2.618,2.912,2.694,2.6839999999999997,2.766,2.734,2.944,2.688,2.06,2.181,2.96,2.043,2.8630000000000004,2.8020000000000005,2.543,2.943,2.9850000000000003,2.9429999999999996,3.008,2.47,2.73,2.5140000000000002,2.908,2.9680000000000004,2.563,2.2079999999999997,2.588,2.569,2.94,2.4400000000000004,2.0770000000000004,2.92,3.0759999999999996,1.9620000000000002,2.4899999999999998,2.716,2.436,2.9560000000000004,0.039,0.7459999999999999,2.427,2.5349999999999997,2.3520000000000003,2.0469999999999997,2.905,2.6879999999999997,2.6420000000000003,2.451,2.5839999999999996,2.2520000000000002,2.435
11,2.2310000000000003,2.466,2.0759999999999996,2.445,2.2670000000000003,2.282,2.2890000000000006,2.2079999999999997,2.3449999999999998,2.379,2.2840000000000003,2.338,2.0570000000000004,2.377,2.275,2.162,2.255,2.415,2.3840000000000003,2.614,2.418,2.1660000000000004,2.5269999999999997,2.538,2.5680000000000005,2.315,2.148,2.3129999999999997,2.407,2.367,2.619,2.301,2.566,2.243,2.5200000000000005,2.415,2.207,2.2489999999999997,2.2880000000000003,2.304,2.474,2.561,2.4349999999999996,2.3659999999999997,2.338,2.3459999999999996,2.668,2.32,1.752,2.1260000000000003,2.541,1.7670000000000001,2.342,2.336,2.1089999999999995,2.3160000000000003,2.6630000000000003,2.537,2.476,2.258,2.5980000000000003,2.1610000000000005,2.137,2.702,2.2060000000000004,1.9329999999999998,2.362,2.467,2.686,2.2310000000000003,1.722,2.3720000000000003,2.7239999999999998,1.782,2.2399999999999998,2.604,2.234,2.6799999999999997,0.036,0.783,2.2729999999999997,2.125,2.2689999999999997,1.877,2.4189999999999996,2.3890000000000002,2.422,2.2840000000000003,2.163,1.823,2.227
12,3.127,3.4829999999999997,2.85,3.35,3.12,3.1980000000000004,3.219,2.942,3.111,3.133,2.947,3.1369999999999996,2.7350000000000003,3.165,3.045,3.0300000000000002,3.021,3.285,3.279,3.5119999999999996,3.2030000000000003,3.079,3.284,3.282,3.496,3.119,2.991,3.195,3.367,3.097,3.407,3.1260000000000003,3.5080000000000005,3.1959999999999997,3.464,3.589,3.019,2.9970000000000003,3.05,3.7290000000000005,3.311,3.5149999999999997,3.132,3.0510000000000006,3.239,3.224,4.08,3.171,2.56,2.5769999999999995,4.016,2.532,3.7310000000000003,3.002,3.102,3.075,4.053,3.4299999999999997,4.036,2.7510000000000003,3.5519999999999996,2.81,3.2329999999999997,3.71,3.3659999999999997,2.604,3.28,2.768,4.004,2.729,2.54,4.056,3.536,2.571,2.735,2.963,2.7350000000000003,4.032,0.05099999999999999,0.7939999999999999,2.606,2.8869999999999996,3.082,2.6340000000000003,3.969,3.257,2.756,3.228,2.5930000000000004,2.549,2.757
13,2.173,2.353,1.938,2.276,2.1590000000000003,2.152,2.242,2.073,2.26,2.1700000000000004,2.122,2.192,1.855,2.319,1.9449999999999998,1.996,2.15,2.246,2.311,2.471,2.245,1.9810000000000003,1.941,2.292,2.534,2.261,1.9650000000000003,2.288,2.353,2.208,2.3480000000000003,2.032,2.431,2.279,2.11,2.2529999999999997,2.1710000000000003,2.02,2.0130000000000003,2.154,2.228,2.35,2.27,2.2620000000000005,2.171,2.2359999999999998,1.164,2.3259999999999996,1.536,1.9269999999999996,2.208,1.56,1.2109999999999999,1.704,1.56,1.251,1.611,1.258,1.34,2.1130000000000004,2.105,2.2269999999999994,2.2159999999999997,1.888,1.393,1.7550000000000001,1.5010000000000001,1.6039999999999999,1.302,2.195,1.5159999999999998,1.2319999999999998,1.1640000000000001,1.4789999999999999,2.0200000000000005,2.07,1.9739999999999998,1.207,0.042,0.784,2.113,2.3339999999999996,2.084,1.6350000000000002,1.185,2.274,1.3599999999999999,1.7340000000000004,1.1150000000000002,1.9189999999999998,2.173
14,2.6849999999999996,3.251,2.4240000000000004,3.0029999999999997,2.708,2.8449999999999998,2.881,2.5420000000000003,2.9,2.7589999999999995,2.626,2.625,2.3,2.8899999999999997,2.5239999999999996,2.5769999999999995,2.5580000000000003,3.0829999999999997,3.097,3.2960000000000003,3.144,2.671,3.107,3.073,3.3260000000000005,2.8419999999999996,2.4579999999999997,2.835,3.024,2.888,3.2670000000000003,2.8879999999999995,3.2920000000000003,2.73,3.558,3.2659999999999996,2.659,2.5909999999999997,2.464,3.5509999999999997,3.1149999999999998,3.457,2.971,2.777,2.7520000000000002,2.9570000000000003,3.868,3.0340000000000003,1.843,2.379,3.195,1.8510000000000002,3.8980000000000006,2.9050000000000002,2.871,3.2590000000000003,3.8929999999999993,3.933,3.928,2.536,3.01,2.5900000000000007,3.1610000000000005,3.819,2.683,2.197,3.005,3.284,3.9519999999999995,2.5940000000000003,1.9170000000000003,3.864,3.868,1.746,2.57,2.964,2.565,3.8899999999999992,0.066,0.798,2.442,2.6590000000000003,2.83,1.97,3.9229999999999996,2.878,2.5770000000000004,2.8359999999999994,2.3920000000000003,2.03,2.511
15,2.7119999999999997,3.47,2.243,3.099,2.863,2.824,2.873,2.402,2.707,2.84,2.6639999999999997,2.832,2.1799999999999997,2.9459999999999997,2.5420000000000003,2.683,2.507,3.2120000000000006,3.3009999999999997,3.6150000000000007,3.117,2.506,3.45,3.073,3.6310000000000002,3.114,2.4730000000000003,2.779,3.255,2.82,3.3980000000000006,2.829,3.54,2.8950000000000005,3.659,3.5449999999999995,2.6350000000000002,2.592,2.663,3.7989999999999995,3.178,3.563,3.145,2.9370000000000003,2.945,2.96,4.332000000000001,2.923,1.796,2.292,4.37,1.779,4.140000000000001,2.882,3.084,3.189,4.297,4.380000000000001,4.264,2.4829999999999997,3.6690000000000005,2.2529999999999997,3.197,4.032000000000001,2.68,2.1830000000000003,3.099,3.2590000000000003,4.293,2.54,1.7899999999999998,4.368,4.232,1.65,2.5060000000000002,2.952,2.523,4.199,0.036,0.755,2.44,2.638,2.476,1.843,4.221,2.937,2.574,3.6390000000000002,2.479,2.043,2.48
16,2.773,2.9099999999999997,2.4840000000000004,2.87,2.641,2.6670000000000003,2.782,2.485,2.729,2.6790000000000003,2.5940000000000003,2.69,2.3009999999999997,2.68,2.5180000000000002,2.572,2.53,2.835,2.811,3.0090000000000003,2.8,2.65,2.9899999999999998,2.825,3.0100000000000002,2.732,2.5149999999999997,2.7050000000000005,2.915,2.774,2.971,2.5260000000000002,2.976,2.7049999999999996,3.0069999999999997,2.962,2.548,2.572,2.6599999999999997,3.178,2.821,3.1350000000000002,2.823,2.694,2.8489999999999993,2.803,3.1159999999999997,2.8340000000000005,2.101,2.289,3.2119999999999997,2.0789999999999997,3.194,2.875,2.664,3.02,3.246,3.117,3.18,2.488,2.824,2.524,3.0970000000000004,3.173,2.52,2.284,2.564,2.497,3.187,2.4579999999999997,2.1420000000000003,3.148,2.7199999999999998,2.0789999999999997,2.492,2.793,2.539,3.181,0.051000000000000004,0.774,2.4549999999999996,2.68,2.62,2.2019999999999995,3.2010000000000005,2.911,2.6119999999999997,2.773,2.54,2.196,2.531
17,1.492,1.315,1.537,1.641,1.5589999999999997,1.671,1.7329999999999999,1.592,1.653,1.544,1.7259999999999998,1.7200000000000002,1.52,1.5210000000000001,1.5779999999999998,1.5419999999999998,1.675,1.798,1.524,1.571,1.5879999999999999,1.474,1.6010000000000002,1.732,1.876,1.69,1.5239999999999998,1.6190000000000002,1.7169999999999999,1.703,1.7730000000000001,1.519,1.641,1.6649999999999998,1.682,1.8379999999999999,1.613,1.5829999999999997,1.625,1.5050000000000001,1.6420000000000001,1.65,1.6329999999999998,1.786,1.718,1.5420000000000003,1.0959999999999999,1.7149999999999999,1.382,1.626,1.636,1.296,1.103,1.061,1.2550000000000001,1.027,1.0979999999999999,1.043,1.112,1.109,1.613,1.0930000000000002,1.1150000000000002,1.3479999999999999,1.279,1.491,1.2650000000000001,1.0909999999999997,1.081,1.11,1.3909999999999998,1.0919999999999999,1.0639999999999998,1.3559999999999999,1.0870000000000002,1.1029999999999998,1.113,1.061,0.009,0.742,1.119,1.6979999999999997,1.441,1.281,1.065,1.6989999999999998,1.051,1.318,1.0539999999999998,1.2369999999999997,1.176
18,1.8969999999999998,2.523,1.3690000000000002,2.281,1.8539999999999999,2.004,2.051,1.793,1.987,2.096,1.911,2.054,1.544,2.111,1.6270000000000002,1.496,1.826,2.219,2.176,2.5940000000000003,2.212,1.5539999999999998,2.347,2.12,2.5189999999999997,2.1090000000000004,1.6420000000000001,2.025,2.383,2.165,2.274,1.7880000000000003,2.621,2.0919999999999996,2.516,2.36,1.943,1.857,1.7439999999999998,2.5700000000000003,2.2329999999999997,2.268,2.084,2.125,2.2350000000000003,2.2020000000000004,2.892,1.989,0.9879999999999999,1.653,2.575,0.9570000000000001,2.575,2.4899999999999998,1.861,2.693,2.503,2.893,3.044,1.8699999999999999,2.1950000000000003,1.8969999999999998,2.8089999999999997,2.756,1.8219999999999998,1.4689999999999999,1.421,2.1149999999999998,3.0620000000000003,1.9270000000000003,1.231,3.012,3.0,0.9389999999999998,1.9309999999999998,2.2600000000000002,1.8579999999999999,3.0269999999999997,0.024,0.744,2.1029999999999998,2.1919999999999997,1.6039999999999999,1.061,2.9749999999999996,2.1119999999999997,2.9810000000000003,2.002,2.192,1.7189999999999999,1.8079999999999998
19,1.085,1.472,0.975,1.344,1.16,1.1880000000000002,1.249,1.158,1.322,1.171,1.1969999999999998,1.179,1.027,1.316,1.166,1.0,1.1489999999999998,1.3809999999999998,1.314,1.4170000000000003,1.241,1.0299999999999998,1.4689999999999999,1.2690000000000001,1.371,1.29,1.041,1.212,1.3470000000000002,1.386,1.288,1.141,1.3590000000000002,1.244,1.532,1.323,1.2559999999999998,1.116,1.068,1.379,1.234,1.378,1.3439999999999999,1.2879999999999998,1.36,1.356,1.032,1.241,0.9339999999999999,1.101,1.123,0.8460000000000001,1.089,1.1680000000000001,0.9800000000000001,1.053,1.153,1.106,1.04,1.0699999999999998,0.993,1.061,1.084,1.238,0.932,0.909,0.991,1.126,1.104,1.1280000000000001,1.016,1.084,1.072,0.825,1.2639999999999998,1.1199999999999999,1.0829999999999997,1.075,0.033,0.744,1.091,1.4300000000000002,1.265,0.958,1.067,1.2810000000000001,1.0299999999999998,1.2149999999999999,1.0939999999999999,1.076,1.23
20,2.022,2.662,1.6790000000000003,2.5469999999999997,1.9629999999999999,2.2649999999999997,2.321,1.918,2.346,2.197,2.097,2.188,1.7429999999999999,2.1450000000000005,1.7040000000000002,1.6669999999999998,1.9799999999999998,2.628,2.227,2.806,2.2939999999999996,1.847,2.5729999999999995,2.396,2.8249999999999997,2.4270000000000005,1.6,2.226,2.613,2.268,2.6399999999999997,1.892,2.732,2.127,2.7279999999999998,2.525,2.185,1.955,1.971,2.8280000000000003,2.4610000000000003,2.5999999999999996,2.5170000000000003,2.3310000000000004,2.327,2.441,3.2119999999999997,2.175,0.897,2.006,2.239,0.8939999999999999,3.175,2.7489999999999997,1.7710000000000001,3.029,2.857,3.2049999999999996,3.048,2.071,1.8480000000000003,2.369,2.2990000000000004,3.133,1.953,1.5899999999999999,2.248,2.509,3.0699999999999994,2.329,1.3080000000000003,3.128,3.1239999999999997,0.966,2.325,2.819,2.326,2.6049999999999995,0.045,0.737,2.328,2.356,2.009,1.097,3.1310000000000002,2.161,3.007,2.0810000000000004,2.598,1.9170000000000003,2.084
21,2.7510000000000003,3.572,2.4040000000000004,2.955,2.794,2.7030000000000003,2.9400000000000004,2.3590000000000004,2.7739999999999996,2.8739999999999997,2.6100000000000003,2.8160000000000003,2.219,2.8210000000000006,2.491,2.6109999999999998,2.4899999999999993,3.3590000000000004,3.2939999999999996,3.5200000000000005,3.027,2.463,3.2969999999999997,3.173,3.7969999999999997,2.8869999999999996,2.81,2.7209999999999996,3.285,2.9680000000000004,3.493,2.754,3.561,2.856,3.715,3.617,2.629,2.633,2.582,3.96,3.066,3.661,2.978,2.873,3.029,3.071,4.392,3.0469999999999997,1.8370000000000002,2.211,4.175000000000001,1.8030000000000002,4.148999999999999,2.947,2.976,3.224,4.265,4.331,4.4239999999999995,2.501,3.839,2.571,3.2339999999999995,4.175,2.8559999999999994,2.052,3.408,2.9319999999999995,4.402,2.5380000000000003,1.8820000000000001,4.376,4.248,1.8329999999999997,2.5330000000000004,2.897,2.559,4.352,0.036,0.7709999999999999,2.4130000000000003,2.612,2.449,1.8940000000000001,4.367,2.942,2.5759999999999996,2.534,2.402,2.123,2.541
22,1.56,1.8799999999999997,1.27,1.8590000000000004,1.6060000000000003,1.6649999999999998,1.7169999999999999,1.434,1.6369999999999998,1.6369999999999998,1.576,1.7719999999999998,1.389,1.526,1.482,1.295,1.5900000000000003,1.8160000000000003,1.737,2.129,1.7079999999999997,1.3969999999999998,2.027,1.8,1.7779999999999998,1.636,1.424,1.7100000000000002,1.909,1.8530000000000002,1.855,1.511,1.9489999999999998,1.7810000000000001,1.9270000000000003,1.85,1.782,1.406,1.434,1.925,1.6580000000000001,1.691,1.777,1.927,1.786,1.7770000000000004,1.2079999999999997,1.719,1.042,1.409,1.863,1.02,1.573,1.6949999999999998,1.355,1.766,1.5479999999999998,1.9769999999999999,1.48,1.557,1.4440000000000002,1.3770000000000002,1.2750000000000001,1.9440000000000002,1.4600000000000002,1.298,1.252,1.4579999999999997,1.614,1.1860000000000002,1.1380000000000001,1.56,1.9040000000000004,0.909,1.403,1.341,1.175,1.614,0.020999999999999998,0.733,1.39,1.957,1.467,1.0739999999999998,1.6549999999999998,1.7810000000000001,1.9949999999999999,1.374,1.672,1.258,1.125
23,1.9,2.489,1.508,2.312,2.019,1.987,1.9919999999999998,1.6620000000000001,1.9970000000000003,1.9920000000000002,1.8530000000000002,1.948,1.6620000000000001,2.1270000000000002,1.778,1.7130000000000003,1.86,2.3720000000000003,2.1849999999999996,2.6390000000000002,2.081,1.7129999999999999,2.295,2.071,2.278,1.92,1.702,2.036,2.271,2.05,2.222,1.9130000000000003,2.3040000000000003,2.1439999999999997,2.5860000000000003,2.107,1.922,1.818,1.8520000000000003,2.602,2.087,2.472,2.2439999999999998,2.074,2.345,2.1710000000000003,2.32,2.066,1.311,1.847,2.482,1.326,2.097,2.5700000000000003,2.034,2.097,2.505,2.5740000000000003,2.3760000000000003,1.9760000000000002,1.937,1.9649999999999999,2.8329999999999997,2.625,2.332,1.693,2.0799999999999996,2.4330000000000003,2.7030000000000003,2.116,1.412,2.956,2.9,1.341,2.013,2.422,2.2039999999999997,2.4,0.027000000000000003,0.757,1.9139999999999997,2.249,1.6069999999999998,1.3530000000000002,2.263,2.051,2.617,2.5170000000000003,2.5829999999999997,1.847,1.966
24,1.0589999999999997,1.5150000000000001,0.906,1.41,1.1480000000000001,1.369,1.4669999999999999,1.0539999999999998,1.425,1.279,1.268,1.343,1.0210000000000001,1.3989999999999998,1.0909999999999997,1.041,1.24,1.6960000000000002,1.4540000000000002,1.786,1.2799999999999998,0.897,1.4579999999999997,1.573,1.638,1.3,1.091,1.314,1.582,1.6179999999999999,1.52,1.1600000000000001,1.411,1.4389999999999998,1.267,1.467,1.232,1.145,1.175,2.039,1.231,1.45,1.4460000000000002,1.4649999999999999,1.6219999999999999,1.314,1.584,1.453,0.624,1.0879999999999999,1.0330000000000001,0.5040000000000001,1.1900000000000002,1.1099999999999999,1.294,1.623,1.3820000000000001,2.203,2.068,1.2570000000000001,0.79,1.376,1.6199999999999999,1.922,1.37,0.9800000000000001,1.312,1.259,1.596,1.3269999999999997,0.8019999999999999,1.8359999999999999,1.7719999999999998,0.4680000000000001,1.251,1.3359999999999999,1.3719999999999999,1.886,0.009,0.72,1.1789999999999998,1.6969999999999998,1.174,0.613,1.8150000000000002,1.3780000000000001,1.831,1.3350000000000002,2.257,1.149,1.269
25,2.116,2.5170000000000003,1.842,2.414,2.082,2.217,2.243,1.891,2.2150000000000003,2.2329999999999997,2.0100000000000002,2.295,1.844,2.271,2.002,1.754,1.9769999999999999,2.535,2.309,2.7249999999999996,2.177,2.0170000000000003,2.561,2.46,2.7049999999999996,2.287,1.884,2.181,2.54,2.031,2.6420000000000003,2.0200000000000005,2.3739999999999997,2.3899999999999997,2.634,2.652,2.1540000000000004,2.019,1.996,2.8279999999999994,2.3649999999999998,2.806,2.337,2.2169999999999996,2.191,2.3470000000000004,3.232,2.2809999999999997,1.674,1.8699999999999999,2.8200000000000003,1.548,2.7560000000000002,2.653,2.3169999999999997,2.7,3.195,3.086,3.284,2.006,2.142,2.109,2.571,3.1980000000000004,2.6759999999999997,1.718,2.563,2.5349999999999997,2.796,2.227,1.565,3.188,3.232,1.56,1.809,2.72,2.196,3.321,0.024,0.7449999999999999,1.8050000000000002,2.263,2.157,1.5610000000000002,3.2409999999999997,2.2960000000000003,2.977,2.4170000000000003,2.503,1.723,1.6510000000000002
26,2.918,3.405,2.586,3.0509999999999997,2.901,2.776,2.968,2.591,2.8440000000000003,2.896,2.4989999999999997,2.843,2.311,2.97,2.678,2.598,2.535,3.129,3.157,3.601,3.13,2.335,3.274,3.1120000000000005,3.4410000000000003,2.999,2.623,2.7819999999999996,3.247,2.8849999999999993,3.2939999999999996,2.7110000000000003,3.397,2.92,3.5620000000000003,3.431,2.625,2.644,2.7369999999999997,3.7479999999999998,3.275,3.5520000000000005,3.119,2.944,2.915,2.9,4.295999999999999,2.912,1.889,2.4080000000000004,4.1240000000000006,1.938,4.318,3.029,3.189,2.746,4.259,4.144,4.18,2.635,3.3549999999999995,2.656,3.2670000000000003,4.256,3.2439999999999998,2.207,3.226,3.3269999999999995,4.232,2.607,1.9420000000000002,4.336,4.247999999999999,1.8059999999999998,2.633,2.914,2.651,4.1899999999999995,0.063,0.787,2.44,2.6420000000000003,2.7060000000000004,1.986,4.175000000000001,2.891,2.638,3.318,3.2640000000000002,2.0970000000000004,2.678
27,2.228,2.793,2.084,2.489,2.289,2.306,2.466,2.0679999999999996,2.3920000000000003,2.386,2.278,2.348,1.9999999999999996,2.343,2.04,2.1340000000000003,2.185,2.624,2.35,2.8020000000000005,2.3310000000000004,2.251,2.55,2.346,2.714,2.371,2.222,2.2700000000000005,2.596,2.458,2.499,2.3440000000000003,2.7920000000000003,2.3890000000000002,2.743,2.4859999999999998,2.331,2.2049999999999996,2.168,2.7880000000000003,2.548,2.701,2.386,2.374,2.3280000000000003,2.3970000000000002,3.284,2.407,1.798,2.22,2.7720000000000002,1.7489999999999999,3.2689999999999997,2.664,2.505,2.9330000000000003,3.2600000000000002,3.2,3.2439999999999998,2.371,2.378,2.317,2.999,3.177,2.6350000000000002,2.0970000000000004,2.629,2.678,3.2739999999999996,2.257,1.828,2.86,3.252,1.782,2.313,2.7009999999999996,2.2960000000000003,3.344,0.039,0.788,2.3299999999999996,2.344,2.0869999999999997,1.8119999999999998,3.215,2.307,3.084,2.412,2.847,1.919,2.2800000000000002
28,1.7259999999999998,2.059,1.4620000000000002,1.879,1.61,1.7760000000000002,1.7710000000000001,1.506,1.759,1.7570000000000001,1.706,1.7720000000000002,1.442,1.863,1.629,1.4100000000000001,1.6,1.957,1.733,2.1570000000000005,1.653,1.4999999999999998,1.8189999999999997,1.8210000000000002,1.8620000000000005,1.7449999999999999,1.517,1.7260000000000002,1.793,1.7879999999999998,1.8350000000000002,1.6350000000000002,2.1100000000000003,1.796,1.9989999999999999,1.834,1.7209999999999996,1.5539999999999998,1.7419999999999998,1.987,1.704,2.126,1.815,1.671,1.905,1.767,2.152,1.7600000000000002,1.2129999999999999,1.459,2.114,1.149,2.332,2.133,1.7269999999999999,2.0700000000000003,2.2990000000000004,2.393,2.34,1.54,1.795,1.777,1.7550000000000001,2.225,1.8670000000000002,1.4300000000000002,1.884,2.266,2.05,1.7429999999999999,1.285,2.256,2.224,1.143,1.6330000000000002,2.21,1.904,2.1529999999999996,0.03,0.742,2.112,2.0210000000000004,1.438,1.1600000000000001,1.911,1.6490000000000002,1.908,1.8880000000000003,2.268,1.5550000000000002,1.764
29,2.089,2.192,1.9240000000000002,2.277,2.133,2.192,2.184,1.988,2.1470000000000002,2.089,2.188,2.207,1.9669999999999999,2.123,1.9880000000000002,2.125,2.064,2.308,2.2399999999999998,2.346,2.258,1.918,2.278,2.295,2.378,1.986,2.0149999999999997,2.1079999999999997,2.278,2.176,2.3020000000000005,2.13,2.2809999999999997,2.177,2.387,2.2920000000000003,2.075,2.064,2.092,2.128,2.0759999999999996,2.316,2.169,2.21,2.251,2.218,2.092,2.265,1.7760000000000002,2.039,2.4539999999999997,1.746,1.9420000000000002,2.028,1.938,1.923,2.303,2.1060000000000003,1.6919999999999997,2.218,2.101,2.0,2.3899999999999997,2.114,1.9189999999999998,1.9369999999999998,2.028,1.832,2.124,2.0759999999999996,1.8229999999999997,1.7080000000000002,1.876,1.722,2.0029999999999997,2.041,2.2969999999999997,1.8170000000000002,0.041999999999999996,0.76,2.163,2.2339999999999995,1.954,1.847,2.209,2.28,2.382,2.021,2.2920000000000003,1.941,2.2700000000000005
30,1.4849999999999999,2.178,1.116,1.968,1.518,1.6300000000000001,1.67,1.316,1.779,1.5719999999999998,1.4330000000000003,1.5539999999999998,1.2970000000000002,1.8329999999999997,1.2970000000000002,1.2579999999999998,1.361,2.098,1.8939999999999997,2.328,1.6599999999999997,1.1880000000000002,2.21,1.8670000000000002,2.445,1.637,1.264,1.734,2.105,1.777,1.991,1.432,2.289,1.657,2.33,2.0940000000000003,1.55,1.5020000000000002,1.3390000000000002,2.66,1.8549999999999998,2.3449999999999998,1.6989999999999998,1.9259999999999997,1.9689999999999999,1.8920000000000001,3.664,1.8030000000000002,0.9960000000000001,1.268,2.748,0.8640000000000001,3.568,2.536,2.1819999999999995,2.7079999999999997,3.6120000000000005,3.367,3.1159999999999997,1.575,1.2810000000000001,1.9260000000000002,3.019,3.5760000000000005,2.551,1.198,2.585,2.8779999999999997,3.04,2.133,1.052,3.66,3.732,0.8400000000000001,1.721,2.7439999999999998,1.502,3.5759999999999996,0.036,0.744,1.983,2.031,1.3139999999999998,0.954,3.6310000000000002,1.6,2.7329999999999997,2.332,3.2169999999999996,1.432,2.0109999999999997
31,2.298,2.966,2.1300000000000003,2.8329999999999997,2.349,2.487,2.7030000000000003,2.182,2.509,2.6830000000000003,2.327,2.441,1.871,2.742,2.0629999999999997,2.1439999999999997,2.381,2.989,2.7880000000000003,3.101,2.7520000000000002,2.199,3.066,2.6580000000000004,3.1950000000000003,2.7049999999999996,2.2310000000000003,2.354,2.895,2.565,3.1420000000000003,2.216,3.155,2.481,3.3989999999999996,3.174,2.335,2.239,2.225,3.3940000000000006,2.8299999999999996,3.346,2.7169999999999996,2.569,2.634,2.6310000000000002,4.208,2.623,1.5559999999999998,2.221,3.251,1.413,4.071,2.918,2.6699999999999995,3.181,4.072,4.02,4.164,2.373,2.5509999999999997,2.483,3.2359999999999998,4.042,2.968,1.861,2.97,3.152,4.158,2.4669999999999996,1.598,4.156000000000001,4.092,1.512,2.445,2.9219999999999997,2.429,4.1899999999999995,0.032999999999999995,0.7649999999999999,2.3440000000000003,2.433,2.082,1.464,4.098999999999999,2.554,2.566,3.883,2.687,1.9669999999999999,2.4530000000000003
32,1.2630000000000001,1.472,1.121,1.274,1.2180000000000002,1.426,1.359,1.186,1.4689999999999999,1.3989999999999998,1.391,1.3860000000000001,1.1380000000000001,1.376,1.207,1.125,1.241,1.4860000000000002,1.306,1.334,1.402,1.111,1.4889999999999999,1.3290000000000002,1.2260000000000002,1.299,1.1469999999999998,1.2970000000000002,1.52,1.526,1.4040000000000001,1.23,1.432,1.3570000000000002,1.4469999999999998,1.407,1.356,1.197,1.205,1.436,1.227,1.375,1.3960000000000001,1.4940000000000002,1.4709999999999999,1.293,1.1,1.3599999999999999,0.974,1.174,1.124,0.8039999999999999,1.106,1.085,0.9969999999999999,1.059,1.071,1.079,1.0479999999999998,1.0849999999999997,1.146,1.152,1.036,1.225,1.057,1.022,1.0070000000000001,1.109,1.12,1.0230000000000001,1.0210000000000001,1.084,1.064,0.837,1.236,1.053,1.122,1.108,0.024,0.722,1.12,1.519,1.156,0.984,1.077,1.37,1.108,1.137,1.084,1.175,1.122
33,2.098,2.6209999999999996,1.832,2.4879999999999995,2.181,2.2560000000000002,2.332,1.8719999999999999,2.243,2.191,2.1149999999999998,2.303,1.7959999999999998,2.229,2.065,1.95,1.9849999999999999,2.58,2.4219999999999997,2.6740000000000004,2.407,2.0010000000000003,2.491,2.239,2.609,2.1550000000000002,2.0300000000000002,2.1590000000000003,2.4810000000000003,2.3970000000000002,2.462,2.131,2.662,2.184,2.4590000000000005,2.565,2.143,1.975,2.032,2.831,2.428,2.632,2.3299999999999996,2.105,2.335,2.371,2.908,2.1990000000000003,1.492,1.903,2.374,1.428,2.556,2.661,2.161,2.538,2.7310000000000003,2.79,2.6999999999999997,2.2560000000000002,2.233,2.2969999999999997,2.9730000000000003,2.928,2.218,1.672,1.9829999999999999,2.267,2.9080000000000004,1.9869999999999997,1.5699999999999998,2.916,2.924,1.494,2.103,1.629,2.306,2.752,0.041999999999999996,0.768,1.7400000000000002,2.3649999999999998,1.969,1.5230000000000001,3.023,2.297,3.0130000000000003,2.819,2.657,1.689,2.102
34,1.233,1.589,0.921,1.37,1.3030000000000002,1.435,1.564,1.169,1.442,1.392,1.322,1.535,1.139,1.2799999999999998,0.9480000000000001,1.009,1.302,1.5719999999999998,1.5510000000000002,1.8170000000000002,1.453,0.96,1.6920000000000002,1.456,1.262,1.4790000000000003,0.982,1.373,1.809,1.5270000000000001,1.5699999999999998,1.134,1.6320000000000001,1.579,1.4629999999999999,1.6,1.359,1.0909999999999997,1.218,1.5630000000000002,1.2650000000000001,1.8,1.4869999999999999,1.6149999999999998,1.597,1.5139999999999998,1.1239999999999999,1.5310000000000001,0.6869999999999999,0.7649999999999999,1.416,0.573,1.15,1.093,0.861,1.054,1.057,1.0659999999999998,1.168,1.2850000000000001,1.143,1.113,1.135,1.374,1.05,1.0,1.069,1.097,1.1329999999999998,1.215,1.0050000000000001,1.2959999999999998,1.208,0.546,1.1069999999999998,1.074,1.1039999999999999,1.262,0.020999999999999998,0.7579999999999998,1.172,1.8359999999999999,1.136,0.7030000000000001,1.1869999999999998,1.5279999999999998,1.135,1.1099999999999999,1.085,1.4309999999999998,1.0959999999999999
35,1.5879999999999999,2.12,1.074,2.091,1.4760000000000002,1.8329999999999997,1.8690000000000002,1.242,1.9,1.796,1.5669999999999997,1.81,1.0739999999999998,1.723,1.306,1.105,1.4969999999999999,2.128,1.83,2.443,1.7049999999999996,1.082,2.1350000000000002,2.0119999999999996,2.252,1.6420000000000001,1.221,1.871,2.189,1.8720000000000003,2.069,1.3439999999999999,2.372,1.75,2.125,1.736,1.6969999999999998,1.374,1.4020000000000001,2.298,1.9229999999999996,2.184,1.8960000000000001,1.797,2.0439999999999996,1.8939999999999997,2.928,1.8960000000000001,0.665,1.1400000000000001,1.7120000000000002,0.49800000000000005,1.8820000000000001,2.244,1.443,1.8689999999999998,2.102,2.278,2.2279999999999998,1.9489999999999998,1.2419999999999998,2.0589999999999997,2.2439999999999998,2.715,2.525,1.041,1.9770000000000003,2.34,1.8,1.889,0.917,2.408,2.408,0.44699999999999995,1.8439999999999999,2.0900000000000003,2.009,2.5449999999999995,0.027000000000000003,0.768,1.9259999999999997,2.048,1.317,0.626,2.383,1.7900000000000003,2.588,1.7109999999999999,2.414,1.3519999999999999,1.812
36,2.427,2.681,2.2840000000000003,2.676,2.34,2.442,2.554,2.312,2.556,2.55,2.307,2.4869999999999997,2.2090000000000005,2.491,2.3240000000000003,2.3899999999999997,2.4579999999999997,2.448,2.623,2.8609999999999998,2.46,2.374,2.6069999999999998,2.557,2.612,2.529,2.3850000000000002,2.441,2.726,2.5100000000000002,2.7649999999999997,2.47,2.731,2.538,2.7989999999999995,2.6719999999999997,2.4140000000000006,2.3169999999999997,2.322,2.9189999999999996,2.6559999999999997,2.8009999999999997,2.539,2.468,2.592,2.4709999999999996,3.0,2.5220000000000002,2.104,2.133,2.903,2.028,3.109,2.553,2.5309999999999997,2.9530000000000003,2.7629999999999995,2.651,2.676,2.109,2.632,1.9120000000000001,2.988,2.9240000000000004,3.0690000000000004,2.0989999999999998,2.374,2.8339999999999996,3.026,2.1870000000000003,2.0490000000000004,2.7079999999999997,3.2159999999999997,1.98,2.133,2.5919999999999996,1.97,2.5119999999999996,0.03899999999999999,0.7769999999999999,2.362,2.508,2.4389999999999996,2.106,2.7510000000000003,2.6279999999999997,3.121,2.321,2.5730000000000004,2.178,2.316
37,2.717,3.041,2.3209999999999997,2.9490000000000003,2.601,2.6450000000000005,2.842,2.3890000000000002,2.791,2.729,2.535,2.614,2.2119999999999997,2.7299999999999995,2.4359999999999995,2.507,2.467,3.018,2.8720000000000003,3.3009999999999997,2.8000000000000003,2.468,3.211,2.903,3.2550000000000003,2.784,2.464,2.67,3.054,2.754,3.1020000000000003,2.594,3.1719999999999997,2.825,3.3409999999999997,3.129,2.6369999999999996,2.5140000000000002,2.4939999999999998,3.4560000000000004,2.898,3.221,2.923,2.713,2.7329999999999997,2.896,3.728,2.6260000000000003,1.8219999999999998,2.279,3.314,1.752,3.684,2.856,2.787,3.2159999999999997,3.7290000000000005,3.6659999999999995,3.728,2.5060000000000002,2.891,2.5450000000000004,3.2,3.653,3.654,1.973,3.3810000000000002,3.258,3.8659999999999997,2.543,1.826,3.5119999999999996,3.8120000000000003,1.722,2.54,2.9029999999999996,2.518,3.7840000000000003,0.051000000000000004,0.783,2.4210000000000003,2.59,2.524,1.813,3.723,2.777,2.658,3.0,2.2,2.0100000000000002,2.5189999999999997
38,2.434,3.0149999999999997,2.272,2.8609999999999998,2.5460000000000003,2.786,2.6729999999999996,2.2950000000000004,2.739,2.71,2.451,2.5780000000000003,2.13,2.758,2.584,2.378,2.29,2.895,2.984,3.178,2.7510000000000003,2.462,3.129,2.902,3.08,2.6710000000000003,2.257,2.673,2.737,2.6720000000000006,3.129,2.6149999999999998,3.15,2.737,3.178,3.0119999999999996,2.607,2.444,2.463,3.2039999999999997,2.807,3.255,2.813,2.7,2.775,2.7489999999999997,3.0839999999999996,2.732,1.5470000000000002,2.037,3.055,1.3770000000000002,3.382,2.937,2.1799999999999997,2.967,3.44,3.077,3.084,2.411,3.1759999999999997,2.4019999999999997,2.757,3.029,2.499,2.009,2.975,2.535,3.336,2.3850000000000002,1.669,2.38,2.856,1.278,2.401,2.831,2.44,3.2950000000000004,0.045,0.752,2.378,2.609,2.526,1.559,3.531,2.781,2.767,2.426,2.533,2.0949999999999998,2.379
39,0.8590000000000002,1.2280000000000002,0.732,1.157,0.913,1.14,1.1019999999999999,0.9119999999999999,1.109,1.091,1.0230000000000001,1.1139999999999999,0.744,1.294,0.7859999999999999,0.7140000000000001,0.9229999999999998,1.275,1.1800000000000002,1.2040000000000002,1.1280000000000001,0.7,1.27,1.122,1.334,1.098,0.7929999999999999,1.158,1.232,1.218,1.125,0.889,1.2760000000000002,1.081,1.3130000000000002,1.173,1.034,0.891,0.959,1.218,0.9730000000000001,1.2360000000000002,1.117,1.217,1.122,1.1489999999999998,1.196,1.0239999999999998,0.594,0.53,0.799,0.402,1.3559999999999999,1.0939999999999999,0.783,1.2120000000000002,0.99,1.1700000000000002,1.136,1.0370000000000001,0.613,1.101,1.0470000000000002,1.23,1.0219999999999998,0.765,1.003,1.127,1.25,1.0230000000000001,0.653,1.108,1.06,0.372,1.0230000000000001,1.002,1.037,1.122,0.009,0.709,1.041,1.314,0.985,0.489,1.067,1.125,1.086,1.1179999999999999,1.199,1.017,1.0580000000000003
40,1.4940000000000002,2.719,1.54,2.3529999999999998,1.796,1.9810000000000003,1.9590000000000003,1.623,2.103,1.8590000000000004,1.848,2.0140000000000002,1.5210000000000001,2.2329999999999997,1.645,1.6330000000000002,1.791,2.582,2.178,2.979,1.9810000000000003,1.736,2.6079999999999997,2.1870000000000003,3.001,2.1100000000000003,1.44,1.8780000000000001,2.539,2.2660000000000005,2.415,1.8200000000000003,2.912,2.128,2.56,2.4430000000000005,1.986,1.7280000000000002,1.802,3.218,2.262,2.832,2.1450000000000005,2.259,2.214,2.293,3.912,2.067,1.0639999999999998,1.549,3.21,0.9869999999999999,3.7969999999999997,2.579,2.383,2.891,3.7650000000000006,3.8310000000000004,3.9840000000000004,2.1630000000000003,2.2649999999999997,2.1550000000000002,3.0140000000000002,3.842,3.9810000000000003,1.577,3.9130000000000003,3.978,4.016,1.973,1.2369999999999999,3.9279999999999995,3.992,1.0710000000000002,2.1740000000000004,2.678,2.1239999999999997,3.8609999999999998,0.024,0.733,2.147,2.3609999999999998,1.59,1.065,3.9169999999999994,2.125,2.1370000000000005,2.3850000000000002,3.029,1.7079999999999997,2.152
41,1.0559999999999998,1.7120000000000002,1.0079999999999998,1.411,1.293,1.3119999999999998,1.5350000000000001,1.057,1.527,1.2120000000000002,1.3820000000000001,1.501,1.0050000000000001,1.69,1.112,1.048,1.2150000000000003,1.75,1.438,1.643,1.47,0.966,1.426,1.452,1.5,1.2959999999999998,0.9970000000000001,1.451,1.531,1.5310000000000001,1.6149999999999998,1.126,1.545,1.497,1.565,1.614,1.3509999999999998,1.1709999999999998,1.1300000000000001,1.566,1.2870000000000001,1.6220000000000003,1.4129999999999998,1.402,1.435,1.4669999999999999,1.2520000000000002,1.3889999999999998,0.639,0.923,1.538,0.534,1.6780000000000002,1.1480000000000001,0.842,1.057,1.287,1.483,1.316,1.087,1.1079999999999999,1.09,1.256,1.575,1.594,1.0,1.0859999999999999,1.077,1.469,1.0390000000000001,0.96,1.496,1.112,0.585,1.009,1.103,1.1019999999999999,1.135,0.018,0.7369999999999999,1.059,1.737,1.051,0.5609999999999999,1.2189999999999999,1.4780000000000002,1.24,1.083,1.175,1.034,1.0770000000000002
42,1.955,2.4480000000000004,1.916,2.417,2.021,2.227,2.178,1.701,2.213,2.023,1.889,2.0100000000000002,1.797,2.145,1.8210000000000002,1.72,1.848,2.543,2.239,2.619,1.9969999999999999,1.8379999999999999,2.462,2.069,2.5260000000000002,2.142,1.6789999999999998,2.061,2.34,2.209,2.4490000000000003,1.922,2.541,2.195,2.4619999999999997,2.3209999999999997,1.989,1.858,1.843,2.622,2.1750000000000003,2.623,2.19,2.113,2.1159999999999997,2.1730000000000005,2.8280000000000003,2.035,1.4529999999999998,1.863,2.479,1.488,2.908,2.359,2.0740000000000003,2.7350000000000003,2.505,2.592,2.56,2.064,1.9440000000000002,1.886,2.515,2.963,2.001,1.7760000000000002,2.4850000000000003,2.4619999999999997,2.8139999999999996,1.4229999999999998,1.455,3.0200000000000005,2.748,1.371,2.049,2.3749999999999996,2.12,2.554,0.018,0.765,1.9439999999999997,2.2270000000000003,1.8190000000000002,1.407,2.4810000000000003,2.162,2.567,2.2359999999999998,2.871,1.8239999999999998,1.6299999999999997
43,2.165,2.279,2.0439999999999996,2.2769999999999997,2.1550000000000002,2.299,2.1719999999999997,2.0300000000000002,2.197,2.176,2.124,2.1659999999999995,2.021,2.2470000000000003,2.072,2.072,2.224,2.3009999999999997,2.27,2.113,2.1409999999999996,2.018,2.292,2.1740000000000004,2.28,2.277,2.104,2.229,2.436,2.265,2.2209999999999996,2.149,2.344,2.055,2.1450000000000005,2.367,2.153,2.1580000000000004,2.085,2.352,2.1189999999999998,2.147,2.213,2.376,2.286,2.27,1.596,2.1599999999999997,1.9220000000000002,2.1550000000000002,2.2279999999999998,1.923,1.6219999999999999,2.455,1.9550000000000005,1.791,1.455,1.78,1.5399999999999998,2.173,2.14,2.152,1.636,2.052,1.9610000000000003,2.06,1.936,1.797,1.598,2.253,1.943,1.908,1.568,1.923,2.125,2.181,2.428,1.7100000000000002,0.036,0.759,2.0350000000000006,2.238,2.124,1.939,1.361,2.197,2.064,2.3630000000000004,1.911,1.986,2.16
44,2.117,1.9460000000000002,1.9629999999999999,2.2700000000000005,2.016,2.098,2.1780000000000004,1.98,2.085,2.1450000000000005,2.0810000000000004,2.1030000000000006,1.8990000000000002,1.9609999999999999,2.072,2.0149999999999997,1.9740000000000002,2.3180000000000005,2.1500000000000004,2.09,2.0420000000000003,1.9289999999999998,2.2809999999999997,2.075,2.2470000000000003,2.176,1.905,2.1630000000000003,2.165,2.1510000000000002,2.2340000000000004,2.029,2.306,2.2,2.302,2.209,1.982,2.088,1.9899999999999998,1.677,2.0740000000000003,2.065,2.166,2.081,1.723,1.8169999999999997,2.04,2.0580000000000007,1.702,1.9759999999999998,2.102,1.677,1.686,1.77,1.7189999999999999,1.704,1.059,1.9380000000000002,2.1399999999999997,2.025,2.0460000000000003,2.198,2.4069999999999996,2.213,1.3119999999999998,1.7899999999999998,1.8800000000000001,2.101,2.2119999999999997,1.254,1.6940000000000002,2.0119999999999996,2.2600000000000002,1.7309999999999999,1.7280000000000002,2.098,1.6949999999999998,2.088,0.024,0.7859999999999999,1.9579999999999997,2.1790000000000003,1.941,1.777,1.6029999999999998,2.15,1.228,1.988,1.704,1.157,1.4540000000000002
45,1.996,2.505,1.672,2.318,2.0669999999999997,2.149,2.113,1.677,2.13,2.0889999999999995,1.9639999999999997,2.101,1.7489999999999999,2.156,1.762,1.85,1.9279999999999997,2.1569999999999996,2.1420000000000003,2.486,2.0260000000000002,1.8210000000000002,2.4370000000000003,2.226,2.279,2.042,1.825,2.1119999999999997,2.402,2.228,2.2920000000000003,2.0509999999999997,2.618,2.096,2.5490000000000004,2.3240000000000003,2.056,1.8659999999999997,1.924,2.599,2.183,2.5669999999999997,2.168,2.155,2.082,2.269,3.1759999999999997,2.1759999999999997,1.376,1.7239999999999998,2.6189999999999998,1.386,2.4850000000000003,2.437,2.234,2.438,2.596,2.738,3.272,1.8419999999999999,1.9929999999999999,2.142,2.871,2.9219999999999997,2.722,1.629,2.433,2.1260000000000003,2.95,1.967,1.483,3.108,3.036,1.233,2.125,2.4210000000000003,1.775,2.7640000000000002,0.027000000000000003,0.792,2.191,2.361,1.793,1.457,1.701,2.159,1.797,2.3169999999999997,2.6109999999999998,1.7259999999999998,1.9739999999999998
46,0.325,0.688,0.179,0.9149999999999998,0.43500000000000005,0.48200000000000004,0.6210000000000001,0.383,0.6900000000000001,0.5029999999999999,0.514,0.583,0.22999999999999998,0.959,0.28300000000000003,0.16699999999999998,0.471,0.976,0.527,0.992,0.44699999999999995,0.152,0.9480000000000001,0.67,0.8539999999999999,0.442,0.176,0.429,0.7120000000000001,0.7270000000000001,0.33399999999999996,0.198,0.975,0.523,0.969,0.518,0.5,0.318,0.4790000000000001,0.951,0.27199999999999996,0.937,0.5429999999999999,0.8510000000000002,0.74,0.45600000000000007,1.0,0.495,0.679,0.0,0.0,0.0,0.975,0.975,0.5,1.0,0.99,0.975,1.0,1.0,0.0,1.0,1.0,0.983,0.9949999999999999,0.255,0.9949999999999999,0.9949999999999999,0.005,0.9949999999999999,0.25,1.0,1.0,0.0,0.9949999999999999,0.9949999999999999,0.0,0.992,0.0,0.718,0.985,1.0,0.33,0.052000000000000005,0.9949999999999999,0.497,0.9949999999999999,0.985,0.99,0.99,0.99
47,2.0610000000000004,2.443,1.8679999999999999,2.504,2.028,2.2339999999999995,2.144,1.9300000000000002,2.29,2.22,2.053,2.205,1.866,2.171,1.859,2.003,1.9789999999999999,2.48,2.409,2.721,2.34,1.8869999999999998,2.524,2.311,2.5330000000000004,2.311,2.002,2.2520000000000002,2.435,2.18,2.3880000000000003,2.073,2.6149999999999998,2.364,2.581,2.446,2.1270000000000002,2.1109999999999998,2.042,2.824,2.397,2.6239999999999997,2.335,2.335,2.4479999999999995,2.221,3.02,2.3,1.5310000000000001,1.9289999999999998,2.721,1.4609999999999999,3.0799999999999996,2.5189999999999997,2.162,2.778,3.009,2.95,3.048,2.228,2.194,2.293,2.7920000000000003,3.0100000000000002,2.9269999999999996,1.7710000000000001,3.017,2.6090000000000004,2.9859999999999998,2.235,1.591,2.96,3.0159999999999996,1.512,2.2329999999999997,2.6049999999999995,2.289,3.0140000000000002,0.036,1.433,2.247,2.3200000000000003,2.0330000000000004,1.5150000000000001,3.0149999999999997,2.23,3.0479999999999996,2.5680000000000005,2.909,1.843,2.2529999999999997
48,3.8240000000000003,4.1370000000000005,3.693,3.935,3.896,3.6670000000000003,3.813,3.473,3.5909999999999997,3.8950000000000005,3.5550000000000006,3.7220000000000004,3.2600000000000002,3.8910000000000005,3.723,3.746,3.5509999999999997,3.907,4.243,4.0840000000000005,4.312,3.697,4.147,4.006,4.3740000000000006,3.7840000000000003,3.684,3.7630000000000003,3.978,3.721,4.191000000000001,3.9159999999999995,4.1240000000000006,3.8920000000000003,4.362,4.4350000000000005,3.534,3.7369999999999997,3.882,4.229,4.109,4.289,3.943,3.582,3.7069999999999994,3.9859999999999998,2.284,3.8810000000000002,2.9939999999999998,3.0,4.358,2.997,3.2380000000000004,3.0,4.0,2.669,2.5119999999999996,3.242,2.3080000000000003,2.981,4.703,2.8909999999999996,2.2760000000000002,2.746,2.338,2.997,2.318,2.994,2.312,2.999,2.997,2.2239999999999998,2.2199999999999998,3.0,2.998,3.0,3.0,2.5230000000000006,0.075,0.09,3.006,3.245,3.593,3.1130000000000004,3.0,3.8870000000000005,2.999,2.9739999999999998,3.0,3.0,2.999
49,2.62,3.4210000000000003,3.0429999999999993,2.962,2.7920000000000003,2.8449999999999998,2.9010000000000002,3.008,2.7590000000000003,3.05,3.0810000000000004,2.4859999999999998,3.192,3.077,2.754,2.7920000000000003,2.8890000000000002,3.066,3.003,3.571,2.7809999999999997,2.9659999999999997,3.2590000000000003,2.907,3.5379999999999994,3.04,2.693,2.6100000000000003,3.2689999999999997,2.809,3.353,2.696,3.4090000000000003,2.903,4.015,3.5200000000000005,3.0580000000000003,2.654,3.032,4.265000000000001,3.2089999999999996,3.7979999999999996,2.8729999999999998,2.6550000000000002,2.8760000000000003,3.104,5.0,2.854,3.0,3.0,4.96,3.0,4.93,3.0,3.9799999999999995,3.01,4.96,4.93,5.0,3.01,3.01,3.05,3.05,3.5119999999999996,4.97,3.0,4.97,2.995,5.0,3.0,3.0,5.0,5.0,3.0,3.0,3.0,3.0,5.0,0.075,0.11000000000000001,2.998,2.76,1.6800000000000002,2.8459999999999996,3.0,1.7169999999999999,3.0,3.01,3.0,3.0,3.0
50,0.442,2.544,0.465,1.8490000000000002,1.0659999999999998,1.394,1.53,0.55,1.498,1.2349999999999999,1.0550000000000002,1.4509999999999998,0.391,1.988,0.9800000000000001,0.27,0.817,2.4909999999999997,1.5050000000000001,3.1079999999999997,1.719,0.325,2.213,1.5670000000000002,3.2129999999999996,1.115,0.33899999999999997,1.2469999999999999,1.809,1.4989999999999999,1.368,1.036,3.0740000000000003,1.614,2.766,2.452,1.0879999999999999,0.8789999999999999,1.16,3.569,1.02,2.553,1.514,1.643,1.9520000000000004,1.284,5.0,1.301,0.303,0.035,2.0,0.03,4.845,3.04,2.47,2.625,4.92,4.845,5.0,1.855,2.03,1.905,2.62,4.8,4.97,0.9860000000000001,4.97,2.02,5.0,1.845,0.275,5.0,5.0,0.03,1.845,2.255,1.845,5.0,0.03,1.389,1.988,1.8670000000000002,0.36,0.094,4.895,1.395,2.995,1.855,4.895,1.57,1.845
51,1.8200000000000003,3.6229999999999998,3.2660000000000005,4.0760000000000005,4.036,3.832,3.8920000000000003,3.5819999999999994,3.726,4.048,3.6380000000000003,3.822,3.312,3.96,3.7659999999999996,3.814,3.614,4.136,4.362,4.436,4.404000000000001,3.7980000000000005,4.32,4.116,4.664,3.968,3.7079999999999997,3.8340000000000005,4.234,3.836,4.4239999999999995,4.058,4.464,4.048,4.618,4.668000000000001,3.6480000000000006,3.832,4.082,4.732000000000001,4.342,4.644,4.008,3.718,3.8819999999999992,4.076,5.0,4.026,3.002,3.0,4.98,3.0,4.95,3.0,4.0,3.01,4.98,4.95,5.0,3.01,4.99,3.05,3.05,3.8,4.99,3.0,4.99,4.0,5.0,3.0,3.0,5.0,5.0,3.0,3.0,3.0,3.0,5.0,0.075,0.09,3.004,3.1399999999999997,3.66,3.102,3.0,3.992,3.0,4.97,3.0,3.0,3.0
52,0.22999999999999998,0.8710000000000001,0.292,0.976,0.484,0.531,0.7059999999999998,0.458,0.7699999999999999,0.526,0.6079999999999999,0.742,0.391,1.0210000000000001,0.34299999999999997,0.29,0.534,1.058,0.6799999999999999,1.059,0.5349999999999999,0.294,0.943,0.807,1.04,0.6410000000000001,0.238,0.5040000000000001,0.757,0.842,0.44299999999999995,0.311,1.061,0.6910000000000001,1.0450000000000002,0.8619999999999999,0.549,0.404,0.477,1.001,0.382,0.9180000000000001,0.598,0.917,0.9109999999999999,0.705,1.1,0.555,0.5029999999999999,0.08,0.12,0.075,1.05,1.045,0.575,1.055,1.08,1.05,1.1,1.055,0.12,1.095,1.085,1.035,1.09,0.331,1.09,1.075,1.1,1.045,0.315,1.1,1.1,0.075,1.045,1.045,1.045,1.1,0.075,0.812,1.04,1.02,0.41,0.12,1.045,0.584,1.045,1.075,1.04,1.04,1.045
53,1.621,1.148,1.8389999999999997,1.121,1.8719999999999999,1.395,1.3699999999999999,1.879,1.263,1.423,1.6169999999999998,1.206,2.282,1.124,1.7549999999999997,1.9619999999999997,1.625,1.091,1.4949999999999999,1.1030000000000002,1.654,1.782,1.105,1.34,1.1,1.578,2.054,1.454,1.358,1.193,1.406,1.748,1.0899999999999999,1.6460000000000001,1.083,1.299,1.568,1.8810000000000002,1.652,1.079,1.7440000000000002,1.093,1.389,1.685,1.115,1.417,1.1,1.434,3.0,3.0,1.165,3.0,1.07,3.0,2.02,1.075,1.08,1.07,1.1,2.51,2.25,1.095,1.085,1.08,1.09,3.0,1.09,2.53,1.1,3.0,3.0,1.1,1.1,3.0,3.0,3.0,3.0,1.1,0.075,0.771,2.989,1.045,1.7100000000000002,2.803,3.0,1.4549999999999998,3.0,1.09,3.0,3.0,3.0
54,3.878,3.970999999999999,3.3880000000000003,3.109,2.1839999999999997,2.152,2.25,1.9849999999999999,2.1900000000000004,2.229,2.058,2.229,1.8170000000000002,2.4,2.026,1.999,2.0189999999999997,2.54,2.476,2.7199999999999998,2.511,2.011,2.605,2.354,2.7139999999999995,2.242,1.939,2.14,2.462,2.268,2.3920000000000003,2.165,2.6919999999999997,2.2760000000000002,2.811,2.668,2.066,2.037,2.31,2.853,2.338,2.817,2.3089999999999997,2.24,2.364,2.284,3.0,2.287,1.5,1.505,2.495,1.5,2.95,1.9950000000000003,2.0,2.005,2.98,2.95,3.0,2.005,2.495,2.045,2.035,2.305,2.99,1.6439999999999997,2.99,2.5,3.0,1.9950000000000003,1.625,3.0,3.0,1.5,1.9950000000000003,1.9950000000000003,1.9950000000000003,3.0,0.075,0.437,1.9899999999999998,1.7570000000000001,1.9950000000000003,1.5739999999999998,1.9950000000000003,2.244,1.9950000000000003,2.97,1.78,1.9899999999999998,1.9950000000000003
55,1.4000000000000001,0.9970000000000001,1.8699999999999999,0.8879999999999999,1.233,0.96,0.765,0.6859999999999999,0.9269999999999999,1.2469999999999999,1.033,0.796,1.5999999999999999,1.0259999999999998,1.4389999999999998,1.459,1.06,1.0070000000000001,0.983,1.003,0.9790000000000001,1.4940000000000002,0.906,0.967,0.9480000000000001,0.9099999999999999,1.4309999999999998,1.0079999999999998,0.8550000000000001,0.833,0.9629999999999999,1.2959999999999998,0.9890000000000001,0.898,1.009,0.954,0.9280000000000002,1.256,1.492,0.9470000000000001,1.206,1.012,0.8550000000000001,0.8859999999999999,0.9339999999999999,0.968,1.0,0.9030000000000001,1.114,2.985,1.375,2.985,1.055,1.05,2.005,1.0,1.025,1.055,1.0,1.0,1.5,1.0,1.0,0.9949999999999999,1.015,2.965,1.015,0.9949999999999999,1.015,1.01,2.985,1.0,1.0,2.985,1.01,1.01,2.985,0.993,0.06,0.075,2.953,1.0,0.365,2.6689999999999996,1.015,0.5290000000000001,1.01,1.005,2.985,2.985,2.985
56,0.166,0.8390000000000001,0.229,0.923,0.433,0.45899999999999996,0.6719999999999999,0.417,0.648,0.604,0.5349999999999999,0.613,0.263,0.876,0.303,0.207,0.466,1.0080000000000002,0.658,0.998,0.567,0.21000000000000002,0.898,0.655,0.9369999999999999,0.485,0.21400000000000002,0.465,0.709,0.7030000000000001,0.382,0.262,1.016,0.601,1.0219999999999998,0.757,0.5880000000000001,0.344,0.42000000000000004,1.04,0.34,0.9620000000000001,0.6549999999999999,0.9199999999999999,1.019,0.636,1.04,0.529,0.647,0.035,0.045,0.03,1.005,1.005,0.53,1.025,1.02,1.005,1.04,1.025,0.045,1.04,1.04,1.02,1.03,0.248,1.03,1.03,1.04,1.015,0.275,1.04,1.04,0.03,1.015,1.015,1.015,1.04,0.03,0.745,1.01,1.011,0.36,0.075,1.015,0.53,1.015,1.02,1.015,1.01,1.015
57,0.271,0.866,0.30300000000000005,0.9109999999999999,0.44800000000000006,0.608,0.782,0.465,0.7209999999999999,0.562,0.5879999999999999,0.692,0.46499999999999997,1.0130000000000001,0.333,0.225,0.542,1.073,0.608,1.0559999999999998,0.53,0.24099999999999996,0.842,0.6839999999999999,0.783,0.561,0.284,0.5200000000000001,0.7330000000000001,0.806,0.492,0.32,1.064,0.625,1.066,0.7630000000000001,0.666,0.4109999999999999,0.552,1.045,0.376,0.968,0.6819999999999999,0.885,0.8480000000000001,0.643,1.1,0.585,0.502,0.08,0.12,0.075,1.05,1.045,0.575,1.055,1.08,1.05,1.1,1.055,0.12,1.095,1.085,1.08,1.09,0.314,1.09,1.075,1.1,1.045,0.315,1.1,1.1,0.075,1.045,1.045,1.045,1.1,0.075,0.767,1.04,1.028,0.41,0.13,1.045,0.5820000000000001,1.045,1.075,1.04,1.04,1.045
58,0.128,0.7859999999999999,0.211,0.9280000000000002,0.365,0.445,0.5850000000000001,0.35300000000000004,0.5700000000000001,0.398,0.49800000000000005,0.631,0.24100000000000002,0.915,0.26799999999999996,0.184,0.45499999999999996,0.9719999999999999,0.489,0.99,0.488,0.144,0.8799999999999999,0.6559999999999999,0.733,0.429,0.205,0.43899999999999995,0.665,0.8270000000000002,0.471,0.209,0.9880000000000001,0.575,0.958,0.6930000000000001,0.581,0.31799999999999995,0.479,0.966,0.25399999999999995,0.921,0.61,0.8649999999999999,0.7150000000000001,0.43199999999999994,1.0,0.488,0.6729999999999999,0.0,0.0,0.0,0.975,0.975,0.5,1.0,0.99,0.975,1.0,1.0,0.0,1.0,1.0,0.975,0.9949999999999999,0.267,0.9949999999999999,0.9949999999999999,0.005,0.9949999999999999,0.25,1.0,1.0,0.0,0.9949999999999999,0.9949999999999999,0.0,0.992,0.0,0.72,0.985,1.0,0.33,0.05199999999999999,0.9949999999999999,0.49800000000000005,0.9949999999999999,0.985,0.99,0.99,0.99
59,2.32,1.357,2.482,1.4220000000000002,2.374,2.369,2.1879999999999997,2.6980000000000004,2.015,1.936,2.46,2.2380000000000004,2.731,2.103,2.521,2.463,2.473,1.109,1.86,1.0699999999999998,2.066,2.481,1.552,1.956,1.2570000000000001,2.001,2.62,2.356,1.54,2.208,1.5699999999999998,2.373,1.0849999999999997,2.246,1.2850000000000001,1.9439999999999997,2.104,2.491,2.3859999999999997,1.0370000000000001,2.153,1.087,2.0439999999999996,2.1630000000000003,2.0149999999999997,1.8369999999999997,1.0,2.213,2.9560000000000004,2.985,1.83,2.985,1.055,2.51,2.005,1.0,1.025,1.055,1.0,1.0,2.25,1.0,1.0,1.67,1.015,2.9819999999999998,1.015,1.015,1.025,2.5,2.985,1.0,1.0,2.985,2.5,1.03,2.985,1.0210000000000001,0.06,0.78,2.983,1.0,2.655,2.925,1.015,2.3729999999999998,1.03,2.96,2.985,2.985,2.985
60,1.1940000000000002,3.2730000000000006,1.031,2.6,1.607,2.2640000000000002,2.1290000000000004,1.6329999999999998,2.094,1.904,1.8850000000000002,1.858,1.092,2.48,1.455,0.959,1.6689999999999998,2.9080000000000004,2.255,3.633,2.658,0.8539999999999999,3.1289999999999996,2.607,3.905,2.3470000000000004,1.225,1.998,2.785,2.366,3.246,1.796,3.446,2.218,3.503,3.3920000000000003,1.8719999999999999,1.6060000000000003,1.451,4.143,2.3499999999999996,3.5479999999999996,2.554,2.3600000000000003,2.401,2.5729999999999995,5.0,2.3240000000000003,0.22800000000000004,1.335,1.98,0.015,4.87,2.275,2.495,3.175,4.945,4.87,5.0,2.25,2.0,2.305,2.9,4.89,4.97,1.551,4.97,2.275,5.0,2.25,0.8,5.0,5.0,0.015,2.25,2.79,2.25,5.0,0.015,0.08299999999999999,2.3340000000000005,2.2550000000000003,1.335,0.251,4.945,2.124,2.7,4.915,4.92,1.8,2.25
61,2.197,1.37,2.3689999999999998,1.187,2.319,2.305,1.677,2.614,2.056,2.179,2.409,2.126,2.705,2.1719999999999997,2.515,2.1879999999999997,2.4389999999999996,1.068,1.862,1.051,2.299,2.4709999999999996,1.3519999999999999,1.9400000000000002,1.3560000000000003,2.0490000000000004,2.561,2.257,1.737,1.9300000000000002,1.886,2.418,1.1320000000000001,2.247,1.0630000000000002,1.999,1.847,2.4549999999999996,2.332,1.096,2.1100000000000003,1.0550000000000002,1.8310000000000002,2.0770000000000004,2.128,2.082,1.0,2.218,2.841,2.925,1.8050000000000002,2.925,0.9949999999999999,0.9949999999999999,1.9449999999999998,1.0,0.99,0.9949999999999999,1.0,1.0,2.205,1.0,1.0,1.94,0.9949999999999999,2.9219999999999997,0.9949999999999999,0.9949999999999999,1.01,0.9949999999999999,2.93,1.0,1.0,2.925,0.9949999999999999,0.9949999999999999,2.925,0.992,0.0,0.7499999999999999,0.985,1.0,2.605,2.881,0.9949999999999999,2.332,0.9949999999999999,2.94,0.99,0.99,0.99
62,1.4240000000000002,0.9869999999999999,1.92,0.915,1.3760000000000001,1.0239999999999998,0.842,0.674,0.9199999999999999,1.155,1.128,0.8370000000000001,1.6079999999999999,1.266,1.396,1.582,0.9870000000000001,0.975,0.954,0.9789999999999999,1.029,1.7240000000000002,0.96,0.968,0.9099999999999999,0.9410000000000001,1.4619999999999997,0.889,0.89,0.675,0.829,1.3059999999999998,0.991,0.9179999999999999,0.985,0.909,1.0230000000000001,1.42,1.362,0.992,1.1989999999999998,0.9709999999999999,0.8400000000000001,0.866,0.727,0.9810000000000001,1.0,0.967,0.6809999999999999,2.925,1.7450000000000003,2.925,1.035,1.035,1.985,1.0,0.99,1.035,1.0,1.0,1.9,1.0,1.0,0.985,0.9949999999999999,2.904,0.9949999999999999,0.9949999999999999,1.045,0.9949999999999999,1.78,1.0,1.0,2.925,0.9949999999999999,0.9949999999999999,2.925,0.993,0.0,0.748,1.005,1.0,0.33,2.648,0.9949999999999999,0.497,0.9949999999999999,0.985,0.99,0.99,0.99
63,1.6460000000000001,0.9890000000000001,0.9100000000000001,1.003,0.7000000000000001,0.688,0.8219999999999998,0.623,0.765,0.665,0.678,0.722,0.605,0.933,0.43400000000000005,0.462,0.5830000000000001,1.043,0.671,1.063,0.593,0.36,0.869,0.695,0.877,0.653,0.306,0.552,0.7899999999999999,0.799,0.46099999999999997,0.362,1.045,0.623,0.9890000000000001,0.6599999999999999,0.644,0.413,0.609,1.02,0.377,0.9400000000000001,0.603,0.842,0.7929999999999999,0.627,1.068,0.595,0.641,2.207,0.125,1.8,1.11,1.03,1.555,1.095,1.045,1.03,1.1,1.6949999999999998,0.09,1.9899999999999998,1.06,2.47,1.07,1.486,1.07,1.86,1.06,1.825,3.0,1.06,1.06,1.7100000000000002,3.0,3.0,3.0,1.055,0.015,0.76,1.03,1.025,0.445,0.387,1.045,0.558,1.045,1.04,1.04,2.8180000000000005,3.0
64,3.6729999999999996,1.585,1.29,1.9459999999999997,1.386,1.7899999999999998,1.9629999999999999,1.669,1.9040000000000004,1.8699999999999997,1.7779999999999998,1.9259999999999997,1.7260000000000002,2.788,2.363,2.44,2.35,2.8289999999999997,2.7969999999999997,3.067,2.6180000000000003,2.341,2.6350000000000002,1.972,2.3199999999999994,1.8210000000000004,1.659,1.8050000000000002,2.102,1.989,2.001,1.793,2.327,1.693,1.3850000000000002,0.635,0.499,0.349,0.834,1.082,0.271,0.869,0.766,0.776,0.9369999999999999,0.5820000000000001,1.02,0.537,0.6779999999999999,0.02,0.02,0.015,0.99,0.99,0.515,1.015,1.005,0.99,1.02,1.015,0.02,1.02,1.02,0.9949999999999999,1.01,0.24,1.01,1.01,1.02,1.005,0.26,1.02,1.02,0.015,1.005,1.005,1.005,1.015,0.015,0.741,1.0,1.01,0.345,0.059,1.005,0.5130000000000001,1.005,1.0,1.0,1.0,1.005
65,3.3129999999999997,3.55,3.2060000000000004,3.3300000000000005,3.3369999999999997,3.224,3.351,3.153,3.4229999999999996,3.374,3.188,3.3280000000000003,3.069,3.4200000000000004,3.192,3.168,3.104,3.571,3.4539999999999997,3.8289999999999997,3.4549999999999996,3.372,3.493,3.403,3.5450000000000004,3.408,3.1670000000000003,3.1370000000000005,3.4949999999999997,3.3020000000000005,3.603,3.3009999999999997,3.732,3.5269999999999997,3.63,3.7310000000000003,3.254,3.3280000000000003,3.194,3.75,3.307,3.6599999999999993,3.286,3.1350000000000002,3.4899999999999998,3.404,3.9800000000000004,3.411,3.002,3.0,3.511,3.0,3.9259999999999997,3.0,3.4240000000000004,3.01,4.108,3.9939999999999998,3.932,3.007,3.2760000000000007,3.0420000000000003,3.0490000000000004,3.5059999999999993,4.090000000000001,3.0,3.9300000000000006,3.054,4.0280000000000005,3.0,3.0,4.2,3.872,3.0,3.0,3.0,3.0,4.029,0.075,1.432,3.006,3.081,3.139,3.027,3.0,3.461,3.0,3.7340000000000004,3.0,3.0,3.0
66,3.825,2.054,1.306,2.457,1.7749999999999997,1.795,1.8950000000000002,1.666,2.0040000000000004,1.8920000000000001,1.7830000000000001,1.8719999999999999,1.51,2.1260000000000003,1.7150000000000003,1.989,2.339,2.8400000000000003,2.816,2.3660000000000005,2.0480000000000005,1.5879999999999999,2.2920000000000003,2.005,2.357,1.858,1.6909999999999996,1.809,2.104,1.9579999999999997,1.95,1.78,2.362,2.0379999999999994,1.6940000000000002,0.772,0.9139999999999999,1.006,1.175,1.2079999999999997,0.288,0.9960000000000001,0.645,0.781,0.795,0.658,1.02,0.5120000000000001,0.683,0.02,0.02,0.015,0.99,0.99,0.515,1.015,1.005,0.99,1.02,1.015,0.02,1.02,1.02,0.9949999999999999,1.01,0.28,1.01,1.01,1.02,1.005,0.26,1.02,1.02,0.015,1.005,1.005,1.005,1.015,0.015,0.747,1.0,1.0059999999999998,0.345,0.064,1.005,0.5109999999999999,1.005,1.0,1.0,1.0,1.005
67,1.6060000000000003,1.077,2.285,1.3199999999999998,1.964,2.3520000000000003,1.9439999999999997,2.6489999999999996,1.7110000000000003,2.028,2.084,0.982,2.678,1.464,1.2189999999999999,1.564,2.4370000000000003,1.036,1.48,1.101,1.9439999999999997,2.0469999999999997,0.923,1.493,1.159,1.025,1.612,1.568,1.171,1.6669999999999998,0.9179999999999999,1.5770000000000002,1.064,1.682,0.992,0.885,1.214,1.173,2.0349999999999997,0.9869999999999999,0.263,1.0270000000000001,1.232,1.547,1.396,1.421,1.02,1.5690000000000002,2.994,2.945,1.9950000000000003,1.5,1.025,2.48,1.25,1.02,1.005,1.025,1.02,1.015,2.225,1.02,1.02,1.86,1.035,2.844,1.035,2.98,1.025,2.995,1.5,1.02,1.02,1.5,2.49,2.995,2.49,1.022,0.03,0.266,2.4720000000000004,1.002,2.635,2.846,1.035,2.374,2.995,2.495,1.02,1.5,2.49
68,0.22000000000000003,0.8210000000000001,0.16400000000000003,0.9069999999999998,0.4050000000000001,0.616,0.6329999999999999,0.364,0.7050000000000001,0.533,0.515,0.601,0.24900000000000003,0.937,0.262,0.193,0.48200000000000004,1.001,0.497,1.044,0.51,0.152,0.9040000000000001,0.583,1.011,0.5810000000000001,0.217,0.434,0.77,0.744,0.5850000000000001,0.21800000000000003,1.035,0.5229999999999999,0.978,0.8150000000000001,0.501,0.29100000000000004,0.446,1.0,0.271,0.909,0.5740000000000001,0.8680000000000001,0.702,0.5199999999999999,4.98,0.5059999999999999,0.672,0.0,0.0,0.0,0.975,0.975,0.5,1.065,0.99,0.975,4.98,1.025,0.0,1.085,1.095,0.985,0.9949999999999999,0.24300000000000002,0.9949999999999999,1.025,1.01,0.9949999999999999,0.25,4.98,4.98,0.0,0.9949999999999999,0.9949999999999999,0.0,1.01,0.0,0.702,0.985,1.049,0.33,0.05600000000000001,0.9949999999999999,0.496,0.9949999999999999,0.985,0.99,0.99,0.99
69,2.309,1.5179999999999998,2.5449999999999995,1.482,2.3850000000000002,2.054,2.124,2.69,1.956,2.165,2.445,2.246,2.739,2.21,2.604,2.5549999999999997,2.4779999999999998,1.135,1.952,1.153,2.3440000000000003,2.553,1.2109999999999999,2.1309999999999993,1.352,2.247,2.617,2.277,1.7530000000000001,2.091,2.1479999999999997,2.487,1.048,2.0069999999999997,1.2400000000000002,1.9140000000000001,2.2020000000000004,2.553,2.3850000000000002,1.048,1.988,1.064,1.448,2.263,1.2739999999999998,1.982,1.02,2.25,2.999,3.0,1.845,3.0,1.07,3.0,2.02,1.035,1.04,1.07,1.02,2.5,2.25,1.02,1.02,1.825,1.03,3.0,1.03,2.995,1.02,3.0,3.0,1.02,1.02,3.0,3.0,3.0,3.0,1.035,0.075,0.09,2.998,1.246,2.67,2.9490000000000003,3.0,2.393,3.0,2.975,3.0,3.0,3.0
70,3.7939999999999996,3.857,3.5120000000000005,3.84,3.7689999999999997,3.722,3.732,3.5420000000000003,3.632,3.718,3.5020000000000002,3.807,3.3049999999999997,3.726,3.692,3.7,3.502,3.8310000000000004,3.886,3.931,3.8729999999999998,3.6369999999999996,3.933,3.842,3.9769999999999994,3.8199999999999994,3.6670000000000003,3.7479999999999998,3.845,3.7329999999999997,4.017,3.728,3.911,3.8,3.8950000000000005,3.9270000000000005,3.6189999999999998,3.691,3.6990000000000003,3.9479999999999995,3.8519999999999994,3.87,3.8549999999999995,3.633,3.779,3.7629999999999995,4.0,3.7659999999999996,3.002,3.0,4.0,3.0,3.9900000000000007,3.0,3.5,3.01,4.0,3.9900000000000007,4.0,3.01,3.8,3.03,3.53,3.0,4.01,3.0,4.01,4.0,4.0,3.0,3.0,4.0,4.0,3.0,3.0,3.0,3.0,4.0,0.075,0.09,3.008,3.149,3.66,3.1100000000000003,3.0,3.996,3.0,3.015,3.0,3.0,3.0
71,0.156,0.7849999999999999,0.163,0.858,0.37700000000000006,0.508,0.576,0.38,0.683,0.6719999999999999,0.52,0.657,0.236,0.942,0.284,0.158,0.46299999999999997,0.977,0.497,0.9789999999999999,0.4680000000000001,0.15600000000000003,0.86,0.511,0.7909999999999999,0.45299999999999996,0.166,0.535,0.686,0.8230000000000001,0.335,0.211,0.9789999999999999,0.521,0.9259999999999999,0.648,0.5730000000000001,0.372,0.6549999999999999,0.9730000000000001,0.268,0.876,0.49499999999999994,0.773,0.747,0.473,1.0,0.51,0.694,0.0,0.0,0.0,0.975,0.975,0.5,1.0,0.99,0.975,1.0,1.0,0.0,1.0,1.0,0.985,0.9949999999999999,0.2,0.9949999999999999,0.9949999999999999,0.005,0.9949999999999999,0.25,1.0,1.0,0.0,0.9949999999999999,0.9949999999999999,0.0,0.991,0.0,0.702,0.985,1.0,0.33,0.054000000000000006,0.9949999999999999,0.496,0.9949999999999999,0.985,0.99,0.99,0.99
72,0.9710000000000001,0.619,0.18000000000000002,0.985,0.36500000000000005,0.45,0.5690000000000001,0.37500000000000006,0.756,0.5509999999999999,0.48100000000000004,0.5690000000000001,0.366,0.959,0.28300000000000003,0.192,0.5700000000000001,0.984,0.5,0.982,0.46900000000000003,0.188,0.774,0.525,0.807,0.442,0.188,0.437,0.694,0.781,0.317,0.22699999999999995,0.984,0.5189999999999999,0.9480000000000001,0.6479999999999999,0.446,0.29700000000000004,0.536,0.985,0.252,0.9720000000000001,0.563,0.858,0.6849999999999999,0.491,1.0,0.4960000000000001,0.6950000000000001,0.0,0.0,0.0,0.975,0.975,0.5,1.0,0.99,0.975,1.0,1.0,0.0,1.0,1.0,0.985,0.9949999999999999,0.282,0.9949999999999999,0.9949999999999999,0.005,0.9949999999999999,0.25,1.0,1.0,0.0,0.9949999999999999,0.9949999999999999,0.0,0.994,0.0,0.6940000000000001,0.985,1.0,0.33,0.061,0.9949999999999999,0.497,0.9949999999999999,0.985,0.99,0.99,0.99
73,3.957,4.386,3.7900000000000005,4.109999999999999,4.023999999999999,3.7960000000000003,3.9539999999999997,3.5799999999999996,3.6979999999999995,4.044,3.692,3.8120000000000003,3.286,4.014,3.836,3.9,3.614,4.095999999999999,4.374,4.45,4.356,3.778,4.394,4.106,4.688000000000001,3.96,3.7959999999999994,3.8120000000000003,4.2379999999999995,3.8520000000000003,4.4399999999999995,3.992,4.441999999999999,4.004,4.636,4.702000000000001,3.6800000000000006,3.8520000000000003,4.148,4.752000000000001,4.286,4.61,4.086,3.718000000000001,3.846,4.178,5.0,3.992,3.0,3.0,4.98,3.0,4.95,3.0,4.0,3.01,4.98,4.95,5.0,3.01,4.99,3.05,3.05,3.8600000000000003,4.99,3.0,4.99,4.0,5.0,3.0,3.0,5.0,5.0,3.0,3.0,3.0,3.0,5.0,0.075,0.09,3.01,3.13,3.66,3.0959999999999996,3.0,3.998,3.0,4.97,3.0,3.0,3.0
74,1.8959999999999997,1.306,2.496,1.4440000000000002,2.3950000000000005,2.314,2.2060000000000004,2.672,1.9240000000000002,2.211,2.5,2.2649999999999997,2.735,2.0300000000000002,2.585,2.516,2.502,1.112,1.9460000000000002,1.2890000000000001,2.335,2.5480000000000005,1.4279999999999997,2.033,1.2760000000000002,1.834,2.643,2.3229999999999995,1.653,2.018,1.7409999999999997,2.45,1.2610000000000001,2.118,1.1320000000000001,1.864,2.148,2.545,2.4059999999999997,1.048,2.194,1.034,2.064,2.1350000000000002,1.748,2.145,1.02,2.2429999999999994,2.998,3.0,1.845,3.0,1.07,3.0,2.02,1.035,1.04,1.07,1.02,2.5,2.25,1.02,1.02,3.0,1.03,3.0,1.03,2.515,1.02,3.0,3.0,1.02,1.02,3.0,3.0,3.0,3.0,1.035,0.075,0.09,2.9829999999999997,1.149,2.67,2.9400000000000004,3.0,2.4,3.0,2.975,3.0,3.0,3.0
75,1.525,1.136,2.07,1.061,1.668,1.464,1.209,1.8669999999999998,1.3090000000000002,1.5470000000000002,1.716,1.1640000000000001,2.003,1.4300000000000002,1.8989999999999998,1.9469999999999998,1.7429999999999999,1.0379999999999998,1.225,1.045,1.564,1.8820000000000001,1.081,1.362,1.071,1.4100000000000001,1.999,1.421,1.135,1.076,1.334,1.7570000000000001,1.053,1.1789999999999998,1.059,1.275,1.467,1.828,1.9260000000000002,1.027,1.5630000000000002,1.0530000000000002,1.2449999999999999,1.1260000000000001,1.0880000000000003,1.441,1.02,1.38,3.0,3.0,1.605,3.0,1.07,3.0,2.02,1.035,1.04,1.07,1.02,1.03,1.815,1.02,1.02,3.0,1.03,3.0,1.03,2.995,1.02,3.0,3.0,1.02,1.02,3.0,3.0,3.0,3.0,1.035,0.075,0.09,2.997,1.0159999999999998,1.6949999999999998,2.755,3.0,1.057,3.0,2.975,3.0,3.0,3.0
76,2.162,1.584,2.5069999999999997,1.515,2.433,2.307,1.8900000000000001,2.69,1.968,2.317,2.4509999999999996,2.279,2.745,2.029,2.585,2.5380000000000003,2.5490000000000004,1.208,1.8980000000000004,1.123,2.3609999999999998,2.594,1.25,2.249,1.522,2.241,2.6759999999999997,2.341,1.9689999999999999,2.337,1.5669999999999997,2.4690000000000003,1.1969999999999998,2.371,1.1540000000000001,2.039,2.005,2.533,2.44,1.212,2.159,1.1869999999999998,2.1550000000000002,2.468,1.765,1.8399999999999999,5.0,2.314,3.0,3.0,1.845,3.0,1.07,3.0,2.02,3.01,1.04,1.07,5.0,3.01,2.25,3.05,3.05,3.0,1.03,3.0,1.03,2.515,5.0,3.0,3.0,5.0,5.0,3.0,3.0,3.0,3.0,5.0,0.075,0.09,2.999,3.048,2.67,2.9400000000000004,3.0,2.3920000000000003,3.0,2.975,3.0,3.0,3.0
77,0.193,0.719,0.21800000000000003,0.976,0.39699999999999996,0.45999999999999996,0.5640000000000001,0.378,0.631,0.492,0.526,0.5900000000000001,0.25199999999999995,0.962,0.27999999999999997,0.209,0.466,1.0059999999999998,0.512,1.0,0.605,0.16699999999999998,0.8640000000000001,0.655,0.796,0.426,0.20500000000000002,0.414,0.723,0.8119999999999999,0.376,0.215,0.983,0.577,0.952,0.6299999999999999,0.6220000000000001,0.31399999999999995,0.44000000000000006,0.992,0.306,0.985,0.624,0.835,0.743,0.569,1.032,0.509,0.638,0.0,0.0,0.0,0.975,0.975,0.5,1.028,0.99,0.975,1.032,1.0210000000000001,0.0,1.032,1.028,1.005,1.015,0.25399999999999995,1.015,1.012,1.01,1.01,0.25,1.036,1.0239999999999998,0.0,1.01,1.01,0.0,0.998,0.0,0.718,0.985,1.011,0.33,0.05199999999999999,1.015,0.502,1.015,1.005,0.99,0.99,0.99
78,0.099,0.10900000000000001,0.089,0.10300000000000001,0.095,0.091,0.097,0.095,0.11299999999999999,0.099,0.099,0.101,0.091,0.097,0.08099999999999999,0.101,0.09100000000000001,0.119,0.10900000000000001,0.10300000000000001,0.095,0.101,0.11100000000000002,0.10700000000000001,0.119,0.10900000000000001,0.083,0.099,0.10499999999999998,0.097,0.101,0.10300000000000001,0.10899999999999999,0.097,0.11100000000000002,0.10700000000000001,0.099,0.091,0.095,0.119,0.10899999999999999,0.11299999999999999,0.11299999999999999,0.101,0.10899999999999999,0.10700000000000001,0.125,0.101,0.075,0.075,0.10500000000000001,0.075,0.075,0.075,0.075,0.085,0.10500000000000001,0.075,0.125,0.085,0.11500000000000002,0.125,0.125,0.11500000000000002,0.11500000000000002,0.075,0.11500000000000002,0.10500000000000001,0.125,0.075,0.075,0.125,0.125,0.075,0.075,0.075,0.075,0.125,0.075,0.075,0.075,0.125,0.085,0.081,0.075,0.095,0.075,0.10500000000000001,0.075,0.075,0.075
79,0.8370000000000001,0.8219999999999998,0.7830000000000001,0.8230000000000001,0.8230000000000001,0.8299999999999998,0.842,0.785,0.8539999999999999,0.8029999999999999,0.806,0.8229999999999998,0.8089999999999999,0.8240000000000001,0.813,0.825,0.789,0.8370000000000001,0.8240000000000001,0.829,0.827,0.841,0.8280000000000001,0.812,0.835,0.825,0.807,0.808,0.8219999999999998,0.82,0.844,0.835,0.817,0.828,0.8380000000000001,0.853,0.817,0.833,0.7969999999999999,0.8390000000000001,0.808,0.8470000000000001,0.845,0.8140000000000001,0.851,0.837,0.868,0.333,0.09,0.09,0.5039999999999999,0.09,0.8370000000000001,0.771,0.437,0.1,0.845,0.792,0.8699999999999999,0.795,0.14300000000000002,0.8600000000000001,0.8230000000000001,0.85,0.866,0.277,0.8720000000000001,0.176,0.852,0.09,0.09,0.852,0.844,0.09,0.09,0.09,0.09,0.868,0.075,0.09,0.091,0.168,0.233,0.092,0.09,0.32,0.804,0.8009999999999999,0.79,0.09,0.09
80,1.982,1.2670000000000001,2.5919999999999996,1.2360000000000002,2.38,2.4939999999999998,2.179,3.116,2.4189999999999996,2.3869999999999996,2.712,2.2430000000000003,3.096,2.163,2.697,2.8299999999999996,2.76,1.129,2.098,1.1010000000000002,2.558,2.7630000000000003,1.2149999999999999,1.834,1.154,1.85,2.735,2.465,1.752,2.0029999999999997,1.948,2.5439999999999996,1.1099999999999999,1.775,1.1969999999999998,1.841,2.657,2.6710000000000003,2.5330000000000004,1.0759999999999998,2.107,1.079,1.9289999999999998,2.05,1.8630000000000002,2.101,1.06,2.272,2.9909999999999997,2.9829999999999997,2.013,2.9939999999999998,1.09,2.9939999999999998,2.04,2.9829999999999997,1.06,1.09,1.06,3.008,2.3389999999999995,1.06,1.055,1.08,1.05,2.9909999999999997,1.05,2.4970000000000003,1.06,2.998,2.988,1.06,1.06,2.985,2.978,2.997,2.999,1.06,0.075,0.101,3.014,1.137,3.6380000000000003,3.085,2.943,2.4029999999999996,2.992,2.99,2.982,2.9810000000000003,2.999
81,2.412,1.623,2.54,1.9759999999999998,2.367,2.0340000000000003,2.004,2.4869999999999997,2.1390000000000002,2.227,2.44,1.905,2.632,2.189,2.3289999999999997,2.458,2.245,1.4529999999999998,2.0420000000000003,1.3699999999999999,2.2359999999999998,2.487,1.892,1.779,1.5670000000000002,2.1979999999999995,2.362,2.2140000000000004,1.716,2.1189999999999998,2.066,2.343,1.5139999999999998,2.075,1.716,1.9780000000000002,2.143,2.4899999999999998,2.254,1.279,2.0460000000000003,1.7869999999999997,2.102,2.058,2.159,1.9759999999999998,1.0,2.125,2.1,2.815,2.172,2.79,1.295,1.33,3.2920000000000003,1.0,1.106,1.263,1.0,1.0,2.28,1.0,1.0,1.12,1.035,2.606,1.051,1.067,1.529,1.2209999999999996,2.7239999999999998,1.0,1.0,2.8049999999999997,1.1239999999999999,1.081,2.793,1.076,0.0,0.10800000000000001,1.392,1.0,2.274,2.729,1.051,2.173,1.063,1.177,1.134,1.911,1.639
82,2.7969999999999997,3.2299999999999995,2.42,2.9859999999999998,2.773,2.8770000000000002,2.9130000000000003,2.601,2.777,2.753,2.657,2.8440000000000003,2.347,2.709,2.5,2.5759999999999996,2.5100000000000002,3.1310000000000002,2.994,3.2350000000000003,2.754,2.729,3.122,2.942,3.319,2.857,2.571,2.722,3.143,2.774,3.249,2.8169999999999997,3.281,2.944,3.3010000000000006,3.122,2.699,2.544,2.661,3.255,2.9650000000000007,3.226,2.904,2.879,2.811,2.9979999999999998,3.6800000000000006,2.8329999999999997,2.053,3.3299999999999996,3.66,2.01,3.6349999999999993,3.31,2.845,3.665,3.66,3.6349999999999993,3.6800000000000006,2.68,3.01,2.705,3.6800000000000006,3.62,3.6700000000000004,2.284,3.6700000000000004,2.685,3.6800000000000006,2.67,2.01,3.6800000000000006,3.6800000000000006,2.01,2.67,3.3199999999999994,2.67,3.6800000000000006,0.06,1.358,2.023,2.7039999999999997,2.34,2.101,3.655,2.854,2.67,2.685,2.01,2.01,2.67
83,3.807,4.199,3.558,3.936,3.8120000000000003,3.682,3.6990000000000003,3.3979999999999997,3.6059999999999994,3.835,3.507,3.627,3.114,3.75,3.56,3.643,3.4270000000000005,4.021,4.156000000000001,4.183000000000001,4.132,3.629,4.139,3.978,4.458,3.836,3.5409999999999995,3.6370000000000005,4.069999999999999,3.6420000000000003,4.214,3.914,4.179,3.838,4.368,4.431,3.4910000000000005,3.683,3.8340000000000005,4.499,4.1049999999999995,4.470999999999999,3.942,3.6189999999999998,3.692,3.9419999999999993,4.792,3.8600000000000003,2.8229999999999995,3.006,4.7589999999999995,2.847,4.78,3.038,3.819,3.124,4.805,4.735,4.792,2.945,4.646,2.991,3.163,4.5569999999999995,4.814,2.8720000000000003,4.794,3.0010000000000003,4.776,2.9490000000000003,2.835,4.784000000000001,4.756,2.856,2.9400000000000004,3.04,2.9349999999999996,4.802,0.066,0.362,2.85,3.0940000000000003,3.4810000000000003,2.966,4.679,3.815,2.9459999999999997,4.042,2.999,2.843,2.94
84,0.173,0.735,0.27999999999999997,0.915,0.382,0.47400000000000003,0.6,0.472,0.571,0.48600000000000004,0.56,0.679,0.314,0.985,0.30300000000000005,0.24100000000000002,0.48600000000000004,1.0100000000000002,0.535,1.002,0.496,0.192,0.865,0.7030000000000001,0.8200000000000001,0.461,0.28500000000000003,0.475,0.806,0.7190000000000001,0.366,0.259,1.002,0.523,0.9720000000000001,0.688,0.601,0.358,0.41100000000000003,1.0070000000000001,0.30199999999999994,0.9640000000000001,0.6559999999999999,0.9410000000000001,0.873,0.8459999999999999,1.02,0.5200000000000001,3.0,3.0,0.07,3.0,1.07,3.0,2.02,1.015,1.04,1.07,1.02,1.015,0.045,1.02,1.02,1.02,1.03,3.0,1.03,1.01,1.02,3.0,3.0,1.02,1.02,3.0,3.0,3.0,3.0,1.015,0.075,0.09,2.928,1.0059999999999998,0.38,0.279,3.0,0.5429999999999999,3.0,1.02,3.0,3.0,3.0
85,2.129,2.558,1.8830000000000002,2.447,2.1550000000000002,2.2190000000000003,2.287,1.959,2.259,2.206,2.0730000000000004,2.2039999999999997,1.8519999999999999,2.239,1.9780000000000002,1.9420000000000002,2.0010000000000003,2.479,2.307,2.6610000000000005,2.2560000000000002,1.9469999999999998,2.441,2.336,2.648,2.256,1.9460000000000002,2.2470000000000003,2.524,2.245,2.5349999999999997,2.104,2.6449999999999996,2.257,2.5629999999999997,2.465,2.128,2.027,2.0260000000000002,2.725,2.29,2.593,2.287,2.292,2.3,2.304,3.0119999999999996,2.265,1.562,2.4869999999999997,2.5149999999999997,1.512,2.964,2.675,2.2540000000000004,2.9989999999999997,2.9949999999999997,2.972,3.008,2.383,2.134,2.412,3.012,2.9829999999999997,2.998,1.7510000000000001,3.006,2.384,3.0159999999999996,2.3679999999999994,1.5059999999999998,3.0159999999999996,3.0119999999999996,1.503,2.385,2.8569999999999998,2.3720000000000003,3.002,0.045,1.5850000000000002,2.3630000000000004,2.2979999999999996,2.0189999999999997,1.58,2.9829999999999997,2.2489999999999997,2.979,2.5020000000000002,2.9669999999999996,1.754,2.38
86,1.8400000000000003,0.7949999999999999,2.44,0.969,1.5080000000000002,0.71,0.592,2.598,0.649,0.6769999999999999,1.737,0.747,2.6759999999999997,0.99,2.552,2.444,2.077,1.016,0.5409999999999999,1.0150000000000001,0.8620000000000001,2.5759999999999996,0.78,0.7769999999999999,0.8160000000000001,0.6519999999999999,2.6479999999999997,0.659,0.808,0.702,0.8879999999999999,2.286,1.003,0.728,1.02,0.643,0.506,2.228,1.597,1.0059999999999998,1.2570000000000001,0.97,0.702,0.8290000000000001,1.018,0.827,1.02,0.558,2.999,3.0,1.02,3.0,1.07,3.0,2.02,1.035,1.04,1.07,1.02,1.03,1.7,1.02,1.02,1.02,1.03,3.0,1.03,2.995,1.02,3.0,3.0,1.02,1.02,3.0,3.0,3.0,3.0,1.015,0.075,0.804,2.992,1.003,2.67,2.9509999999999996,3.0,0.549,3.0,1.02,3.0,3.0,3.0
87,1.3370000000000002,1.165,2.034,1.515,2.3850000000000002,1.9590000000000003,2.1350000000000002,1.6189999999999998,2.114,1.845,2.4210000000000003,2.274,1.7579999999999998,1.469,2.0010000000000003,1.109,1.738,1.3330000000000002,2.0170000000000003,1.22,2.061,2.5140000000000002,1.274,1.527,1.0050000000000001,1.3820000000000001,1.638,1.8969999999999998,1.1030000000000002,1.9460000000000002,1.682,0.643,1.1769999999999998,0.9189999999999999,1.1400000000000001,1.691,2.3209999999999997,1.6200000000000003,2.416,1.483,1.8549999999999998,1.103,1.7559999999999998,2.058,1.098,1.3719999999999999,1.06,1.5429999999999997,2.9739999999999998,2.96,1.83,0.045,1.025,1.015,0.545,1.055,1.045,1.025,1.06,2.985,0.065,2.99,1.06,1.04,1.05,0.8390000000000001,1.05,2.495,1.06,2.975,2.965,1.06,1.06,0.045,2.975,2.975,2.975,1.055,0.03,0.726,2.965,1.012,2.635,1.2269999999999999,1.045,2.007,1.045,2.97,1.04,1.515,2.975
88,2.4069999999999996,0.818,2.8199999999999994,0.9369999999999999,2.383,0.6699999999999999,0.719,1.8259999999999998,0.696,1.2269999999999999,1.9140000000000001,1.0230000000000001,3.168,1.015,2.812,2.609,2.4,1.0290000000000001,0.7470000000000001,1.024,0.778,2.692,0.882,0.673,0.727,1.063,1.8039999999999998,1.3119999999999998,0.778,0.812,0.747,1.972,1.029,0.762,1.0299999999999998,0.7689999999999999,0.663,3.1599999999999997,2.308,0.994,1.2690000000000001,1.0,0.646,1.1260000000000001,1.049,0.6910000000000001,1.04,0.634,3.0,3.0,0.07,3.0,1.09,3.0,2.88,3.01,1.04,1.09,1.04,3.01,0.07,1.04,1.04,1.04,1.05,3.0,1.05,1.045,1.04,3.0,3.0,1.04,1.04,3.0,3.0,3.0,3.0,1.04,0.075,0.79,3.0119999999999996,1.004,3.66,2.884,3.0,0.572,3.0,1.04,3.0,3.0,3.0
89,3.2359999999999998,1.311,2.945,2.984,3.1689999999999996,3.2969999999999997,3.02,3.414,3.3600000000000003,3.0230000000000006,3.1370000000000005,3.508,3.274,2.8890000000000002,3.4300000000000006,3.3229999999999995,3.151,1.7269999999999999,3.0540000000000003,1.291,3.172,3.248,1.718,3.072,1.569,2.758,3.2920000000000003,3.3540000000000005,2.535,3.271,2.5420000000000003,3.1470000000000002,1.6199999999999999,2.899,2.1109999999999998,2.057,3.373,3.335,3.0799999999999996,1.1320000000000001,2.748,1.179,3.0940000000000003,3.2359999999999998,1.512,2.681,1.04,3.1830000000000003,3.0,3.0,2.32,3.0,1.09,3.0,2.04,3.01,1.06,1.09,1.04,3.01,2.8,1.04,1.04,2.838,1.05,3.0,1.05,4.0,1.04,3.0,3.0,1.04,1.04,3.0,3.0,3.0,3.0,1.04,0.075,0.09,3.011,2.8409999999999997,3.66,3.103,3.0,3.6239999999999997,3.0,3.965,3.0,3.0,3.0
90,1.959,1.404,2.363,1.33,2.416,2.38,2.053,2.6870000000000003,2.0759999999999996,2.165,2.455,2.242,2.767,2.188,2.526,2.495,2.5460000000000003,1.2109999999999999,1.8380000000000003,1.27,2.104,2.5660000000000003,1.165,1.996,1.3139999999999998,1.6809999999999998,2.6979999999999995,2.31,1.799,2.29,2.0460000000000003,2.478,1.167,2.147,1.136,1.8519999999999999,2.3310000000000004,2.539,2.3890000000000002,1.098,2.177,1.117,1.6650000000000003,2.19,1.489,1.9939999999999998,1.04,2.268,2.999,3.0,1.845,3.0,1.07,3.0,2.02,3.01,1.04,1.07,1.04,3.01,2.25,1.04,1.04,3.0,1.03,3.0,1.03,2.515,1.04,3.0,3.0,1.04,1.04,3.0,3.0,3.0,3.0,1.04,0.075,0.09,2.999,1.684,2.67,2.94,3.0,2.385,3.0,2.975,3.0,3.0,3.0
